video,frame_id,timestamp_sec,person_count,density_pct,density_change_rate,mean_motion_speed,max_motion_speed,direction_variance,flow_irregularity,heuristic_risk_score,heuristic_risk_level,ground_truth_risk_level,ground_truth_person_count,latency_ms
seq_01_normal_flow.mp4,0,0.0,18,23.6,0.0,0.0,0.0,0.0,0.0,12.0,NORMAL,NORMAL,22,3344.46
seq_01_normal_flow.mp4,1,0.05,18,23.7,0.0,1.0,1.77,0.023,2.2,12.6,NORMAL,NORMAL,22,183.04
seq_01_normal_flow.mp4,2,0.1,18,23.7,0.0,0.97,1.72,0.06,5.3,12.9,NORMAL,NORMAL,22,95.38
seq_01_normal_flow.mp4,3,0.15,18,23.7,0.0,0.94,1.56,0.051,4.8,13.0,NORMAL,NORMAL,22,96.98
seq_01_normal_flow.mp4,4,0.2,18,23.8,0.0,0.98,1.56,0.026,2.2,13.1,NORMAL,NORMAL,22,95.2
seq_01_normal_flow.mp4,5,0.25,18,23.8,0.0,0.93,1.44,0.065,5.3,13.2,NORMAL,NORMAL,22,100.36
seq_01_normal_flow.mp4,6,0.3,18,23.8,0.0,0.89,1.56,0.084,7.7,13.3,NORMAL,NORMAL,22,129.82
seq_01_normal_flow.mp4,7,0.35,18,23.9,0.0,0.87,1.17,0.011,1.0,13.2,NORMAL,NORMAL,22,126.12
seq_01_normal_flow.mp4,8,0.4,18,23.9,0.0,0.93,1.47,0.053,5.0,13.3,NORMAL,NORMAL,22,123.5
seq_01_normal_flow.mp4,9,0.45,18,24.0,0.0,0.97,1.54,0.03,3.1,13.4,NORMAL,NORMAL,22,125.54
seq_01_normal_flow.mp4,10,0.5,18,24.0,0.33,0.93,1.81,0.068,5.8,13.5,NORMAL,NORMAL,22,125.27
seq_01_normal_flow.mp4,11,0.55,18,24.0,0.32,1.01,1.84,0.053,4.8,13.6,NORMAL,NORMAL,22,123.77
seq_01_normal_flow.mp4,12,0.6,18,24.2,0.44,0.9,1.5,0.087,7.6,13.7,NORMAL,NORMAL,22,162.76
seq_01_normal_flow.mp4,13,0.65,18,24.2,0.42,0.91,1.56,0.063,5.6,13.7,NORMAL,NORMAL,22,127.95
seq_01_normal_flow.mp4,14,0.7,18,24.2,0.41,0.91,1.53,0.065,5.5,13.8,NORMAL,NORMAL,22,112.52
seq_01_normal_flow.mp4,15,0.75,18,24.2,0.42,0.92,1.44,0.068,5.8,13.9,NORMAL,NORMAL,22,113.94
seq_01_normal_flow.mp4,16,0.8,18,24.3,0.35,0.95,1.49,0.042,3.7,13.9,NORMAL,NORMAL,22,109.83
seq_01_normal_flow.mp4,17,0.85,19,24.7,0.82,0.98,1.49,0.052,5.1,14.1,NORMAL,NORMAL,22,106.51
seq_01_normal_flow.mp4,18,0.9,19,24.9,0.89,0.89,1.42,0.065,5.7,14.2,NORMAL,NORMAL,22,105.54
seq_01_normal_flow.mp4,19,0.95,19,24.9,0.84,0.91,1.37,0.024,2.4,14.1,NORMAL,NORMAL,22,112.04
seq_01_normal_flow.mp4,20,1.0,19,24.9,0.86,0.85,1.24,0.012,1.0,14.2,NORMAL,NORMAL,22,116.76
seq_01_normal_flow.mp4,21,1.05,19,24.9,0.7,0.93,1.21,0.098,8.7,14.3,NORMAL,NORMAL,22,107.25
seq_01_normal_flow.mp4,22,1.1,19,25.0,0.83,0.92,1.52,0.053,4.5,14.3,NORMAL,NORMAL,22,103.84
seq_01_normal_flow.mp4,23,1.15,19,25.0,0.8,0.9,1.4,0.029,2.6,14.4,NORMAL,NORMAL,22,103.63
seq_01_normal_flow.mp4,24,1.2,19,25.0,0.76,0.91,1.44,0.061,5.5,14.4,NORMAL,NORMAL,22,97.41
seq_01_normal_flow.mp4,25,1.25,19,25.1,0.81,0.93,1.56,0.066,5.5,14.5,NORMAL,NORMAL,22,98.51
seq_01_normal_flow.mp4,26,1.3,18,23.9,-0.82,1.24,6.56,0.061,18.1,14.4,NORMAL,NORMAL,22,98.04
seq_01_normal_flow.mp4,27,1.35,18,24.0,-0.88,1.01,1.74,0.019,1.8,14.2,NORMAL,NORMAL,22,103.6
seq_01_normal_flow.mp4,28,1.4,18,24.0,-0.81,0.99,1.7,0.057,4.9,14.1,NORMAL,NORMAL,22,105.21
seq_01_normal_flow.mp4,29,1.45,18,24.0,-0.86,0.96,1.53,0.065,5.7,13.9,NORMAL,NORMAL,22,104.51
seq_01_normal_flow.mp4,30,1.5,17,24.0,-0.89,0.9,1.6,0.056,4.9,13.8,NORMAL,NORMAL,22,103.8
seq_01_normal_flow.mp4,31,1.55,17,24.0,-1.01,0.96,1.55,0.047,4.2,13.8,NORMAL,NORMAL,22,102.31
seq_01_normal_flow.mp4,32,1.6,17,24.0,-1.07,0.98,1.49,0.066,6.0,13.8,NORMAL,NORMAL,22,101.41
seq_01_normal_flow.mp4,33,1.65,17,24.0,-0.99,0.88,1.57,0.069,5.9,13.8,NORMAL,NORMAL,22,101.21
seq_01_normal_flow.mp4,34,1.7,18,24.0,-1.1,0.89,1.46,0.056,4.9,13.8,NORMAL,NORMAL,22,102.79
seq_01_normal_flow.mp4,35,1.75,17,24.1,0.18,0.95,1.59,0.04,3.4,13.7,NORMAL,NORMAL,22,98.22
seq_01_normal_flow.mp4,36,1.8,17,24.1,0.09,0.94,1.65,0.071,6.5,13.7,NORMAL,NORMAL,22,99.0
seq_01_normal_flow.mp4,37,1.85,18,23.9,-0.1,0.93,1.61,0.065,6.2,13.7,NORMAL,NORMAL,22,98.53
seq_01_normal_flow.mp4,38,1.9,18,23.9,-0.11,0.92,1.57,0.054,4.3,13.7,NORMAL,NORMAL,22,98.64
seq_01_normal_flow.mp4,39,1.95,18,23.9,-0.1,1.0,1.58,0.049,4.9,13.7,NORMAL,NORMAL,22,97.88
seq_01_normal_flow.mp4,40,2.0,18,23.9,-0.07,0.91,1.35,0.049,4.9,13.7,NORMAL,NORMAL,22,100.56
seq_01_normal_flow.mp4,41,2.05,17,23.8,-0.13,0.95,1.5,0.049,4.2,13.7,NORMAL,NORMAL,22,102.21
seq_01_normal_flow.mp4,42,2.1,17,23.8,-0.24,0.91,1.36,0.053,4.5,13.7,NORMAL,NORMAL,22,104.1
seq_01_normal_flow.mp4,43,2.15,17,23.8,-0.12,0.99,1.52,0.053,5.0,13.7,NORMAL,NORMAL,22,98.25
seq_01_normal_flow.mp4,44,2.2,17,23.8,-0.3,0.89,1.71,0.042,4.0,13.7,NORMAL,NORMAL,22,96.75
seq_01_normal_flow.mp4,45,2.25,17,23.8,-0.28,0.9,1.31,0.067,5.8,13.7,NORMAL,NORMAL,22,96.81
seq_01_normal_flow.mp4,46,2.3,17,23.8,-0.16,0.88,1.23,0.023,2.0,13.6,NORMAL,NORMAL,22,99.06
seq_01_normal_flow.mp4,47,2.35,17,23.8,-0.08,0.97,1.61,0.039,4.1,13.6,NORMAL,NORMAL,22,107.21
seq_01_normal_flow.mp4,48,2.4,17,23.8,-0.07,0.88,1.38,0.106,8.3,13.6,NORMAL,NORMAL,22,105.17
seq_01_normal_flow.mp4,49,2.45,17,23.8,-0.14,0.91,1.3,0.059,5.1,13.6,NORMAL,NORMAL,22,107.76
seq_01_normal_flow.mp4,50,2.5,17,23.8,-0.07,0.93,1.6,0.016,1.6,13.6,NORMAL,NORMAL,22,109.09
seq_01_normal_flow.mp4,51,2.55,17,23.8,-0.01,0.96,1.57,0.045,4.3,13.6,NORMAL,NORMAL,22,99.65
seq_01_normal_flow.mp4,52,2.6,17,23.8,-0.07,0.98,1.59,0.076,6.8,13.6,NORMAL,NORMAL,22,97.31
seq_01_normal_flow.mp4,53,2.65,17,23.7,-0.08,0.93,1.67,0.027,2.3,13.6,NORMAL,NORMAL,22,98.07
seq_01_normal_flow.mp4,54,2.7,17,23.8,0.01,1.02,1.71,0.055,4.7,13.6,NORMAL,NORMAL,22,98.36
seq_01_normal_flow.mp4,55,2.75,17,23.8,0.01,0.92,1.57,0.067,6.3,13.6,NORMAL,NORMAL,22,101.34
seq_01_normal_flow.mp4,56,2.8,17,23.8,-0.07,0.95,1.5,0.059,4.9,13.6,NORMAL,NORMAL,22,99.3
seq_01_normal_flow.mp4,57,2.85,17,23.7,-0.1,0.88,1.24,0.038,3.6,13.6,NORMAL,NORMAL,22,101.34
seq_01_normal_flow.mp4,58,2.9,17,23.7,-0.04,0.9,1.46,0.058,5.6,13.6,NORMAL,NORMAL,22,100.03
seq_01_normal_flow.mp4,59,2.95,16,22.4,-1.33,1.58,12.08,0.027,8.2,13.8,NORMAL,NORMAL,22,99.1
seq_01_normal_flow.mp4,60,3.0,16,22.4,-1.35,0.88,1.43,0.105,9.0,13.7,NORMAL,NORMAL,22,102.04
seq_01_normal_flow.mp4,61,3.05,15,21.2,-2.53,1.15,4.68,0.058,6.5,13.7,NORMAL,NORMAL,22,105.19
seq_01_normal_flow.mp4,62,3.1,15,21.2,-2.55,0.97,1.77,0.053,5.1,13.7,NORMAL,NORMAL,22,105.57
seq_01_normal_flow.mp4,63,3.15,15,21.2,-2.55,0.95,1.56,0.075,6.2,13.7,NORMAL,NORMAL,22,103.18
seq_01_normal_flow.mp4,64,3.2,15,21.2,-2.62,0.92,1.45,0.055,5.2,13.7,NORMAL,NORMAL,22,107.91
seq_01_normal_flow.mp4,65,3.25,14,20.1,-3.63,1.51,11.64,0.103,21.9,13.7,NORMAL,NORMAL,22,126.08
seq_01_normal_flow.mp4,66,3.3,14,20.1,-3.58,0.9,1.47,0.044,3.8,13.7,NORMAL,NORMAL,22,143.78
seq_01_normal_flow.mp4,67,3.35,14,20.1,-3.6,0.95,1.4,0.038,3.5,13.7,NORMAL,NORMAL,22,118.14
seq_01_normal_flow.mp4,68,3.4,13,19.1,-3.37,1.53,18.16,0.129,35.2,13.7,NORMAL,NORMAL,22,112.99
seq_01_normal_flow.mp4,69,3.45,13,19.0,-3.41,0.92,1.41,0.056,5.3,13.6,NORMAL,NORMAL,22,111.89
seq_01_normal_flow.mp4,70,3.5,13,19.1,-2.17,0.89,1.46,0.06,5.2,13.5,NORMAL,NORMAL,22,109.82
seq_01_normal_flow.mp4,71,3.55,12,16.4,-4.79,0.87,1.28,0.012,1.1,13.4,NORMAL,NORMAL,22,117.91
seq_01_normal_flow.mp4,72,3.6,12,16.4,-4.87,0.91,1.44,0.112,10.5,13.3,NORMAL,NORMAL,22,100.44
seq_01_normal_flow.mp4,73,3.65,12,16.4,-4.79,0.94,1.38,0.023,2.4,13.3,NORMAL,NORMAL,22,99.0
seq_01_normal_flow.mp4,74,3.7,12,16.4,-3.73,0.85,1.4,0.02,1.9,13.2,NORMAL,NORMAL,22,102.91
seq_01_normal_flow.mp4,75,3.75,12,16.4,-3.78,0.98,1.49,0.061,5.5,13.2,NORMAL,NORMAL,22,102.82
seq_01_normal_flow.mp4,76,3.8,12,16.4,-3.74,0.94,1.65,0.055,4.7,13.1,NORMAL,NORMAL,22,97.34
seq_01_normal_flow.mp4,77,3.85,13,17.5,-1.51,1.27,7.39,0.025,3.0,13.1,NORMAL,NORMAL,22,103.95
seq_01_normal_flow.mp4,78,3.9,12,16.4,-2.55,1.57,13.27,0.085,17.1,13.0,NORMAL,NORMAL,22,114.11
seq_01_normal_flow.mp4,79,3.95,12,16.4,-2.67,1.0,1.56,0.031,3.2,13.0,NORMAL,NORMAL,22,115.02
seq_01_normal_flow.mp4,80,4.0,12,16.4,-0.0,0.94,1.47,0.08,7.0,13.0,NORMAL,NORMAL,22,118.15
seq_01_normal_flow.mp4,81,4.05,12,16.4,0.02,0.91,1.58,0.029,2.8,12.9,NORMAL,NORMAL,22,104.13
seq_01_normal_flow.mp4,82,4.1,12,16.4,0.02,0.86,1.22,0.071,6.5,12.9,NORMAL,NORMAL,22,98.9
seq_01_normal_flow.mp4,83,4.15,12,16.4,-0.01,0.91,1.66,0.038,3.9,12.8,NORMAL,NORMAL,22,104.57
seq_01_normal_flow.mp4,84,4.2,12,16.3,-0.02,0.95,1.8,0.068,5.3,12.9,NORMAL,NORMAL,22,100.3
seq_01_normal_flow.mp4,85,4.25,12,16.4,-0.03,0.92,1.46,0.093,7.8,12.9,NORMAL,NORMAL,22,101.66
seq_01_normal_flow.mp4,86,4.3,12,16.4,-1.17,0.99,1.67,0.039,3.6,12.8,NORMAL,NORMAL,22,98.9
seq_01_normal_flow.mp4,87,4.35,12,16.4,-0.04,0.97,1.99,0.082,6.9,12.7,NORMAL,NORMAL,22,99.83
seq_01_normal_flow.mp4,88,4.4,11,14.6,-1.8,0.96,1.6,0.089,7.3,12.7,NORMAL,NORMAL,22,104.54
seq_01_normal_flow.mp4,89,4.45,12,16.4,0.05,0.9,1.54,0.053,4.5,12.6,NORMAL,NORMAL,22,101.65
seq_01_normal_flow.mp4,90,4.5,11,14.6,-1.77,0.91,1.46,0.061,5.4,12.6,NORMAL,NORMAL,22,99.67
seq_01_normal_flow.mp4,91,4.55,11,14.6,-1.76,0.98,1.63,0.052,5.4,12.6,NORMAL,NORMAL,22,99.72
seq_01_normal_flow.mp4,92,4.6,11,14.6,-1.75,0.9,1.17,0.02,2.0,12.5,NORMAL,NORMAL,22,99.54
seq_01_normal_flow.mp4,93,4.65,11,14.6,-1.7,0.89,1.47,0.066,5.5,12.5,NORMAL,NORMAL,22,99.83
seq_01_normal_flow.mp4,94,4.7,15,18.0,1.66,1.3,8.56,0.05,5.3,12.5,NORMAL,NORMAL,22,99.23
seq_01_normal_flow.mp4,95,4.75,15,18.0,1.65,0.91,1.57,0.088,7.7,12.4,NORMAL,NORMAL,22,100.83
seq_01_normal_flow.mp4,96,4.8,15,18.0,1.62,0.89,1.47,0.064,6.8,12.4,NORMAL,NORMAL,22,101.31
seq_01_normal_flow.mp4,97,4.85,15,18.0,3.42,0.9,1.22,0.016,1.6,12.4,NORMAL,NORMAL,22,98.3
seq_01_normal_flow.mp4,98,4.9,15,18.0,1.59,0.89,1.28,0.07,5.9,12.7,NORMAL,NORMAL,22,100.11
seq_01_normal_flow.mp4,99,4.95,15,18.0,3.4,0.96,1.64,0.062,5.6,13.1,NORMAL,NORMAL,22,100.93
seq_01_normal_flow.mp4,100,5.0,15,18.0,3.38,0.91,1.45,0.061,5.6,13.6,NORMAL,NORMAL,22,98.41
seq_01_normal_flow.mp4,101,5.05,15,18.0,3.38,0.95,1.52,0.036,3.3,14.1,NORMAL,NORMAL,22,108.59
seq_01_normal_flow.mp4,102,5.1,15,18.0,3.38,1.05,1.94,0.029,2.9,14.7,NORMAL,NORMAL,22,104.47
seq_01_normal_flow.mp4,103,5.15,15,18.0,0.0,0.99,1.7,0.072,6.3,14.8,NORMAL,NORMAL,22,119.29
seq_01_normal_flow.mp4,104,5.2,16,19.1,1.1,1.27,5.83,0.022,3.3,14.7,NORMAL,NORMAL,22,152.87
seq_01_normal_flow.mp4,105,5.25,17,20.3,2.3,1.03,2.06,0.072,9.6,14.8,NORMAL,NORMAL,22,125.22
seq_01_normal_flow.mp4,106,5.3,17,20.3,2.3,0.89,1.41,0.066,5.9,14.9,NORMAL,NORMAL,22,113.8
seq_01_normal_flow.mp4,107,5.35,17,20.3,2.3,1.0,1.59,0.047,4.6,14.8,NORMAL,NORMAL,22,129.96
seq_01_normal_flow.mp4,108,5.4,17,20.3,2.3,0.89,1.46,0.047,4.3,14.8,NORMAL,NORMAL,22,129.07
seq_01_normal_flow.mp4,109,5.45,17,20.3,2.3,1.04,1.71,0.035,3.6,14.7,NORMAL,NORMAL,22,109.13
seq_01_normal_flow.mp4,110,5.5,17,20.3,2.3,0.92,1.51,0.057,5.1,14.6,NORMAL,NORMAL,22,105.33
seq_01_normal_flow.mp4,111,5.55,16,20.5,2.46,0.98,1.78,0.056,5.0,14.4,NORMAL,NORMAL,22,101.86
seq_01_normal_flow.mp4,112,5.6,16,20.5,2.49,0.97,1.75,0.048,4.1,14.3,NORMAL,NORMAL,22,102.05
seq_01_normal_flow.mp4,113,5.65,16,20.5,1.34,0.97,1.71,0.074,6.7,14.4,NORMAL,NORMAL,22,101.36
seq_01_normal_flow.mp4,114,5.7,17,24.1,3.77,0.91,1.47,0.049,5.0,14.7,NORMAL,NORMAL,22,98.13
seq_01_normal_flow.mp4,115,5.75,18,24.2,3.88,0.93,1.42,0.059,4.9,14.8,NORMAL,NORMAL,22,97.67
seq_01_normal_flow.mp4,116,5.8,18,24.2,3.88,0.92,1.56,0.056,4.9,15.0,NORMAL,NORMAL,22,96.43
seq_01_normal_flow.mp4,117,5.85,18,24.2,3.88,0.97,1.38,0.024,2.5,15.2,NORMAL,NORMAL,22,92.85
seq_01_normal_flow.mp4,118,5.9,19,24.1,3.81,0.97,1.4,0.069,6.5,15.3,NORMAL,NORMAL,22,96.39
seq_01_normal_flow.mp4,119,5.95,19,24.2,3.86,0.92,1.5,0.045,4.0,15.5,NORMAL,NORMAL,22,100.65
seq_01_normal_flow.mp4,120,6.0,18,24.2,3.73,0.95,1.62,0.021,2.1,15.6,NORMAL,NORMAL,22,101.58
seq_01_normal_flow.mp4,121,6.05,17,22.9,2.41,1.17,7.66,0.075,13.5,15.6,NORMAL,NORMAL,22,103.56
seq_01_normal_flow.mp4,122,6.1,18,23.0,2.49,0.94,1.29,0.065,5.9,15.6,NORMAL,NORMAL,22,100.01
seq_01_normal_flow.mp4,123,6.15,19,24.0,-0.1,1.2,8.23,0.029,6.2,15.5,NORMAL,NORMAL,22,102.08
seq_01_normal_flow.mp4,124,6.2,19,24.0,-0.21,0.9,1.51,0.033,3.1,15.1,NORMAL,NORMAL,22,101.39
seq_01_normal_flow.mp4,125,6.25,19,24.0,-0.17,0.9,1.48,0.046,4.2,14.6,NORMAL,NORMAL,22,107.95
seq_01_normal_flow.mp4,126,6.3,19,24.0,-0.17,0.93,1.53,0.083,7.2,14.2,NORMAL,NORMAL,22,103.68
seq_01_normal_flow.mp4,127,6.35,19,24.1,-0.08,0.97,1.85,0.031,2.6,13.8,NORMAL,NORMAL,22,106.23
seq_01_normal_flow.mp4,128,6.4,19,24.1,-0.1,0.97,1.59,0.059,5.6,13.4,NORMAL,NORMAL,22,101.22
seq_01_normal_flow.mp4,129,6.45,18,21.4,-2.78,1.37,6.99,0.092,23.6,12.7,NORMAL,NORMAL,22,104.77
seq_01_normal_flow.mp4,130,6.5,17,21.5,-1.41,0.97,1.62,0.066,5.1,12.1,NORMAL,NORMAL,22,114.75
seq_01_normal_flow.mp4,131,6.55,17,21.6,-1.39,0.96,1.65,0.039,3.8,12.1,NORMAL,NORMAL,22,100.18
seq_01_normal_flow.mp4,132,6.6,17,21.6,-2.43,0.91,1.27,0.051,5.0,12.0,NORMAL,NORMAL,22,96.29
seq_01_normal_flow.mp4,133,6.65,17,21.6,-2.43,0.94,1.38,0.055,5.1,12.0,NORMAL,NORMAL,22,101.92
seq_01_normal_flow.mp4,134,6.7,17,21.6,-2.48,0.91,1.45,0.064,5.6,12.0,NORMAL,NORMAL,22,102.12
seq_01_normal_flow.mp4,135,6.75,17,21.5,-2.5,0.95,1.44,0.027,2.7,12.0,NORMAL,NORMAL,22,107.31
seq_01_normal_flow.mp4,136,6.8,17,21.5,-2.52,0.92,1.57,0.059,4.8,11.9,NORMAL,NORMAL,22,104.28
seq_01_normal_flow.mp4,137,6.85,19,22.6,-1.44,1.28,8.78,0.076,9.4,12.0,NORMAL,NORMAL,22,104.3
seq_01_normal_flow.mp4,138,6.9,19,22.6,1.2,0.89,1.55,0.109,9.3,11.9,NORMAL,NORMAL,22,107.37
seq_01_normal_flow.mp4,139,6.95,19,22.7,1.14,0.87,1.38,0.088,7.4,11.9,NORMAL,NORMAL,22,101.59
seq_01_normal_flow.mp4,140,7.0,19,22.6,1.08,0.92,1.42,0.033,2.7,11.9,NORMAL,NORMAL,22,99.83
seq_01_normal_flow.mp4,141,7.05,19,22.6,1.08,0.89,1.51,0.069,6.8,11.9,NORMAL,NORMAL,22,97.76
seq_01_normal_flow.mp4,142,7.1,19,22.6,1.08,0.99,1.63,0.042,3.5,11.9,NORMAL,NORMAL,22,97.56
seq_01_normal_flow.mp4,143,7.15,19,22.6,1.08,0.89,1.34,0.045,3.8,11.9,NORMAL,NORMAL,22,97.72
seq_01_normal_flow.mp4,144,7.2,19,22.6,1.1,0.96,1.62,0.059,5.3,12.0,NORMAL,NORMAL,22,100.02
seq_01_normal_flow.mp4,145,7.25,19,22.6,1.1,0.86,1.5,0.087,7.7,12.4,NORMAL,NORMAL,22,97.83
seq_01_normal_flow.mp4,146,7.3,18,22.8,0.13,0.87,1.18,0.04,3.7,12.7,NORMAL,NORMAL,22,100.19
seq_01_normal_flow.mp4,147,7.35,18,22.8,0.16,0.92,1.48,0.027,2.5,12.9,NORMAL,NORMAL,22,96.77
seq_01_normal_flow.mp4,148,7.4,19,22.6,-0.01,0.87,1.15,0.08,7.5,12.7,NORMAL,NORMAL,22,100.7
seq_01_normal_flow.mp4,149,7.45,18,21.4,-1.2,1.17,5.72,0.072,24.1,12.5,NORMAL,NORMAL,22,102.42
seq_01_normal_flow.mp4,150,7.5,17,21.6,-1.04,0.94,1.53,0.031,2.7,12.3,NORMAL,NORMAL,22,101.7
seq_01_normal_flow.mp4,151,7.55,17,21.6,-1.04,0.92,1.57,0.051,4.5,12.0,NORMAL,NORMAL,22,98.65
seq_01_normal_flow.mp4,152,7.6,17,21.6,-1.04,0.99,1.91,0.054,5.0,11.9,NORMAL,NORMAL,22,98.73
seq_01_normal_flow.mp4,153,7.65,17,21.6,-1.04,0.93,1.78,0.044,3.6,11.8,NORMAL,NORMAL,22,96.83
seq_01_normal_flow.mp4,154,7.7,17,21.6,-1.06,1.02,1.72,0.057,5.3,11.8,NORMAL,NORMAL,22,95.98
seq_01_normal_flow.mp4,155,7.75,17,21.6,-1.14,0.97,1.52,0.034,3.0,11.8,NORMAL,NORMAL,22,97.09
seq_01_normal_flow.mp4,156,7.8,19,22.7,-0.07,1.25,9.61,0.029,4.8,12.0,NORMAL,NORMAL,22,96.56
seq_01_normal_flow.mp4,157,7.85,18,21.6,-1.02,1.52,12.19,0.08,21.3,12.1,NORMAL,NORMAL,22,94.43
seq_01_normal_flow.mp4,158,7.9,17,21.8,0.37,0.85,1.28,0.044,3.9,12.0,NORMAL,NORMAL,22,94.08
seq_01_normal_flow.mp4,159,7.95,17,21.8,0.21,0.94,1.53,0.031,3.2,12.0,NORMAL,NORMAL,22,101.32
seq_01_normal_flow.mp4,160,8.0,17,21.8,0.21,0.97,1.77,0.078,6.3,12.0,NORMAL,NORMAL,22,101.19
seq_01_normal_flow.mp4,161,8.05,17,21.8,0.19,0.95,1.51,0.03,3.0,12.0,NORMAL,NORMAL,22,108.76
seq_01_normal_flow.mp4,162,8.1,17,22.9,1.26,1.33,12.51,0.108,29.7,12.0,NORMAL,NORMAL,22,99.04
seq_01_normal_flow.mp4,163,8.15,18,23.0,1.38,0.93,1.51,0.093,8.2,12.1,NORMAL,NORMAL,22,94.88
seq_01_normal_flow.mp4,164,8.2,18,23.0,1.33,0.94,1.63,0.071,6.3,12.3,NORMAL,NORMAL,22,99.01
seq_01_normal_flow.mp4,165,8.25,18,22.9,0.2,0.9,1.49,0.052,4.4,12.4,NORMAL,NORMAL,22,113.82
seq_01_normal_flow.mp4,166,8.3,19,24.3,2.65,1.15,6.56,0.063,13.7,12.6,NORMAL,NORMAL,22,98.38
seq_01_normal_flow.mp4,167,8.35,19,24.3,2.46,0.95,1.4,0.037,3.9,13.0,NORMAL,NORMAL,22,95.46
seq_01_normal_flow.mp4,168,8.4,19,24.3,2.46,0.9,1.37,0.031,2.7,13.2,NORMAL,NORMAL,22,97.78
seq_01_normal_flow.mp4,169,8.45,18,24.0,2.14,0.91,1.5,0.084,7.4,13.5,NORMAL,NORMAL,22,98.5
seq_01_normal_flow.mp4,170,8.5,18,24.1,2.26,0.93,1.48,0.03,2.7,13.7,NORMAL,NORMAL,22,101.24
seq_01_normal_flow.mp4,171,8.55,17,23.9,1.02,0.95,1.5,0.023,2.2,13.8,NORMAL,NORMAL,22,99.95
seq_01_normal_flow.mp4,172,8.6,18,24.0,1.03,0.91,1.26,0.063,6.1,13.8,NORMAL,NORMAL,22,99.63
seq_01_normal_flow.mp4,173,8.65,16,21.7,-1.25,0.86,1.26,0.055,4.5,13.6,NORMAL,NORMAL,22,98.39
seq_01_normal_flow.mp4,174,8.7,17,23.8,0.9,0.94,1.52,0.052,4.7,13.6,NORMAL,NORMAL,22,100.04
seq_01_normal_flow.mp4,175,8.75,17,23.7,-0.54,0.89,1.47,0.058,5.5,13.5,NORMAL,NORMAL,22,106.29
seq_01_normal_flow.mp4,176,8.8,16,21.7,-2.57,0.95,1.5,0.023,1.9,13.0,NORMAL,NORMAL,22,100.68
seq_01_normal_flow.mp4,177,8.85,16,21.7,-2.63,1.01,1.9,0.025,2.4,12.5,NORMAL,NORMAL,22,98.59
seq_01_normal_flow.mp4,178,8.9,16,24.5,0.56,0.94,1.69,0.05,5.2,12.3,NORMAL,NORMAL,22,101.53
seq_01_normal_flow.mp4,179,8.95,17,21.4,-2.64,0.99,1.57,0.04,3.8,12.2,NORMAL,NORMAL,22,98.82
seq_01_normal_flow.mp4,180,9.0,16,21.7,-2.17,0.97,1.52,0.031,2.9,12.2,NORMAL,NORMAL,22,97.88
seq_01_normal_flow.mp4,181,9.05,16,21.7,-2.29,0.95,1.64,0.06,5.2,12.3,NORMAL,NORMAL,22,96.93
seq_01_normal_flow.mp4,182,9.1,15,23.2,1.45,1.19,6.09,0.079,11.5,12.4,NORMAL,NORMAL,22,97.45
seq_01_normal_flow.mp4,183,9.15,15,23.1,-0.7,0.92,1.43,0.026,2.7,12.4,NORMAL,NORMAL,22,97.88
seq_01_normal_flow.mp4,184,9.2,14,22.8,-0.91,0.94,1.5,0.039,3.5,12.4,NORMAL,NORMAL,22,100.89
seq_01_normal_flow.mp4,185,9.25,14,22.8,1.13,0.97,1.6,0.054,4.6,12.5,NORMAL,NORMAL,22,98.05
seq_01_normal_flow.mp4,186,9.3,14,22.8,1.14,0.92,1.66,0.034,3.0,12.5,NORMAL,NORMAL,22,99.03
seq_01_normal_flow.mp4,187,9.35,15,22.1,-2.37,0.96,1.58,0.066,5.6,12.5,NORMAL,NORMAL,22,101.65
seq_01_normal_flow.mp4,188,9.4,15,22.9,1.44,0.93,1.8,0.096,10.6,12.6,NORMAL,NORMAL,22,98.4
seq_01_normal_flow.mp4,189,9.45,15,22.9,1.15,0.91,1.42,0.071,6.1,12.6,NORMAL,NORMAL,22,99.54
seq_01_normal_flow.mp4,190,9.5,14,23.3,1.58,0.91,1.46,0.044,4.6,12.8,NORMAL,NORMAL,22,103.35
seq_01_normal_flow.mp4,191,9.55,15,22.8,-0.36,0.93,1.53,0.032,3.0,13.0,NORMAL,NORMAL,22,108.84
seq_01_normal_flow.mp4,192,9.6,15,21.9,-1.2,1.01,1.97,0.098,13.0,12.8,NORMAL,NORMAL,22,102.85
seq_01_normal_flow.mp4,193,9.65,14,22.3,-0.57,0.95,1.32,0.034,3.5,12.8,NORMAL,NORMAL,22,99.5
seq_01_normal_flow.mp4,194,9.7,16,21.6,-1.29,0.98,1.61,0.047,4.2,12.8,NORMAL,NORMAL,22,97.15
seq_01_normal_flow.mp4,195,9.75,16,21.6,-1.19,0.89,1.24,0.041,3.8,12.7,NORMAL,NORMAL,22,98.8
seq_01_normal_flow.mp4,196,9.8,16,21.6,-0.57,0.88,1.52,0.029,2.5,12.7,NORMAL,NORMAL,22,96.8
seq_01_normal_flow.mp4,197,9.85,15,20.2,-2.64,1.71,15.78,0.133,46.2,12.9,NORMAL,NORMAL,22,97.49
seq_01_normal_flow.mp4,198,9.9,15,20.2,-2.66,0.91,1.32,0.067,6.0,12.9,NORMAL,NORMAL,22,97.52
seq_01_normal_flow.mp4,199,9.95,13,17.6,-5.72,1.83,12.58,0.119,29.7,13.1,NORMAL,NORMAL,22,99.03
seq_01_normal_flow_a.mp4,0,0.0,18,23.8,0.99,9.07,27.93,0.862,87.2,17.6,NORMAL,NORMAL,22,96.05
seq_01_normal_flow_a.mp4,1,0.05,18,23.8,1.82,0.99,1.5,0.071,6.2,17.8,NORMAL,NORMAL,22,95.42
seq_01_normal_flow_a.mp4,2,0.1,18,23.7,1.41,0.95,1.8,0.043,3.5,17.7,NORMAL,NORMAL,22,97.05
seq_01_normal_flow_a.mp4,3,0.15,18,23.6,2.06,1.01,1.59,0.026,2.6,17.7,NORMAL,NORMAL,22,99.26
seq_01_normal_flow_a.mp4,4,0.2,18,23.7,2.06,1.02,1.76,0.046,4.8,17.8,NORMAL,NORMAL,22,100.19
seq_01_normal_flow_a.mp4,5,0.25,18,23.7,2.09,0.99,1.61,0.064,5.6,18.0,NORMAL,NORMAL,22,109.77
seq_01_normal_flow_a.mp4,6,0.3,17,20.7,0.47,0.94,1.75,0.023,2.5,17.4,NORMAL,NORMAL,22,117.17
seq_01_normal_flow_a.mp4,7,0.35,18,23.8,3.61,0.96,1.43,0.033,3.1,17.0,NORMAL,NORMAL,22,101.57
seq_01_normal_flow_a.mp4,8,0.4,18,23.9,6.34,0.95,1.63,0.027,2.6,16.6,NORMAL,NORMAL,22,99.98
seq_01_normal_flow_a.mp4,9,0.45,18,23.9,0.15,0.97,1.48,0.062,5.6,15.5,NORMAL,NORMAL,22,97.63
seq_01_normal_flow_a.mp4,10,0.5,17,20.8,-2.91,0.95,1.65,0.03,3.0,15.0,NORMAL,NORMAL,22,99.72
seq_01_normal_flow_a.mp4,11,0.55,19,24.0,0.33,0.95,1.6,0.063,5.9,14.9,NORMAL,NORMAL,22,97.37
seq_01_normal_flow_a.mp4,12,0.6,19,24.1,0.44,0.97,1.49,0.042,4.0,14.8,NORMAL,NORMAL,22,97.01
seq_01_normal_flow_a.mp4,13,0.65,19,24.1,0.45,0.95,1.69,0.044,4.2,14.7,NORMAL,NORMAL,22,96.39
seq_01_normal_flow_a.mp4,14,0.7,19,24.1,0.46,0.98,1.59,0.047,4.3,14.5,NORMAL,NORMAL,22,98.13
seq_01_normal_flow_a.mp4,15,0.75,19,24.2,3.49,0.93,1.55,0.033,2.9,14.6,NORMAL,NORMAL,22,97.15
seq_01_normal_flow_a.mp4,16,0.8,19,24.1,0.32,1.0,1.62,0.083,6.4,14.6,NORMAL,NORMAL,22,100.14
seq_01_normal_flow_a.mp4,17,0.85,19,24.2,0.36,1.0,1.57,0.043,4.1,14.3,NORMAL,NORMAL,22,98.62
seq_01_normal_flow_a.mp4,18,0.9,19,24.3,0.38,0.95,1.45,0.045,4.4,13.6,NORMAL,NORMAL,22,100.85
seq_01_normal_flow_a.mp4,19,0.95,19,24.3,3.46,0.92,1.4,0.053,4.8,14.0,NORMAL,NORMAL,22,97.67
seq_01_normal_flow_a.mp4,20,1.0,19,24.4,0.37,0.94,1.38,0.041,3.9,14.3,NORMAL,NORMAL,22,97.92
seq_01_normal_flow_a.mp4,21,1.05,19,24.4,0.37,0.9,1.43,0.068,6.7,14.3,NORMAL,NORMAL,22,97.75
seq_01_normal_flow_a.mp4,22,1.1,19,24.4,0.32,0.92,1.34,0.031,3.0,14.3,NORMAL,NORMAL,22,109.91
seq_01_normal_flow_a.mp4,23,1.15,19,24.5,0.39,0.9,1.26,0.035,3.5,14.3,NORMAL,NORMAL,22,100.36
seq_01_normal_flow_a.mp4,24,1.2,19,24.6,0.41,0.95,1.57,0.066,6.0,14.3,NORMAL,NORMAL,22,103.3
seq_01_normal_flow_a.mp4,25,1.25,19,24.6,0.48,0.93,1.46,0.041,4.2,14.0,NORMAL,NORMAL,22,111.26
seq_01_normal_flow_a.mp4,26,1.3,19,24.7,0.43,0.94,1.49,0.028,2.3,14.0,NORMAL,NORMAL,22,111.17
seq_01_normal_flow_a.mp4,27,1.35,19,24.8,0.49,0.98,1.58,0.062,5.3,14.0,NORMAL,NORMAL,22,99.52
seq_01_normal_flow_a.mp4,28,1.4,20,24.6,0.3,1.01,1.68,0.035,3.4,14.0,NORMAL,NORMAL,22,106.8
seq_01_normal_flow_a.mp4,29,1.45,20,24.6,0.24,1.02,1.66,0.055,5.0,13.7,NORMAL,NORMAL,22,103.84
seq_01_normal_flow_a.mp4,30,1.5,20,24.6,0.15,0.99,1.73,0.046,4.1,13.7,NORMAL,NORMAL,22,105.03
seq_01_normal_flow_a.mp4,31,1.55,20,24.6,0.19,0.93,1.44,0.031,2.9,13.7,NORMAL,NORMAL,22,107.0
seq_01_normal_flow_a.mp4,32,1.6,20,24.6,0.11,0.99,1.66,0.062,5.5,13.7,NORMAL,NORMAL,22,123.7
seq_01_normal_flow_a.mp4,33,1.65,20,24.7,0.08,0.94,1.43,0.053,4.4,13.7,NORMAL,NORMAL,22,116.84
seq_01_normal_flow_a.mp4,34,1.7,20,24.7,0.07,0.98,1.52,0.025,2.4,13.7,NORMAL,NORMAL,22,107.54
seq_01_normal_flow_a.mp4,35,1.75,20,24.7,0.04,0.91,1.75,0.037,3.5,13.6,NORMAL,NORMAL,22,104.34
seq_01_normal_flow_a.mp4,36,1.8,20,24.7,-0.12,1.0,1.81,0.049,4.5,13.6,NORMAL,NORMAL,22,104.96
seq_01_normal_flow_a.mp4,37,1.85,20,24.7,0.12,0.94,1.52,0.042,4.2,13.6,NORMAL,NORMAL,22,100.27
seq_01_normal_flow_a.mp4,38,1.9,20,24.8,0.19,0.94,1.6,0.071,6.2,13.5,NORMAL,NORMAL,22,99.43
seq_01_normal_flow_a.mp4,39,1.95,20,24.8,0.21,1.0,1.61,0.036,3.7,13.5,NORMAL,NORMAL,22,99.08
seq_01_normal_flow_a.mp4,40,2.0,19,23.7,-0.93,1.2,6.17,0.083,15.1,13.5,NORMAL,NORMAL,22,98.53
seq_01_normal_flow_a.mp4,41,2.05,19,23.7,-0.91,0.99,1.56,0.027,2.5,13.5,NORMAL,NORMAL,22,97.36
seq_01_normal_flow_a.mp4,42,2.1,19,23.7,-0.96,0.95,1.3,0.041,4.0,13.4,NORMAL,NORMAL,22,100.49
seq_01_normal_flow_a.mp4,43,2.15,19,23.8,-0.92,0.89,1.51,0.045,4.2,13.4,NORMAL,NORMAL,22,98.33
seq_01_normal_flow_a.mp4,44,2.2,18,22.7,-2.05,1.24,7.14,0.058,12.2,13.5,NORMAL,NORMAL,22,96.71
seq_01_normal_flow_a.mp4,45,2.25,17,21.7,-3.03,1.81,24.4,0.067,23.9,13.7,NORMAL,NORMAL,22,96.33
seq_01_normal_flow_a.mp4,46,2.3,17,21.6,-3.08,0.97,1.48,0.093,8.5,13.7,NORMAL,NORMAL,22,97.54
seq_01_normal_flow_a.mp4,47,2.35,17,21.7,-3.11,0.91,1.27,0.047,4.2,13.7,NORMAL,NORMAL,22,96.96
seq_01_normal_flow_a.mp4,48,2.4,17,21.7,-3.08,0.96,1.56,0.051,4.5,13.7,NORMAL,NORMAL,22,96.36
seq_01_normal_flow_a.mp4,49,2.45,17,21.8,-1.96,0.96,1.48,0.025,2.4,13.6,NORMAL,NORMAL,22,96.86
seq_01_normal_flow_a.mp4,50,2.5,17,21.8,-1.92,0.89,1.32,0.056,5.5,13.5,NORMAL,NORMAL,22,96.91
seq_01_normal_flow_a.mp4,51,2.55,17,21.8,-1.9,0.96,1.52,0.027,2.4,13.5,NORMAL,NORMAL,22,97.18
seq_01_normal_flow_a.mp4,52,2.6,16,20.0,-3.76,0.99,1.58,0.049,4.1,13.5,NORMAL,NORMAL,22,105.88
seq_01_normal_flow_a.mp4,53,2.65,16,20.0,-2.66,1.03,1.63,0.041,3.4,13.5,NORMAL,NORMAL,22,101.94
seq_01_normal_flow_a.mp4,54,2.7,16,20.0,-1.65,1.0,1.57,0.028,2.9,13.4,NORMAL,NORMAL,22,107.9
seq_01_normal_flow_a.mp4,55,2.75,16,20.1,-1.58,0.96,1.71,0.059,5.3,13.4,NORMAL,NORMAL,22,106.64
seq_01_normal_flow_a.mp4,56,2.8,16,20.1,-1.61,0.99,1.58,0.05,4.7,13.4,NORMAL,NORMAL,22,103.09
seq_01_normal_flow_a.mp4,57,2.85,16,20.1,-1.62,0.97,1.57,0.031,2.8,13.3,NORMAL,NORMAL,22,98.41
seq_01_normal_flow_a.mp4,58,2.9,16,20.1,-1.65,1.01,1.63,0.041,4.1,13.3,NORMAL,NORMAL,22,104.37
seq_01_normal_flow_a.mp4,59,2.95,16,20.1,-1.67,0.93,1.62,0.018,1.6,13.3,NORMAL,NORMAL,22,98.45
seq_01_normal_flow_a.mp4,60,3.0,18,22.4,0.61,0.93,1.39,0.086,8.0,13.3,NORMAL,NORMAL,22,100.68
seq_01_normal_flow_a.mp4,61,3.05,18,22.4,2.41,0.98,1.82,0.021,2.0,13.3,NORMAL,NORMAL,22,112.25
seq_01_normal_flow_a.mp4,62,3.1,18,22.5,2.47,0.95,1.56,0.052,4.8,13.3,NORMAL,NORMAL,22,106.16
seq_01_normal_flow_a.mp4,63,3.15,18,22.4,2.43,0.97,1.6,0.064,5.6,13.3,NORMAL,NORMAL,22,101.5
seq_01_normal_flow_a.mp4,64,3.2,18,22.5,2.41,0.96,1.6,0.062,5.6,13.5,NORMAL,NORMAL,22,102.04
seq_01_normal_flow_a.mp4,65,3.25,18,22.5,2.41,1.04,1.94,0.036,3.4,14.0,NORMAL,NORMAL,22,95.65
seq_01_normal_flow_a.mp4,66,3.3,18,22.5,2.38,0.94,1.46,0.044,4.4,14.4,NORMAL,NORMAL,22,99.07
seq_01_normal_flow_a.mp4,67,3.35,19,22.9,2.78,0.96,1.4,0.04,3.5,14.8,NORMAL,NORMAL,22,99.92
seq_01_normal_flow_a.mp4,68,3.4,19,22.9,2.77,0.94,1.59,0.074,5.8,15.3,NORMAL,NORMAL,22,97.17
seq_01_normal_flow_a.mp4,69,3.45,18,21.9,-0.55,1.38,9.4,0.054,16.2,15.5,NORMAL,NORMAL,22,98.13
seq_01_normal_flow_a.mp4,70,3.5,18,21.9,-0.55,1.0,1.49,0.041,4.0,15.4,NORMAL,NORMAL,22,100.23
seq_01_normal_flow_a.mp4,71,3.55,18,21.9,-0.61,0.92,1.26,0.039,3.4,15.0,NORMAL,NORMAL,22,101.71
seq_01_normal_flow_a.mp4,72,3.6,18,21.9,-0.58,0.91,1.31,0.088,7.9,14.7,NORMAL,NORMAL,22,110.03
seq_01_normal_flow_a.mp4,73,3.65,18,21.9,-0.61,0.97,1.52,0.028,2.7,14.4,NORMAL,NORMAL,22,109.08
seq_01_normal_flow_a.mp4,74,3.7,18,21.9,-0.61,0.9,1.24,0.061,5.8,14.0,NORMAL,NORMAL,22,109.24
seq_01_normal_flow_a.mp4,75,3.75,18,21.9,-0.61,0.94,1.29,0.035,2.9,13.7,NORMAL,NORMAL,22,107.1
seq_01_normal_flow_a.mp4,76,3.8,18,21.9,-1.02,0.89,1.51,0.074,7.3,13.3,NORMAL,NORMAL,22,99.3
seq_01_normal_flow_a.mp4,77,3.85,18,21.9,-1.04,1.0,1.58,0.039,3.4,13.3,NORMAL,NORMAL,22,95.29
seq_01_normal_flow_a.mp4,78,3.9,18,21.9,0.0,0.99,1.45,0.039,3.1,13.2,NORMAL,NORMAL,22,94.0
seq_01_normal_flow_a.mp4,79,3.95,17,20.7,-1.2,1.46,8.66,0.084,19.0,13.2,NORMAL,NORMAL,22,95.92
seq_01_normal_flow_a.mp4,80,4.0,17,20.6,-1.22,1.0,1.6,0.031,3.2,13.2,NORMAL,NORMAL,22,96.27
seq_01_normal_flow_a.mp4,81,4.05,17,20.7,-1.2,1.06,1.71,0.032,3.2,13.2,NORMAL,NORMAL,22,97.21
seq_01_normal_flow_a.mp4,82,4.1,17,20.7,-1.17,0.97,1.43,0.033,2.9,13.2,NORMAL,NORMAL,22,114.33
seq_01_normal_flow_a.mp4,83,4.15,17,20.7,-1.2,0.95,1.49,0.05,4.7,13.2,NORMAL,NORMAL,22,125.74
seq_01_normal_flow_a.mp4,84,4.2,18,21.8,-0.09,1.3,8.99,0.05,3.3,13.3,NORMAL,NORMAL,22,119.75
seq_01_normal_flow_a.mp4,85,4.25,18,21.8,-0.1,0.98,1.49,0.051,5.0,13.3,NORMAL,NORMAL,22,122.42
seq_01_normal_flow_a.mp4,86,4.3,19,22.9,1.01,1.17,4.48,0.046,7.3,13.4,NORMAL,NORMAL,22,118.88
seq_01_normal_flow_a.mp4,87,4.35,19,22.9,1.01,0.93,1.47,0.04,4.3,13.3,NORMAL,NORMAL,22,103.62
seq_01_normal_flow_a.mp4,88,4.4,19,22.9,2.19,0.96,1.68,0.046,4.1,13.3,NORMAL,NORMAL,22,100.43
seq_01_normal_flow_a.mp4,89,4.45,19,22.9,2.21,0.97,1.7,0.051,5.2,13.4,NORMAL,NORMAL,22,101.66
seq_01_normal_flow_a.mp4,90,4.5,19,22.9,2.19,0.98,1.68,0.019,1.8,13.7,NORMAL,NORMAL,22,99.96
seq_01_normal_flow_a.mp4,91,4.55,19,22.8,2.15,0.96,1.49,0.07,6.5,14.1,NORMAL,NORMAL,22,98.33
seq_01_normal_flow_a.mp4,92,4.6,19,22.8,2.18,0.92,1.35,0.047,4.2,14.4,NORMAL,NORMAL,22,101.17
seq_01_normal_flow_a.mp4,93,4.65,19,22.8,1.06,0.94,1.56,0.068,6.2,14.7,NORMAL,NORMAL,22,98.29
seq_01_normal_flow_a.mp4,94,4.7,19,22.8,1.06,0.97,1.6,0.032,3.0,14.8,NORMAL,NORMAL,22,98.43
seq_01_normal_flow_a.mp4,95,4.75,19,22.8,-0.05,0.98,1.53,0.063,5.3,14.8,NORMAL,NORMAL,22,95.83
seq_01_normal_flow_a.mp4,96,4.8,19,22.8,-0.05,0.95,1.34,0.027,2.6,14.7,NORMAL,NORMAL,22,98.25
seq_01_normal_flow_a.mp4,97,4.85,19,22.8,-0.05,0.95,1.28,0.044,4.7,14.6,NORMAL,NORMAL,22,98.29
seq_01_normal_flow_a.mp4,98,4.9,19,22.8,-0.05,0.92,1.53,0.035,3.2,14.3,NORMAL,NORMAL,22,98.27
seq_01_normal_flow_a.mp4,99,4.95,19,22.8,-0.06,1.01,1.58,0.051,5.3,14.1,NORMAL,NORMAL,22,101.19
seq_01_normal_flow_a.mp4,100,5.0,19,22.8,-0.05,0.96,1.49,0.011,1.0,13.7,NORMAL,NORMAL,22,97.07
seq_01_normal_flow_a.mp4,101,5.05,20,23.8,0.97,1.34,6.76,0.095,19.0,13.6,NORMAL,NORMAL,22,96.26
seq_01_normal_flow_a.mp4,102,5.1,20,23.8,0.96,0.96,1.52,0.039,3.6,13.4,NORMAL,NORMAL,22,97.55
seq_01_normal_flow_a.mp4,103,5.15,20,23.8,0.97,1.0,1.63,0.03,3.0,13.5,NORMAL,NORMAL,22,100.37
seq_01_normal_flow_a.mp4,104,5.2,20,23.8,0.97,1.02,1.64,0.024,2.4,13.5,NORMAL,NORMAL,22,97.9
seq_01_normal_flow_a.mp4,105,5.25,20,23.8,0.96,1.05,1.78,0.05,4.8,13.6,NORMAL,NORMAL,22,94.81
seq_01_normal_flow_a.mp4,106,5.3,20,23.8,0.97,1.02,1.66,0.017,1.5,13.8,NORMAL,NORMAL,22,96.32
seq_01_normal_flow_a.mp4,107,5.35,20,23.8,0.97,0.93,1.51,0.033,3.7,13.9,NORMAL,NORMAL,22,94.14
seq_01_normal_flow_a.mp4,108,5.4,20,23.8,1.0,0.92,1.36,0.077,6.4,14.0,NORMAL,NORMAL,22,95.84
seq_01_normal_flow_a.mp4,109,5.45,20,23.8,1.0,0.95,1.55,0.042,3.8,14.1,NORMAL,NORMAL,22,92.86
seq_01_normal_flow_a.mp4,110,5.5,20,23.8,-0.05,1.01,1.59,0.026,2.7,14.0,NORMAL,NORMAL,22,97.49
seq_01_normal_flow_a.mp4,111,5.55,20,23.7,-0.09,1.01,1.53,0.043,4.2,13.9,NORMAL,NORMAL,22,95.49
seq_01_normal_flow_a.mp4,112,5.6,20,23.7,-0.09,0.95,1.55,0.058,5.3,13.8,NORMAL,NORMAL,22,101.4
seq_01_normal_flow_a.mp4,113,5.65,19,22.6,-1.21,1.08,3.93,0.085,11.2,13.5,NORMAL,NORMAL,22,115.18
seq_01_normal_flow_a.mp4,114,5.7,19,22.6,-1.19,0.94,1.66,0.035,3.0,13.3,NORMAL,NORMAL,22,103.11
seq_01_normal_flow_a.mp4,115,5.75,19,22.5,-1.26,1.45,8.41,0.101,21.1,13.1,NORMAL,NORMAL,22,101.21
seq_01_normal_flow_a.mp4,116,5.8,19,22.4,-1.41,0.98,1.54,0.052,4.3,13.0,NORMAL,NORMAL,22,96.66
seq_01_normal_flow_a.mp4,117,5.85,19,22.3,-1.45,0.93,1.35,0.059,5.8,13.0,NORMAL,NORMAL,22,99.97
seq_01_normal_flow_a.mp4,118,5.9,19,22.3,-1.45,0.99,1.58,0.037,3.5,13.0,NORMAL,NORMAL,22,96.44
seq_01_normal_flow_a.mp4,119,5.95,19,22.3,-1.48,0.98,1.65,0.065,6.0,13.0,NORMAL,NORMAL,22,96.76
seq_01_normal_flow_a.mp4,120,6.0,19,22.3,-1.41,0.96,1.55,0.052,5.0,13.1,NORMAL,NORMAL,22,96.98
seq_01_normal_flow_a.mp4,121,6.05,19,22.3,-1.41,0.97,1.37,0.036,3.5,13.1,NORMAL,NORMAL,22,98.51
seq_01_normal_flow_a.mp4,122,6.1,19,22.1,-0.44,0.94,1.49,0.054,5.2,13.0,NORMAL,NORMAL,22,100.27
seq_01_normal_flow_a.mp4,123,6.15,20,23.2,0.6,1.13,4.77,0.052,5.2,13.0,NORMAL,NORMAL,22,97.12
seq_01_normal_flow_a.mp4,124,6.2,20,23.2,0.64,0.91,1.36,0.04,3.9,13.0,NORMAL,NORMAL,22,103.92
seq_01_normal_flow_a.mp4,125,6.25,20,23.2,0.79,0.95,1.31,0.051,4.9,13.0,NORMAL,NORMAL,22,102.72
seq_01_normal_flow_a.mp4,126,6.3,20,23.2,0.81,0.93,1.44,0.039,3.5,13.0,NORMAL,NORMAL,22,99.44
seq_01_normal_flow_a.mp4,127,6.35,20,23.7,1.38,1.89,17.01,0.101,34.7,13.0,NORMAL,NORMAL,22,97.41
seq_01_normal_flow_a.mp4,128,6.4,20,23.7,1.44,0.95,1.39,0.077,6.5,13.1,NORMAL,NORMAL,22,99.83
seq_01_normal_flow_a.mp4,129,6.45,20,23.8,1.46,1.01,1.77,0.035,3.3,13.4,NORMAL,NORMAL,22,97.75
seq_01_normal_flow_a.mp4,130,6.5,20,23.7,1.44,1.0,1.53,0.028,2.8,13.8,NORMAL,NORMAL,22,99.24
seq_01_normal_flow_a.mp4,131,6.55,20,23.7,1.58,1.01,1.59,0.06,5.3,14.1,NORMAL,NORMAL,22,102.38
seq_01_normal_flow_a.mp4,132,6.6,20,23.7,0.54,0.98,1.85,0.037,3.2,14.2,NORMAL,NORMAL,22,103.7
seq_01_normal_flow_a.mp4,133,6.65,19,22.7,-0.45,1.22,7.95,0.063,16.3,14.1,NORMAL,NORMAL,22,96.62
seq_01_normal_flow_a.mp4,134,6.7,19,22.7,-0.45,0.92,1.52,0.019,1.9,14.1,NORMAL,NORMAL,22,99.03
seq_01_normal_flow_a.mp4,135,6.75,19,22.7,-0.46,0.99,1.7,0.036,3.5,13.9,NORMAL,NORMAL,22,99.75
seq_01_normal_flow_a.mp4,136,6.8,19,22.7,-1.03,0.95,1.59,0.08,7.2,13.6,NORMAL,NORMAL,22,102.47
seq_01_normal_flow_a.mp4,137,6.85,18,21.6,-2.12,1.28,7.36,0.049,13.1,13.1,NORMAL,NORMAL,22,103.27
seq_01_normal_flow_a.mp4,138,6.9,18,21.6,-2.15,0.94,1.53,0.057,5.7,12.9,NORMAL,NORMAL,22,100.64
seq_01_normal_flow_a.mp4,139,6.95,18,21.6,-2.13,0.95,1.64,0.077,6.7,12.9,NORMAL,NORMAL,22,104.23
seq_01_normal_flow_a.mp4,140,7.0,17,20.4,-3.33,1.31,8.04,0.074,17.2,12.9,NORMAL,NORMAL,22,103.01
seq_01_normal_flow_a.mp4,141,7.05,17,20.4,-3.31,0.94,1.88,0.053,4.6,12.9,NORMAL,NORMAL,22,100.27
seq_01_normal_flow_a.mp4,142,7.1,17,20.4,-2.32,0.9,1.32,0.031,3.2,12.8,NORMAL,NORMAL,22,104.53
seq_01_normal_flow_a.mp4,143,7.15,17,20.4,-2.32,0.91,1.23,0.029,2.3,12.8,NORMAL,NORMAL,22,107.78
seq_01_normal_flow_a.mp4,144,7.2,17,20.4,-2.32,0.93,1.35,0.102,9.2,12.8,NORMAL,NORMAL,22,111.05
seq_01_normal_flow_a.mp4,145,7.25,17,20.4,-2.32,0.93,1.62,0.036,2.9,12.8,NORMAL,NORMAL,22,101.5
seq_01_normal_flow_a.mp4,146,7.3,17,20.4,-1.22,0.91,1.46,0.066,6.3,12.8,NORMAL,NORMAL,22,98.69
seq_01_normal_flow_a.mp4,147,7.35,16,19.3,-2.32,2.47,32.72,0.112,27.6,12.9,NORMAL,NORMAL,22,100.4
seq_01_normal_flow_a.mp4,148,7.4,16,19.3,-2.32,0.94,1.47,0.058,6.0,12.9,NORMAL,NORMAL,22,100.1
seq_01_normal_flow_a.mp4,149,7.45,16,19.3,-1.13,0.89,1.39,0.034,3.0,12.9,NORMAL,NORMAL,22,101.4
seq_01_normal_flow_a.mp4,150,7.5,16,19.3,-1.15,0.91,1.25,0.039,4.0,12.8,NORMAL,NORMAL,22,98.57
seq_01_normal_flow_a.mp4,151,7.55,16,19.9,-0.45,1.2,9.5,0.027,2.7,12.8,NORMAL,NORMAL,22,96.72
seq_01_normal_flow_a.mp4,152,7.6,16,20.0,-0.43,0.96,1.71,0.039,3.6,12.9,NORMAL,NORMAL,22,98.68
seq_01_normal_flow_a.mp4,153,7.65,16,19.9,-0.45,0.95,1.5,0.044,3.3,12.9,NORMAL,NORMAL,22,101.46
seq_01_normal_flow_a.mp4,154,7.7,16,19.9,-0.45,0.95,1.48,0.093,7.6,12.9,NORMAL,NORMAL,22,107.12
seq_01_normal_flow_a.mp4,155,7.75,17,21.2,0.83,1.33,6.91,0.038,3.9,13.0,NORMAL,NORMAL,22,106.57
seq_01_normal_flow_a.mp4,156,7.8,17,21.2,1.94,0.99,1.57,0.026,2.4,12.8,NORMAL,NORMAL,22,99.86
seq_01_normal_flow_a.mp4,157,7.85,17,21.2,1.88,0.95,1.63,0.058,5.8,12.8,NORMAL,NORMAL,22,97.75
seq_01_normal_flow_a.mp4,158,7.9,17,21.1,1.86,0.91,1.3,0.041,3.6,13.0,NORMAL,NORMAL,22,96.53
seq_01_normal_flow_a.mp4,159,7.95,17,21.1,1.86,0.94,1.54,0.022,2.2,13.4,NORMAL,NORMAL,22,98.58
seq_01_normal_flow_a.mp4,160,8.0,17,21.1,1.17,0.96,1.55,0.06,5.6,13.6,NORMAL,NORMAL,22,100.29
seq_01_normal_flow_a.mp4,161,8.05,17,21.1,1.14,0.97,1.78,0.049,4.3,13.8,NORMAL,NORMAL,22,99.75
seq_01_normal_flow_a.mp4,162,8.1,17,21.1,1.14,0.92,1.48,0.053,5.0,13.9,NORMAL,NORMAL,22,100.58
seq_01_normal_flow_a.mp4,163,8.15,16,20.0,0.04,1.07,2.39,0.058,7.4,14.0,NORMAL,NORMAL,22,98.08
seq_01_normal_flow_a.mp4,164,8.2,16,19.9,-1.28,0.99,1.59,0.062,5.8,13.9,NORMAL,NORMAL,22,100.36
seq_01_normal_flow_a.mp4,165,8.25,16,19.9,-1.27,0.94,1.44,0.054,4.7,13.6,NORMAL,NORMAL,22,95.27
seq_01_normal_flow_a.mp4,166,8.3,16,19.9,-1.25,0.94,1.59,0.042,3.7,13.3,NORMAL,NORMAL,22,98.72
seq_01_normal_flow_a.mp4,167,8.35,16,19.9,-1.21,0.92,1.49,0.059,5.7,12.9,NORMAL,NORMAL,22,100.3
seq_01_normal_flow_a.mp4,168,8.4,16,19.9,-1.25,0.92,1.3,0.044,3.5,12.7,NORMAL,NORMAL,22,98.49
seq_01_normal_flow_a.mp4,169,8.45,16,19.9,-1.21,0.91,1.44,0.054,5.1,12.6,NORMAL,NORMAL,22,98.6
seq_01_normal_flow_a.mp4,170,8.5,16,19.9,-1.25,0.96,1.42,0.055,4.6,12.6,NORMAL,NORMAL,22,97.47
seq_01_normal_flow_a.mp4,171,8.55,16,19.9,-1.21,0.96,1.39,0.035,3.5,12.6,NORMAL,NORMAL,22,98.38
seq_01_normal_flow_a.mp4,172,8.6,18,21.9,1.96,1.34,11.39,0.107,9.5,12.6,NORMAL,NORMAL,22,96.56
seq_01_normal_flow_a.mp4,173,8.65,17,20.6,0.69,1.67,16.41,0.077,32.2,12.8,NORMAL,NORMAL,22,99.02
seq_01_normal_flow_a.mp4,174,8.7,17,20.6,0.63,0.91,1.31,0.049,4.3,12.8,NORMAL,NORMAL,22,98.44
seq_01_normal_flow_a.mp4,175,8.75,16,19.3,-0.66,1.61,15.39,0.129,34.9,12.9,NORMAL,NORMAL,22,106.79
seq_01_normal_flow_a.mp4,176,8.8,17,20.5,0.57,1.17,7.4,0.029,4.8,13.0,NORMAL,NORMAL,22,101.35
seq_01_normal_flow_a.mp4,177,8.85,17,20.5,0.58,0.91,1.56,0.09,7.9,13.0,NORMAL,NORMAL,22,98.64
seq_01_normal_flow_a.mp4,178,8.9,17,20.5,0.57,1.01,1.6,0.042,3.5,13.1,NORMAL,NORMAL,22,99.06
seq_01_normal_flow_a.mp4,179,8.95,17,20.4,0.57,0.96,1.49,0.018,1.8,13.2,NORMAL,NORMAL,22,100.25
seq_01_normal_flow_a.mp4,180,9.0,17,20.4,0.57,1.07,1.8,0.064,4.9,13.5,NORMAL,NORMAL,22,100.35
seq_01_normal_flow_a.mp4,181,9.05,17,20.4,-1.53,1.0,1.68,0.053,5.0,13.4,NORMAL,NORMAL,22,103.5
seq_01_normal_flow_a.mp4,182,9.1,17,20.4,-0.25,1.01,1.83,0.021,2.1,13.0,NORMAL,NORMAL,22,105.96
seq_01_normal_flow_a.mp4,183,9.15,18,21.5,0.92,1.22,4.54,0.029,3.6,12.9,NORMAL,NORMAL,22,104.59
seq_01_normal_flow_a.mp4,184,9.2,18,21.5,2.29,0.93,1.39,0.087,7.2,13.0,NORMAL,NORMAL,22,108.08
seq_01_normal_flow_a.mp4,185,9.25,18,21.5,1.0,0.95,1.5,0.055,4.9,13.2,NORMAL,NORMAL,22,104.97
seq_01_normal_flow_a.mp4,186,9.3,18,21.5,1.05,0.97,1.67,0.049,4.5,13.2,NORMAL,NORMAL,22,102.24
seq_01_normal_flow_a.mp4,187,9.35,17,20.1,-0.36,1.5,10.96,0.048,6.6,13.1,NORMAL,NORMAL,22,96.81
seq_01_normal_flow_a.mp4,188,9.4,17,20.1,-0.34,0.97,1.5,0.068,6.2,13.0,NORMAL,NORMAL,22,99.2
seq_01_normal_flow_a.mp4,189,9.45,17,20.1,-0.35,0.92,1.44,0.023,2.3,12.9,NORMAL,NORMAL,22,96.54
seq_01_normal_flow_a.mp4,190,9.5,17,20.0,-0.37,1.0,1.79,0.06,5.4,12.8,NORMAL,NORMAL,22,96.26
seq_01_normal_flow_a.mp4,191,9.55,17,20.0,-0.38,0.97,1.48,0.055,5.3,12.9,NORMAL,NORMAL,22,109.28
seq_01_normal_flow_a.mp4,192,9.6,17,20.0,-1.54,0.97,1.49,0.025,2.4,12.7,NORMAL,NORMAL,22,101.01
seq_01_normal_flow_a.mp4,193,9.65,17,20.0,-1.58,0.98,1.75,0.08,6.4,12.5,NORMAL,NORMAL,22,101.37
seq_01_normal_flow_a.mp4,194,9.7,17,20.0,-1.52,0.92,1.39,0.041,4.3,12.5,NORMAL,NORMAL,22,106.45
seq_01_normal_flow_a.mp4,195,9.75,17,20.0,-1.56,0.95,1.43,0.034,2.8,12.5,NORMAL,NORMAL,22,103.4
seq_01_normal_flow_a.mp4,196,9.8,17,20.0,-0.14,0.98,1.57,0.083,6.6,12.5,NORMAL,NORMAL,22,104.0
seq_01_normal_flow_a.mp4,197,9.85,17,20.0,-0.13,0.97,1.35,0.04,4.1,12.5,NORMAL,NORMAL,22,101.34
seq_01_normal_flow_a.mp4,198,9.9,17,20.0,-0.11,0.92,1.35,0.05,4.7,12.5,NORMAL,NORMAL,22,103.93
seq_01_normal_flow_a.mp4,199,9.95,17,20.0,-0.07,0.95,1.48,0.064,5.7,12.4,NORMAL,NORMAL,22,99.03
seq_02_bottleneck_congestion.mp4,0,0.0,19,24.4,4.38,7.83,26.45,0.682,48.4,14.3,NORMAL,NORMAL,22,101.08
seq_02_bottleneck_congestion.mp4,1,0.05,19,24.3,4.33,0.87,1.23,0.918,89.2,14.8,NORMAL,NORMAL,22,97.14
seq_02_bottleneck_congestion.mp4,2,0.1,19,24.2,4.26,0.89,1.25,0.896,83.8,15.7,NORMAL,NORMAL,22,99.19
seq_02_bottleneck_congestion.mp4,3,0.15,19,24.3,4.32,0.91,1.52,0.861,78.0,16.3,NORMAL,NORMAL,22,94.23
seq_02_bottleneck_congestion.mp4,4,0.2,19,24.3,4.38,0.88,1.32,0.962,89.8,17.1,NORMAL,NORMAL,22,99.17
seq_02_bottleneck_congestion.mp4,5,0.25,19,24.4,4.4,0.92,1.57,0.919,91.4,17.8,NORMAL,NORMAL,22,109.5
seq_02_bottleneck_congestion.mp4,6,0.3,19,24.5,4.51,0.96,1.59,0.908,87.8,19.0,NORMAL,NORMAL,22,99.94
seq_02_bottleneck_congestion.mp4,7,0.35,19,24.5,4.57,0.98,1.58,0.95,94.2,19.8,NORMAL,NORMAL,22,96.58
seq_02_bottleneck_congestion.mp4,8,0.4,19,24.6,4.61,0.98,1.61,0.87,84.6,20.5,NORMAL,NORMAL,22,97.72
seq_02_bottleneck_congestion.mp4,9,0.45,19,24.7,0.36,0.89,1.45,0.981,98.3,17.9,NORMAL,NORMAL,22,99.77
seq_02_bottleneck_congestion.mp4,10,0.5,18,24.7,0.43,0.91,1.5,0.949,93.8,17.5,NORMAL,NORMAL,22,101.12
seq_02_bottleneck_congestion.mp4,11,0.55,17,21.1,-3.12,0.94,1.51,0.956,91.9,16.8,NORMAL,NORMAL,22,96.53
seq_02_bottleneck_congestion.mp4,12,0.6,19,25.4,1.09,0.84,1.26,0.834,73.6,16.8,NORMAL,NORMAL,22,99.77
seq_02_bottleneck_congestion.mp4,13,0.65,18,25.8,1.47,0.9,1.38,0.909,85.1,17.2,NORMAL,NORMAL,22,96.07
seq_02_bottleneck_congestion.mp4,14,0.7,19,25.1,0.75,0.93,1.47,0.9,80.5,17.6,NORMAL,NORMAL,22,99.72
seq_02_bottleneck_congestion.mp4,15,0.75,18,25.3,0.84,0.92,1.63,0.887,85.5,17.9,NORMAL,NORMAL,22,101.98
seq_02_bottleneck_congestion.mp4,16,0.8,18,24.9,0.39,0.88,1.37,0.894,85.5,18.3,NORMAL,NORMAL,22,100.59
seq_02_bottleneck_congestion.mp4,17,0.85,18,24.6,0.02,0.9,1.61,0.883,80.4,18.6,NORMAL,NORMAL,22,99.38
seq_02_bottleneck_congestion.mp4,18,0.9,18,24.3,-0.45,0.97,1.54,0.808,83.7,19.0,NORMAL,NORMAL,22,100.21
seq_02_bottleneck_congestion.mp4,19,0.95,18,24.0,-0.77,0.95,1.5,0.891,87.1,19.4,NORMAL,NORMAL,22,96.02
seq_02_bottleneck_congestion.mp4,20,1.0,18,23.8,2.72,0.92,1.45,0.84,81.5,20.0,NORMAL,NORMAL,22,95.75
seq_02_bottleneck_congestion.mp4,21,1.05,18,24.1,-1.27,0.92,1.53,0.963,89.4,20.7,NORMAL,NORMAL,22,95.95
seq_02_bottleneck_congestion.mp4,22,1.1,18,24.4,-1.43,0.91,1.51,0.915,93.8,21.1,NORMAL,NORMAL,22,98.42
seq_02_bottleneck_congestion.mp4,23,1.15,17,24.8,-0.27,0.8,1.23,0.884,86.7,21.6,NORMAL,NORMAL,22,102.9
seq_02_bottleneck_congestion.mp4,24,1.2,18,24.8,-0.49,0.92,1.42,0.834,83.0,22.1,NORMAL,NORMAL,22,105.21
seq_02_bottleneck_congestion.mp4,25,1.25,19,25.2,0.28,0.86,1.48,0.969,94.9,22.7,NORMAL,NORMAL,22,107.01
seq_02_bottleneck_congestion.mp4,26,1.3,19,25.1,0.57,0.89,1.41,0.973,94.0,23.3,NORMAL,NORMAL,22,102.12
seq_02_bottleneck_congestion.mp4,27,1.35,19,25.1,0.84,0.88,1.41,0.931,88.7,23.7,NORMAL,NORMAL,22,99.79
seq_02_bottleneck_congestion.mp4,28,1.4,18,25.2,1.2,0.85,1.6,0.954,90.7,24.3,NORMAL,NORMAL,22,96.5
seq_02_bottleneck_congestion.mp4,29,1.45,18,25.1,1.24,0.97,1.43,0.845,79.2,24.8,NORMAL,NORMAL,22,98.22
seq_02_bottleneck_congestion.mp4,30,1.5,18,24.3,0.19,1.03,5.52,0.923,83.1,25.3,NORMAL,NORMAL,22,96.54
seq_02_bottleneck_congestion.mp4,31,1.55,18,24.2,-0.16,0.93,1.55,0.932,90.6,25.9,NORMAL,NORMAL,22,102.9
seq_02_bottleneck_congestion.mp4,32,1.6,17,22.2,-2.66,0.96,1.69,0.889,91.0,26.4,NORMAL,NORMAL,22,103.01
seq_02_bottleneck_congestion.mp4,33,1.65,17,22.1,-2.69,0.96,1.64,0.928,93.6,27.0,NORMAL,NORMAL,22,96.89
seq_02_bottleneck_congestion.mp4,34,1.7,18,24.2,-0.99,0.9,1.59,0.968,96.9,27.7,NORMAL,NORMAL,22,100.63
seq_02_bottleneck_congestion.mp4,35,1.75,19,24.5,-0.67,0.9,1.38,0.908,86.1,28.2,NORMAL,NORMAL,22,101.66
seq_02_bottleneck_congestion.mp4,36,1.8,19,24.5,-0.64,0.94,1.52,0.844,83.2,28.8,NORMAL,NORMAL,22,121.12
seq_02_bottleneck_congestion.mp4,37,1.85,17,23.4,-1.8,1.27,10.51,0.952,71.7,29.7,NORMAL,NORMAL,22,105.06
seq_02_bottleneck_congestion.mp4,38,1.9,17,23.1,-1.91,0.89,1.44,0.9,90.5,30.2,NORMAL,NORMAL,22,103.79
seq_02_bottleneck_congestion.mp4,39,1.95,17,22.9,-1.38,0.84,1.41,0.937,93.3,30.6,NORMAL,NORMAL,22,101.0
seq_02_bottleneck_congestion.mp4,40,2.0,16,22.7,-1.5,0.91,1.56,0.925,92.4,31.0,NORMAL,NORMAL,22,101.94
seq_02_bottleneck_congestion.mp4,41,2.05,16,22.5,0.37,0.97,1.95,0.952,93.6,31.5,WARNING,NORMAL,22,101.74
seq_02_bottleneck_congestion.mp4,42,2.1,16,22.2,0.07,0.89,1.55,0.965,94.2,31.9,WARNING,NORMAL,22,100.8
seq_02_bottleneck_congestion.mp4,43,2.15,15,21.3,-2.92,1.48,13.27,0.908,61.6,32.9,WARNING,NORMAL,22,103.05
seq_02_bottleneck_congestion.mp4,44,2.2,15,21.2,-3.27,0.88,1.72,0.903,92.6,33.3,WARNING,NORMAL,22,106.11
seq_02_bottleneck_congestion.mp4,45,2.25,15,21.2,-3.28,0.92,1.44,0.964,98.4,33.9,WARNING,NORMAL,22,106.22
seq_02_bottleneck_congestion.mp4,46,2.3,16,21.6,-1.79,0.85,1.46,0.965,93.7,34.1,WARNING,NORMAL,22,100.75
seq_02_bottleneck_congestion.mp4,47,2.35,15,20.3,-2.85,1.61,15.4,0.89,78.1,34.7,WARNING,NORMAL,22,106.48
seq_02_bottleneck_congestion.mp4,48,2.4,15,20.1,-2.8,0.89,1.47,0.865,81.9,35.4,WARNING,NORMAL,22,106.26
seq_02_bottleneck_congestion.mp4,49,2.45,15,20.0,-2.76,0.85,1.17,0.897,89.0,36.0,WARNING,NORMAL,22,102.33
seq_02_bottleneck_congestion.mp4,50,2.5,15,19.8,-2.71,0.92,1.49,0.89,89.3,36.5,WARNING,NORMAL,22,102.85
seq_02_bottleneck_congestion.mp4,51,2.55,15,19.8,-2.35,0.84,1.33,0.891,90.5,37.0,WARNING,NORMAL,22,102.22
seq_02_bottleneck_congestion.mp4,52,2.6,15,19.9,-1.43,0.92,1.4,0.963,95.5,37.2,WARNING,NORMAL,22,101.72
seq_02_bottleneck_congestion.mp4,53,2.65,15,19.9,-1.32,0.89,1.64,0.923,82.7,37.6,WARNING,NORMAL,22,100.43
seq_02_bottleneck_congestion.mp4,54,2.7,15,19.9,-1.34,0.91,1.36,0.937,95.5,38.2,WARNING,NORMAL,22,99.76
seq_02_bottleneck_congestion.mp4,55,2.75,15,19.8,-1.75,0.88,1.48,0.905,95.7,38.7,WARNING,NORMAL,22,99.94
seq_02_bottleneck_congestion.mp4,56,2.8,14,19.2,-1.11,1.24,9.11,0.876,62.8,39.2,WARNING,NORMAL,22,98.93
seq_02_bottleneck_congestion.mp4,57,2.85,13,18.8,-1.3,0.95,1.61,0.829,81.4,39.7,WARNING,NORMAL,22,98.09
seq_02_bottleneck_congestion.mp4,58,2.9,13,18.9,-1.05,0.92,1.49,0.975,94.3,40.3,WARNING,NORMAL,22,95.62
seq_02_bottleneck_congestion.mp4,59,2.95,13,18.9,-0.89,0.95,1.69,0.863,90.2,40.8,WARNING,NORMAL,22,98.56
seq_02_bottleneck_congestion.mp4,60,3.0,14,18.9,-0.92,0.86,1.42,0.867,86.3,41.3,WARNING,NORMAL,22,99.02
seq_02_bottleneck_congestion.mp4,61,3.05,14,18.9,-1.0,0.87,1.34,0.937,98.2,41.9,WARNING,NORMAL,22,97.83
seq_02_bottleneck_congestion.mp4,62,3.1,14,18.8,-1.05,0.94,1.48,0.858,81.0,42.4,WARNING,NORMAL,22,97.83
seq_02_bottleneck_congestion.mp4,63,3.15,14,18.7,-1.12,0.88,1.41,0.915,90.9,42.9,WARNING,NORMAL,22,95.27
seq_02_bottleneck_congestion.mp4,64,3.2,13,17.8,-1.97,1.43,12.45,0.927,58.5,43.7,WARNING,NORMAL,22,95.14
seq_02_bottleneck_congestion.mp4,65,3.25,13,17.9,-1.24,0.99,1.58,0.937,84.3,44.0,WARNING,NORMAL,22,97.44
seq_02_bottleneck_congestion.mp4,66,3.3,13,18.1,-0.76,0.95,1.64,0.756,68.1,44.7,WARNING,NORMAL,22,96.27
seq_02_bottleneck_congestion.mp4,67,3.35,13,18.2,-0.69,0.94,1.68,0.882,80.3,45.2,WARNING,NORMAL,22,105.65
seq_02_bottleneck_congestion.mp4,68,3.4,13,18.4,-0.5,0.94,1.45,0.934,93.5,45.7,WARNING,NORMAL,22,96.89
seq_02_bottleneck_congestion.mp4,69,3.45,13,18.6,-0.35,0.87,1.46,0.977,96.8,46.3,WARNING,NORMAL,22,91.43
seq_02_bottleneck_congestion.mp4,70,3.5,14,18.7,-0.13,0.99,1.73,0.976,86.9,46.9,WARNING,NORMAL,22,98.35
seq_02_bottleneck_congestion.mp4,71,3.55,14,18.7,-0.14,0.96,1.6,0.814,77.2,47.4,WARNING,NORMAL,22,95.76
seq_02_bottleneck_congestion.mp4,72,3.6,14,18.7,-0.07,0.92,1.39,0.972,98.7,48.0,WARNING,NORMAL,22,96.16
seq_02_bottleneck_congestion.mp4,73,3.65,14,18.8,0.92,0.95,1.63,0.925,94.7,48.0,WARNING,NORMAL,22,100.68
seq_02_bottleneck_congestion.mp4,74,3.7,14,18.8,0.86,0.88,1.19,0.845,82.0,48.5,WARNING,NORMAL,22,99.6
seq_02_bottleneck_congestion.mp4,75,3.75,14,18.9,0.87,0.9,1.36,0.872,86.0,48.9,WARNING,NORMAL,22,97.97
seq_02_bottleneck_congestion.mp4,76,3.8,14,19.1,0.85,0.95,1.73,0.903,89.3,49.5,WARNING,NORMAL,22,99.82
seq_02_bottleneck_congestion.mp4,77,3.85,14,19.2,0.79,0.83,1.16,0.86,82.0,50.0,WARNING,NORMAL,22,105.49
seq_02_bottleneck_congestion.mp4,78,3.9,14,19.5,0.88,0.96,1.54,0.971,96.3,50.7,WARNING,NORMAL,22,104.3
seq_02_bottleneck_congestion.mp4,79,3.95,15,19.6,0.83,0.91,1.28,0.883,83.0,51.3,HIGH RISK,NORMAL,22,97.83
seq_02_bottleneck_congestion.mp4,80,4.0,14,19.8,1.08,0.95,1.43,0.85,87.9,51.8,HIGH RISK,NORMAL,22,100.74
seq_02_bottleneck_congestion.mp4,81,4.05,14,19.7,1.01,0.88,1.48,0.966,94.7,52.4,HIGH RISK,NORMAL,22,98.21
seq_02_bottleneck_congestion.mp4,82,4.1,13,18.3,-0.47,1.49,13.25,0.903,63.1,52.9,HIGH RISK,NORMAL,22,97.08
seq_02_bottleneck_congestion.mp4,83,4.15,13,18.2,-0.62,0.97,1.53,0.992,99.3,53.7,HIGH RISK,NORMAL,22,99.88
seq_02_bottleneck_congestion.mp4,84,4.2,13,18.1,-0.86,0.95,1.61,0.963,92.8,54.3,HIGH RISK,NORMAL,22,100.94
seq_02_bottleneck_congestion.mp4,85,4.25,12,14.5,-4.62,1.17,6.67,0.932,81.4,54.9,HIGH RISK,NORMAL,22,103.01
seq_02_bottleneck_congestion.mp4,86,4.3,11,14.5,-4.75,0.91,1.27,0.83,81.8,55.4,HIGH RISK,NORMAL,22,98.42
seq_02_bottleneck_congestion.mp4,87,4.35,12,16.7,-2.73,0.95,1.6,0.944,91.1,56.1,HIGH RISK,NORMAL,22,101.27
seq_02_bottleneck_congestion.mp4,88,4.4,12,16.9,-2.7,0.85,1.23,0.937,92.3,56.5,HIGH RISK,NORMAL,22,95.22
seq_02_bottleneck_congestion.mp4,89,4.45,12,17.0,-2.76,0.95,1.4,0.931,92.3,57.1,HIGH RISK,NORMAL,22,99.2
seq_02_bottleneck_congestion.mp4,90,4.5,12,17.1,-2.58,0.91,1.58,0.857,81.2,57.7,HIGH RISK,NORMAL,22,97.37
seq_02_bottleneck_congestion.mp4,91,4.55,12,17.2,-1.07,0.95,1.39,0.871,88.4,57.8,HIGH RISK,NORMAL,22,99.89
seq_02_bottleneck_congestion.mp4,92,4.6,13,16.8,-1.34,0.9,1.28,0.876,80.0,58.0,HIGH RISK,NORMAL,22,98.57
seq_02_bottleneck_congestion.mp4,93,4.65,13,16.8,-1.27,0.9,1.42,0.974,96.7,58.5,HIGH RISK,NORMAL,22,99.21
seq_02_bottleneck_congestion.mp4,94,4.7,13,16.8,2.33,0.97,1.78,0.942,91.7,59.1,HIGH RISK,NORMAL,22,97.4
seq_02_bottleneck_congestion.mp4,95,4.75,13,16.7,2.25,0.95,1.48,0.966,97.3,59.7,HIGH RISK,NORMAL,22,100.07
seq_02_bottleneck_congestion.mp4,96,4.8,12,15.5,-1.22,1.75,11.08,0.806,60.2,60.1,HIGH RISK,WARNING,22,94.41
seq_02_bottleneck_congestion.mp4,97,4.85,12,14.5,-2.35,1.01,2.67,0.833,73.5,60.7,HIGH RISK,WARNING,22,94.17
seq_02_bottleneck_congestion.mp4,98,4.9,12,14.5,-2.51,0.84,1.42,0.755,82.3,61.1,HIGH RISK,WARNING,22,104.08
seq_02_bottleneck_congestion.mp4,99,4.95,13,15.6,-1.49,1.66,17.53,0.812,50.2,62.1,HIGH RISK,WARNING,23,97.23
seq_02_bottleneck_congestion.mp4,100,5.0,13,15.6,-1.61,0.75,1.23,0.757,72.2,61.9,HIGH RISK,WARNING,23,98.96
seq_02_bottleneck_congestion.mp4,101,5.05,13,15.6,-1.23,0.82,1.14,0.788,71.8,62.1,HIGH RISK,WARNING,23,99.47
seq_02_bottleneck_congestion.mp4,102,5.1,14,16.7,-0.12,0.98,2.64,0.845,81.3,62.2,HIGH RISK,WARNING,24,97.2
seq_02_bottleneck_congestion.mp4,103,5.15,14,16.7,-0.1,0.77,1.25,0.782,80.9,62.1,HIGH RISK,WARNING,24,93.81
seq_02_bottleneck_congestion.mp4,104,5.2,14,16.7,-0.04,0.8,1.11,0.623,54.4,61.9,HIGH RISK,WARNING,24,106.14
seq_02_bottleneck_congestion.mp4,105,5.25,15,17.8,2.27,1.5,17.21,0.657,41.1,61.4,HIGH RISK,WARNING,25,110.52
seq_02_bottleneck_congestion.mp4,106,5.3,15,17.8,3.27,0.94,1.73,0.687,61.4,60.6,HIGH RISK,WARNING,25,153.34
seq_02_bottleneck_congestion.mp4,107,5.35,14,16.4,1.86,1.11,5.78,0.807,83.2,60.5,HIGH RISK,WARNING,25,132.17
seq_02_bottleneck_congestion.mp4,108,5.4,15,17.5,1.91,1.1,4.29,0.578,47.5,60.4,HIGH RISK,WARNING,26,113.68
seq_02_bottleneck_congestion.mp4,109,5.45,14,17.1,1.48,0.82,1.5,0.616,58.1,60.3,HIGH RISK,WARNING,26,114.48
seq_02_bottleneck_congestion.mp4,110,5.5,15,17.5,1.91,0.86,1.41,0.63,61.5,60.2,HIGH RISK,WARNING,26,115.02
seq_02_bottleneck_congestion.mp4,111,5.55,15,18.2,1.5,0.98,4.66,0.601,49.1,60.0,HIGH RISK,WARNING,27,112.67
seq_02_bottleneck_congestion.mp4,112,5.6,16,18.6,1.92,0.82,1.22,0.616,57.7,60.0,HIGH RISK,WARNING,27,105.15
seq_02_bottleneck_congestion.mp4,113,5.65,16,18.6,1.91,0.97,1.51,0.451,41.7,59.7,HIGH RISK,WARNING,27,105.98
seq_02_bottleneck_congestion.mp4,114,5.7,17,19.8,2.06,0.87,4.39,0.722,66.7,59.7,HIGH RISK,WARNING,28,100.11
seq_02_bottleneck_congestion.mp4,115,5.75,17,19.8,2.05,0.88,1.36,0.632,55.6,59.5,HIGH RISK,WARNING,28,96.93
seq_02_bottleneck_congestion.mp4,116,5.8,17,19.8,3.46,0.76,1.18,0.488,50.5,59.3,HIGH RISK,WARNING,28,100.16
seq_02_bottleneck_congestion.mp4,117,5.85,17,20.7,3.21,1.02,2.53,0.473,42.2,59.1,HIGH RISK,WARNING,29,102.48
seq_02_bottleneck_congestion.mp4,118,5.9,17,20.7,3.62,0.79,1.16,0.737,75.9,59.1,HIGH RISK,WARNING,29,103.14
seq_02_bottleneck_congestion.mp4,119,5.95,17,20.7,3.23,0.82,1.25,0.541,51.4,58.9,HIGH RISK,WARNING,29,99.45
seq_02_bottleneck_congestion.mp4,120,6.0,17,21.1,2.9,1.24,7.59,0.569,40.1,58.7,HIGH RISK,WARNING,30,98.05
seq_02_bottleneck_congestion.mp4,121,6.05,17,21.0,2.38,0.8,1.9,0.502,56.0,58.5,HIGH RISK,WARNING,30,96.53
seq_02_bottleneck_congestion.mp4,122,6.1,17,21.0,2.38,0.94,1.58,0.497,45.7,58.2,HIGH RISK,WARNING,30,95.18
seq_02_bottleneck_congestion.mp4,123,6.15,17,21.5,1.68,0.81,2.14,0.441,45.2,57.9,HIGH RISK,WARNING,31,98.57
seq_02_bottleneck_congestion.mp4,124,6.2,17,21.6,1.76,0.89,1.33,0.539,50.4,57.7,HIGH RISK,WARNING,31,97.48
seq_02_bottleneck_congestion.mp4,125,6.25,17,21.4,1.59,0.83,1.63,0.36,38.6,57.3,HIGH RISK,WARNING,31,98.84
seq_02_bottleneck_congestion.mp4,126,6.3,17,22.1,1.41,0.89,2.66,0.496,56.2,56.9,HIGH RISK,WARNING,32,98.96
seq_02_bottleneck_congestion.mp4,127,6.35,18,22.5,1.83,0.78,1.41,0.485,40.6,56.6,HIGH RISK,WARNING,32,101.06
seq_02_bottleneck_congestion.mp4,128,6.4,18,22.5,1.78,0.86,1.49,0.332,31.3,56.2,HIGH RISK,WARNING,32,101.36
seq_02_bottleneck_congestion.mp4,129,6.45,18,23.0,1.87,0.93,4.04,0.439,35.0,55.8,HIGH RISK,WARNING,33,109.53
seq_02_bottleneck_congestion.mp4,130,6.5,18,22.9,1.89,0.78,1.43,0.436,44.1,55.5,HIGH RISK,WARNING,33,129.69
seq_02_bottleneck_congestion.mp4,131,6.55,18,22.9,1.94,0.89,1.54,0.307,27.0,55.1,HIGH RISK,WARNING,33,106.14
seq_02_bottleneck_congestion.mp4,132,6.6,19,24.2,2.63,1.31,11.87,0.37,24.2,54.7,HIGH RISK,WARNING,34,162.38
seq_02_bottleneck_congestion.mp4,133,6.65,19,24.2,2.61,0.81,1.29,0.303,23.4,54.3,HIGH RISK,WARNING,34,122.02
seq_02_bottleneck_congestion.mp4,134,6.7,19,24.2,2.82,0.85,1.47,0.449,42.0,54.0,HIGH RISK,WARNING,34,105.31
seq_02_bottleneck_congestion.mp4,135,6.75,19,25.2,3.09,0.98,3.16,0.354,29.8,53.7,HIGH RISK,WARNING,35,114.48
seq_02_bottleneck_congestion.mp4,136,6.8,19,25.3,2.77,0.81,1.44,0.367,30.9,53.6,HIGH RISK,WARNING,35,126.06
seq_02_bottleneck_congestion.mp4,137,6.85,19,25.3,2.77,0.84,1.2,0.275,25.3,53.3,HIGH RISK,WARNING,35,123.42
seq_02_bottleneck_congestion.mp4,138,6.9,20,26.5,3.52,1.22,10.04,0.278,19.1,53.1,HIGH RISK,WARNING,36,126.83
seq_02_bottleneck_congestion.mp4,139,6.95,20,26.6,3.67,0.81,1.15,0.253,22.9,53.0,HIGH RISK,WARNING,36,119.69
seq_02_bottleneck_congestion.mp4,140,7.0,20,26.5,3.63,0.85,1.58,0.389,38.7,52.7,HIGH RISK,WARNING,36,120.35
seq_02_bottleneck_congestion.mp4,141,7.05,21,27.7,3.52,1.11,9.88,0.41,27.6,52.3,HIGH RISK,WARNING,37,112.57
seq_02_bottleneck_congestion.mp4,142,7.1,21,27.7,3.46,0.83,1.26,0.211,18.3,51.4,HIGH RISK,WARNING,37,101.37
seq_02_bottleneck_congestion.mp4,143,7.15,21,27.6,3.37,0.82,1.33,0.357,35.3,51.2,HIGH RISK,WARNING,37,96.65
seq_02_bottleneck_congestion.mp4,144,7.2,21,29.2,3.98,0.83,1.48,0.268,23.8,50.7,WARNING,WARNING,38,98.09
seq_02_bottleneck_congestion.mp4,145,7.25,22,29.0,3.7,0.81,1.33,0.169,18.2,50.2,WARNING,WARNING,38,129.17
seq_02_bottleneck_congestion.mp4,146,7.3,21,29.2,3.93,0.82,1.2,0.312,28.1,49.9,WARNING,WARNING,38,130.35
seq_02_bottleneck_congestion.mp4,147,7.35,21,29.8,3.37,0.83,1.46,0.257,22.8,49.5,WARNING,WARNING,39,165.83
seq_02_bottleneck_congestion.mp4,148,7.4,20,28.4,1.84,1.51,14.59,0.377,29.6,49.2,WARNING,WARNING,39,145.06
seq_02_bottleneck_congestion.mp4,149,7.45,19,27.1,0.56,1.44,14.7,0.385,35.3,49.1,WARNING,WARNING,39,165.02
seq_02_bottleneck_congestion.mp4,150,7.5,18,27.2,-0.47,0.81,1.16,0.27,24.1,48.4,WARNING,WARNING,40,166.37
seq_02_bottleneck_congestion.mp4,151,7.55,18,27.1,-0.55,0.79,1.21,0.244,20.6,47.9,WARNING,WARNING,40,137.71
seq_02_bottleneck_congestion.mp4,152,7.6,19,27.5,-0.13,0.75,1.16,0.345,33.0,47.3,WARNING,WARNING,40,136.68
seq_02_bottleneck_congestion.mp4,153,7.65,18,28.1,-1.14,0.86,1.73,0.282,30.3,46.9,WARNING,WARNING,41,145.1
seq_02_bottleneck_congestion.mp4,154,7.7,18,28.2,-0.84,0.79,1.3,0.303,29.7,46.4,WARNING,WARNING,41,144.08
seq_02_bottleneck_congestion.mp4,155,7.75,18,28.1,-1.16,0.75,1.26,0.288,29.5,45.8,WARNING,WARNING,41,149.78
seq_02_bottleneck_congestion.mp4,156,7.8,19,29.2,-0.6,1.25,14.38,0.336,17.6,45.7,WARNING,WARNING,42,147.48
seq_02_bottleneck_congestion.mp4,157,7.85,19,29.5,1.07,0.79,1.26,0.314,28.4,45.0,WARNING,WARNING,42,143.56
seq_02_bottleneck_congestion.mp4,158,7.9,19,29.5,2.37,0.83,1.28,0.23,22.7,44.2,WARNING,WARNING,42,136.53
seq_02_bottleneck_congestion.mp4,159,7.95,20,30.7,3.53,0.86,2.43,0.291,27.9,43.9,WARNING,WARNING,43,151.33
seq_02_bottleneck_congestion.mp4,160,8.0,20,30.9,3.77,0.85,1.27,0.21,15.1,43.6,WARNING,WARNING,43,146.19
seq_02_bottleneck_congestion.mp4,161,8.05,20,30.9,3.4,0.74,1.13,0.297,28.8,43.3,WARNING,WARNING,43,148.85
seq_02_bottleneck_congestion.mp4,162,8.1,21,32.7,4.65,0.97,3.62,0.294,24.2,43.2,WARNING,WARNING,44,148.65
seq_02_bottleneck_congestion.mp4,163,8.15,20,32.5,4.34,0.76,1.14,0.317,30.2,43.0,WARNING,WARNING,44,151.01
seq_02_bottleneck_congestion.mp4,164,8.2,20,32.7,4.6,0.81,1.21,0.301,28.2,42.9,WARNING,WARNING,44,136.77
seq_02_bottleneck_congestion.mp4,165,8.25,20,33.0,3.79,0.81,1.3,0.249,28.2,42.7,WARNING,WARNING,45,143.32
seq_02_bottleneck_congestion.mp4,166,8.3,20,33.1,3.63,0.82,1.28,0.242,22.6,42.6,WARNING,WARNING,45,139.49
seq_02_bottleneck_congestion.mp4,167,8.35,21,32.7,3.22,0.78,1.16,0.235,22.7,42.3,WARNING,WARNING,45,132.09
seq_02_bottleneck_congestion.mp4,168,8.4,20,33.0,2.23,0.83,1.34,0.285,27.3,41.9,WARNING,HIGH RISK,46,139.67
seq_02_bottleneck_congestion.mp4,169,8.45,20,33.0,2.09,0.78,1.34,0.305,28.7,41.4,WARNING,HIGH RISK,46,135.94
seq_02_bottleneck_congestion.mp4,170,8.5,20,32.9,1.99,0.71,1.26,0.26,23.8,40.9,WARNING,HIGH RISK,46,139.19
seq_02_bottleneck_congestion.mp4,171,8.55,21,33.5,0.76,0.91,3.32,0.18,19.9,40.5,WARNING,HIGH RISK,47,127.39
seq_02_bottleneck_congestion.mp4,172,8.6,21,33.4,0.88,0.83,1.28,0.258,24.8,39.9,WARNING,HIGH RISK,47,135.82
seq_02_bottleneck_congestion.mp4,173,8.65,21,33.2,0.57,0.79,1.28,0.28,28.2,39.4,WARNING,HIGH RISK,47,138.94
seq_02_bottleneck_congestion.mp4,174,8.7,21,34.1,1.03,0.8,2.02,0.286,32.7,38.9,WARNING,HIGH RISK,48,139.27
seq_02_bottleneck_congestion.mp4,175,8.75,20,32.1,-1.0,0.78,1.21,0.309,30.0,38.4,WARNING,HIGH RISK,48,142.26
seq_02_bottleneck_congestion.mp4,176,8.8,20,32.0,-0.72,0.83,1.33,0.26,23.2,37.8,WARNING,HIGH RISK,48,139.08
seq_02_bottleneck_congestion.mp4,177,8.85,21,33.0,0.02,0.84,1.46,0.214,20.6,37.3,WARNING,HIGH RISK,49,134.79
seq_02_bottleneck_congestion.mp4,178,8.9,21,33.0,0.0,0.8,1.21,0.216,22.6,36.8,WARNING,HIGH RISK,49,135.9
seq_02_bottleneck_congestion.mp4,179,8.95,21,33.0,0.13,0.73,1.25,0.271,26.5,36.4,WARNING,HIGH RISK,49,135.5
seq_02_bottleneck_congestion.mp4,180,9.0,22,34.2,0.76,1.04,3.15,0.24,20.2,36.1,WARNING,HIGH RISK,50,143.84
seq_02_bottleneck_congestion.mp4,181,9.05,21,33.2,-0.18,1.8,22.78,0.226,11.1,36.4,WARNING,HIGH RISK,50,133.98
seq_02_bottleneck_congestion.mp4,182,9.1,23,35.6,2.34,0.79,1.21,0.233,22.7,36.1,WARNING,HIGH RISK,50,127.06
seq_02_bottleneck_congestion.mp4,183,9.15,24,36.6,2.5,0.77,1.38,0.23,22.5,35.7,WARNING,HIGH RISK,51,129.81
seq_02_bottleneck_congestion.mp4,184,9.2,22,34.5,2.37,0.78,1.17,0.256,23.7,35.3,WARNING,HIGH RISK,51,140.13
seq_02_bottleneck_congestion.mp4,185,9.25,21,34.8,2.8,0.81,1.26,0.183,19.3,35.1,WARNING,HIGH RISK,51,137.98
seq_02_bottleneck_congestion.mp4,186,9.3,23,37.2,4.23,0.82,1.24,0.333,34.5,34.9,WARNING,HIGH RISK,52,134.51
seq_02_bottleneck_congestion.mp4,187,9.35,23,37.3,4.31,0.77,1.19,0.204,21.1,34.6,WARNING,HIGH RISK,52,132.08
seq_02_bottleneck_congestion.mp4,188,9.4,23,35.7,2.68,0.82,1.65,0.259,24.3,34.3,WARNING,HIGH RISK,52,134.53
seq_02_bottleneck_congestion.mp4,189,9.45,24,37.0,2.73,0.85,3.66,0.292,27.7,33.9,WARNING,HIGH RISK,53,139.32
seq_02_bottleneck_congestion.mp4,190,9.5,24,37.0,3.78,0.78,1.22,0.232,23.1,32.9,WARNING,HIGH RISK,53,145.08
seq_02_bottleneck_congestion.mp4,191,9.55,24,36.9,1.31,0.78,1.16,0.29,27.5,32.6,WARNING,HIGH RISK,53,138.88
seq_02_bottleneck_congestion.mp4,192,9.6,24,38.3,1.75,0.77,1.4,0.252,25.8,32.2,WARNING,HIGH RISK,54,136.34
seq_02_bottleneck_congestion.mp4,193,9.65,24,38.2,3.7,0.82,1.16,0.144,14.0,31.8,WARNING,HIGH RISK,54,131.55
seq_02_bottleneck_congestion.mp4,194,9.7,24,38.4,3.62,0.75,1.22,0.25,23.8,31.4,WARNING,HIGH RISK,54,131.96
seq_02_bottleneck_congestion.mp4,195,9.75,24,39.1,1.84,0.82,1.56,0.21,22.8,30.9,NORMAL,HIGH RISK,55,138.13
seq_02_bottleneck_congestion.mp4,196,9.8,24,38.9,1.6,0.78,1.17,0.254,25.8,30.6,NORMAL,HIGH RISK,55,131.1
seq_02_bottleneck_congestion.mp4,197,9.85,23,38.9,3.26,0.77,1.18,0.193,16.7,30.2,NORMAL,HIGH RISK,55,136.83
seq_02_bottleneck_congestion.mp4,198,9.9,23,39.6,2.58,0.85,1.37,0.18,17.8,29.8,NORMAL,HIGH RISK,56,136.42
seq_02_bottleneck_congestion.mp4,199,9.95,24,39.9,2.85,0.72,1.3,0.266,28.1,29.6,NORMAL,HIGH RISK,56,138.35
seq_02_bottleneck_congestion.mp4,200,10.0,24,39.7,2.79,0.79,1.18,0.175,17.6,29.2,NORMAL,HIGH RISK,56,154.58
seq_02_bottleneck_congestion.mp4,201,10.05,25,40.7,2.42,0.78,1.26,0.187,20.5,29.0,NORMAL,HIGH RISK,57,146.26
seq_02_bottleneck_congestion.mp4,202,10.1,25,40.8,2.68,0.82,1.38,0.121,10.3,28.6,NORMAL,HIGH RISK,57,137.2
seq_02_bottleneck_congestion.mp4,203,10.15,25,40.6,2.17,0.76,1.13,0.198,20.8,28.2,NORMAL,HIGH RISK,57,144.91
seq_02_bottleneck_congestion.mp4,204,10.2,24,39.7,0.61,0.84,1.7,0.269,29.0,27.9,NORMAL,HIGH RISK,58,138.0
seq_02_bottleneck_congestion.mp4,205,10.25,25,39.7,0.83,0.83,1.32,0.262,25.7,27.7,NORMAL,HIGH RISK,58,159.0
seq_02_bottleneck_congestion.mp4,206,10.3,25,39.4,0.46,0.73,1.23,0.209,19.0,27.4,NORMAL,HIGH RISK,58,146.54
seq_02_bottleneck_congestion.mp4,207,10.35,24,38.7,-0.89,1.13,8.74,0.236,50.6,27.3,NORMAL,HIGH RISK,59,140.47
seq_02_bottleneck_congestion.mp4,208,10.4,24,38.4,-1.4,0.78,1.25,0.14,11.9,26.9,NORMAL,HIGH RISK,59,142.7
seq_02_bottleneck_congestion.mp4,209,10.45,23,38.3,-1.42,0.74,1.23,0.139,12.2,26.5,NORMAL,HIGH RISK,59,133.98
seq_02_bottleneck_congestion.mp4,210,10.5,23,38.9,-1.82,0.8,1.51,0.158,16.6,26.1,NORMAL,HIGH RISK,60,131.59
seq_02_bottleneck_congestion.mp4,211,10.55,23,38.7,-2.18,0.77,1.16,0.104,9.4,25.7,NORMAL,HIGH RISK,60,131.92
seq_02_bottleneck_congestion.mp4,212,10.6,23,38.8,-1.77,0.77,1.32,0.131,11.4,25.4,NORMAL,HIGH RISK,60,132.21
seq_02_bottleneck_congestion.mp4,213,10.65,24,39.5,-0.2,0.79,1.9,0.206,19.4,25.2,NORMAL,HIGH RISK,61,126.21
seq_02_bottleneck_congestion.mp4,214,10.7,25,39.2,-0.49,0.8,1.23,0.147,13.0,24.8,NORMAL,HIGH RISK,61,134.33
seq_02_bottleneck_congestion.mp4,215,10.75,25,39.2,-0.16,0.75,1.16,0.139,12.8,24.6,NORMAL,HIGH RISK,61,135.27
seq_02_bottleneck_congestion.mp4,216,10.8,26,40.4,1.7,0.86,1.86,0.153,14.9,24.2,NORMAL,HIGH RISK,62,133.2
seq_02_bottleneck_congestion.mp4,217,10.85,26,40.5,2.05,0.77,1.18,0.194,16.6,24.1,NORMAL,HIGH RISK,62,137.15
seq_02_bottleneck_congestion.mp4,218,10.9,26,40.2,1.98,0.76,1.16,0.2,19.0,23.8,NORMAL,HIGH RISK,62,126.32
seq_02_bottleneck_congestion.mp4,219,10.95,27,41.4,2.55,0.82,3.21,0.186,17.0,23.6,NORMAL,HIGH RISK,63,141.67
seq_02_bottleneck_congestion.mp4,220,11.0,27,41.5,2.83,0.77,1.15,0.109,10.2,23.6,NORMAL,HIGH RISK,63,142.26
seq_02_bottleneck_congestion.mp4,221,11.05,27,41.3,2.5,0.74,1.29,0.146,13.3,23.5,NORMAL,HIGH RISK,63,139.09
seq_02_bottleneck_congestion.mp4,222,11.1,27,41.9,2.45,0.81,1.3,0.125,13.6,23.5,NORMAL,HIGH RISK,64,143.95
seq_02_bottleneck_congestion.mp4,223,11.15,27,41.8,2.58,0.77,1.43,0.085,8.6,23.4,NORMAL,HIGH RISK,64,140.48
seq_02_bottleneck_congestion.mp4,224,11.2,27,41.9,2.6,0.77,1.2,0.166,14.9,23.3,NORMAL,HIGH RISK,64,136.45
seq_02_bottleneck_congestion.mp4,225,11.25,27,43.3,2.89,0.79,1.24,0.142,12.5,23.3,NORMAL,HIGH RISK,65,132.74
seq_02_bottleneck_congestion.mp4,226,11.3,27,43.2,2.73,0.75,1.17,0.106,9.5,23.5,NORMAL,HIGH RISK,65,135.99
seq_02_bottleneck_congestion.mp4,227,11.35,27,43.4,3.16,0.77,1.21,0.13,12.3,23.7,NORMAL,HIGH RISK,65,135.05
seq_02_bottleneck_congestion.mp4,228,11.4,27,44.1,2.61,0.82,1.36,0.143,13.9,23.8,NORMAL,HIGH RISK,66,141.5
seq_02_bottleneck_congestion.mp4,229,11.45,27,44.1,2.6,0.75,1.16,0.138,13.3,23.9,NORMAL,HIGH RISK,66,139.37
seq_02_bottleneck_congestion.mp4,230,11.5,26,44.9,3.65,0.79,1.32,0.167,14.8,24.1,NORMAL,HIGH RISK,66,136.11
seq_02_bottleneck_congestion.mp4,231,11.55,25,39.1,-2.81,0.8,1.36,0.135,12.8,23.6,NORMAL,HIGH RISK,67,146.29
seq_02_bottleneck_congestion.mp4,232,11.6,28,44.8,2.96,0.7,1.21,0.12,12.4,23.7,NORMAL,HIGH RISK,67,135.37
seq_02_bottleneck_congestion.mp4,233,11.65,28,44.7,2.8,0.79,1.23,0.119,10.2,23.8,NORMAL,HIGH RISK,67,144.14
seq_02_bottleneck_congestion.mp4,234,11.7,29,45.9,2.68,0.82,1.67,0.117,11.7,23.9,NORMAL,HIGH RISK,68,140.26
seq_02_bottleneck_congestion.mp4,235,11.75,29,46.1,2.86,0.8,1.32,0.118,11.0,24.0,NORMAL,HIGH RISK,68,136.75
seq_02_bottleneck_congestion.mp4,236,11.8,28,45.9,2.52,0.76,1.16,0.115,10.3,24.0,NORMAL,HIGH RISK,68,136.42
seq_02_bottleneck_congestion.mp4,237,11.85,27,45.9,1.84,0.78,1.29,0.132,12.4,24.0,NORMAL,HIGH RISK,68,135.84
seq_02_bottleneck_congestion.mp4,238,11.9,27,45.7,1.66,0.73,1.16,0.176,17.0,23.9,NORMAL,HIGH RISK,68,137.86
seq_02_bottleneck_congestion.mp4,239,11.95,27,45.8,0.81,0.8,1.13,0.127,12.3,23.8,NORMAL,HIGH RISK,68,131.91
seq_02_normal_flow_b.mp4,0,0.0,17,24.0,-15.16,7.13,19.57,0.408,20.6,26.1,NORMAL,NORMAL,22,138.37
seq_02_normal_flow_b.mp4,1,0.05,17,24.0,-20.79,1.0,1.77,0.071,6.4,26.1,NORMAL,NORMAL,22,130.31
seq_02_normal_flow_b.mp4,2,0.1,17,24.0,-20.65,0.96,1.78,0.034,3.3,26.2,NORMAL,NORMAL,22,131.87
seq_02_normal_flow_b.mp4,3,0.15,17,24.0,-21.96,0.89,1.38,0.058,5.1,26.1,NORMAL,NORMAL,22,134.02
seq_02_normal_flow_b.mp4,4,0.2,17,24.0,-22.1,0.98,1.52,0.067,6.0,26.1,NORMAL,NORMAL,22,143.19
seq_02_normal_flow_b.mp4,5,0.25,17,24.0,-21.91,0.93,1.44,0.043,4.1,26.1,NORMAL,NORMAL,22,142.15
seq_02_normal_flow_b.mp4,6,0.3,17,24.0,-21.87,0.94,1.47,0.025,2.4,26.0,NORMAL,NORMAL,22,135.33
seq_02_normal_flow_b.mp4,7,0.35,17,24.0,-21.72,0.95,1.6,0.034,2.9,26.1,NORMAL,NORMAL,22,132.37
seq_02_normal_flow_b.mp4,8,0.4,17,24.0,-21.7,0.96,1.45,0.077,7.0,26.1,NORMAL,NORMAL,22,134.34
seq_02_normal_flow_b.mp4,9,0.45,17,24.1,0.15,0.93,1.52,0.049,5.1,21.6,NORMAL,NORMAL,22,134.99
seq_02_normal_flow_b.mp4,10,0.5,17,24.7,0.7,0.88,1.38,0.037,3.4,21.3,NORMAL,NORMAL,22,137.76
seq_02_normal_flow_b.mp4,11,0.55,17,24.6,0.61,0.93,1.68,0.052,4.7,21.3,NORMAL,NORMAL,22,125.1
seq_02_normal_flow_b.mp4,12,0.6,17,24.6,0.59,0.98,1.93,0.079,6.8,21.2,NORMAL,NORMAL,22,136.58
seq_02_normal_flow_b.mp4,13,0.65,17,24.5,0.52,0.89,1.56,0.11,8.8,21.2,NORMAL,NORMAL,22,135.01
seq_02_normal_flow_b.mp4,14,0.7,17,24.5,0.52,0.96,1.58,0.036,3.1,21.1,NORMAL,NORMAL,22,133.92
seq_02_normal_flow_b.mp4,15,0.75,17,24.6,0.52,0.89,1.3,0.039,3.6,21.1,NORMAL,NORMAL,22,122.73
seq_02_normal_flow_b.mp4,16,0.8,17,24.5,0.48,0.97,1.53,0.058,5.3,21.0,NORMAL,NORMAL,22,129.41
seq_02_normal_flow_b.mp4,17,0.85,17,24.4,0.39,0.9,1.23,0.047,4.2,21.0,NORMAL,NORMAL,22,138.25
seq_02_normal_flow_b.mp4,18,0.9,17,24.4,0.3,0.95,1.58,0.051,4.8,21.5,NORMAL,NORMAL,22,138.01
seq_02_normal_flow_b.mp4,19,0.95,17,24.4,-0.25,0.93,1.44,0.054,5.0,21.4,NORMAL,NORMAL,22,129.97
seq_02_normal_flow_b.mp4,20,1.0,17,24.3,-0.3,0.92,1.52,0.05,4.8,21.2,NORMAL,NORMAL,22,132.17
seq_02_normal_flow_b.mp4,21,1.05,18,24.7,0.12,0.93,1.63,0.044,4.5,21.1,NORMAL,NORMAL,22,126.29
seq_02_normal_flow_b.mp4,22,1.1,18,24.6,0.12,0.93,1.39,0.044,3.8,21.0,NORMAL,NORMAL,22,131.28
seq_02_normal_flow_b.mp4,23,1.15,18,24.7,0.13,0.9,1.55,0.066,6.2,20.9,NORMAL,NORMAL,22,127.28
seq_02_normal_flow_b.mp4,24,1.2,18,24.6,0.01,0.94,1.55,0.031,3.0,20.7,NORMAL,NORMAL,22,130.89
seq_02_normal_flow_b.mp4,25,1.25,17,24.2,-0.34,0.89,1.41,0.077,6.4,20.6,NORMAL,NORMAL,22,132.46
seq_02_normal_flow_b.mp4,26,1.3,18,24.1,-0.29,0.97,1.62,0.023,2.2,20.4,NORMAL,NORMAL,22,141.42
seq_02_normal_flow_b.mp4,27,1.35,18,24.2,-0.26,0.92,1.73,0.065,6.0,20.4,NORMAL,NORMAL,22,133.59
seq_02_normal_flow_b.mp4,28,1.4,18,24.0,-0.4,0.96,1.73,0.054,4.4,20.3,NORMAL,NORMAL,22,129.9
seq_02_normal_flow_b.mp4,29,1.45,18,23.9,-0.36,1.02,1.56,0.055,5.0,20.2,NORMAL,NORMAL,22,133.33
seq_02_normal_flow_b.mp4,30,1.5,18,23.9,-0.76,0.91,1.48,0.042,4.3,20.2,NORMAL,NORMAL,22,129.6
seq_02_normal_flow_b.mp4,31,1.55,18,23.8,-0.8,0.87,1.34,0.031,2.7,20.1,NORMAL,NORMAL,22,127.57
seq_02_normal_flow_b.mp4,32,1.6,18,23.8,-0.86,0.96,1.44,0.036,3.3,20.0,NORMAL,NORMAL,22,135.13
seq_02_normal_flow_b.mp4,33,1.65,18,23.7,-0.83,0.94,1.5,0.078,7.1,20.0,NORMAL,NORMAL,22,129.81
seq_02_normal_flow_b.mp4,34,1.7,18,23.7,-0.48,0.94,1.95,0.057,4.9,19.9,NORMAL,NORMAL,22,139.01
seq_02_normal_flow_b.mp4,35,1.75,18,23.6,-0.53,0.95,1.6,0.044,3.4,19.8,NORMAL,NORMAL,22,136.21
seq_02_normal_flow_b.mp4,36,1.8,18,23.5,-0.64,0.95,1.69,0.055,4.7,19.7,NORMAL,NORMAL,22,142.94
seq_02_normal_flow_b.mp4,37,1.85,18,23.5,-0.55,0.89,1.66,0.095,8.7,19.7,NORMAL,NORMAL,22,138.76
seq_02_normal_flow_b.mp4,38,1.9,18,23.4,-0.52,0.97,1.49,0.073,6.2,19.6,NORMAL,NORMAL,22,142.29
seq_02_normal_flow_b.mp4,39,1.95,18,23.4,-0.52,0.96,1.76,0.025,2.3,19.5,NORMAL,NORMAL,22,137.17
seq_02_normal_flow_b.mp4,40,2.0,18,23.4,-0.45,0.9,1.63,0.037,3.9,19.4,NORMAL,NORMAL,22,152.75
seq_02_normal_flow_b.mp4,41,2.05,18,23.3,-0.45,0.99,1.65,0.059,5.5,19.4,NORMAL,NORMAL,22,146.26
seq_02_normal_flow_b.mp4,42,2.1,18,23.3,-0.44,0.89,1.3,0.054,5.1,19.3,NORMAL,NORMAL,22,143.54
seq_02_normal_flow_b.mp4,43,2.15,18,23.3,-0.39,0.91,1.4,0.042,4.1,19.2,NORMAL,NORMAL,22,147.12
seq_02_normal_flow_b.mp4,44,2.2,18,23.3,-0.29,0.91,1.51,0.048,4.7,19.1,NORMAL,NORMAL,22,141.18
seq_02_normal_flow_b.mp4,45,2.25,18,23.3,-0.23,0.9,1.45,0.076,6.2,19.0,NORMAL,NORMAL,22,145.65
seq_02_normal_flow_b.mp4,46,2.3,18,23.3,-0.19,0.92,1.51,0.072,6.0,18.9,NORMAL,NORMAL,22,141.1
seq_02_normal_flow_b.mp4,47,2.35,18,23.3,-0.15,0.91,1.43,0.035,3.3,18.8,NORMAL,NORMAL,22,140.93
seq_02_normal_flow_b.mp4,48,2.4,18,23.2,-0.19,0.96,2.1,0.088,7.7,18.8,NORMAL,NORMAL,22,140.24
seq_02_normal_flow_b.mp4,49,2.45,18,23.3,-0.09,0.92,1.41,0.032,3.3,18.7,NORMAL,NORMAL,22,132.89
seq_02_normal_flow_b.mp4,50,2.5,18,23.2,-0.09,0.91,1.45,0.056,4.7,18.6,NORMAL,NORMAL,22,134.02
seq_02_normal_flow_b.mp4,51,2.55,18,23.2,-0.07,0.92,1.73,0.081,6.7,18.5,NORMAL,NORMAL,22,137.3
seq_02_normal_flow_b.mp4,52,2.6,18,23.2,-0.09,0.95,1.57,0.034,3.4,18.4,NORMAL,NORMAL,22,140.72
seq_02_normal_flow_b.mp4,53,2.65,18,23.2,-0.14,0.91,1.45,0.051,4.7,18.3,NORMAL,NORMAL,22,143.14
seq_02_normal_flow_b.mp4,54,2.7,18,23.2,-0.11,0.92,1.41,0.063,5.8,18.2,NORMAL,NORMAL,22,139.79
seq_02_normal_flow_b.mp4,55,2.75,18,23.2,-0.05,0.98,1.64,0.058,5.0,18.1,NORMAL,NORMAL,22,131.79
seq_02_normal_flow_b.mp4,56,2.8,18,23.2,-0.12,0.93,1.53,0.026,2.4,18.0,NORMAL,NORMAL,22,130.71
seq_02_normal_flow_b.mp4,57,2.85,18,23.2,-0.05,0.97,1.56,0.081,6.7,17.9,NORMAL,NORMAL,22,136.43
seq_02_normal_flow_b.mp4,58,2.9,18,23.2,-0.12,0.98,1.45,0.049,4.7,17.8,NORMAL,NORMAL,22,135.85
seq_02_normal_flow_b.mp4,59,2.95,18,23.2,-0.08,0.88,1.58,0.052,5.0,17.7,NORMAL,NORMAL,22,134.2
seq_02_normal_flow_b.mp4,60,3.0,18,23.2,-0.03,0.93,1.53,0.077,6.3,17.6,NORMAL,NORMAL,22,137.91
seq_02_normal_flow_b.mp4,61,3.05,18,23.2,-0.03,1.01,1.73,0.025,2.4,17.5,NORMAL,NORMAL,22,138.17
seq_02_normal_flow_b.mp4,62,3.1,18,23.2,0.01,0.98,1.74,0.061,5.6,17.4,NORMAL,NORMAL,22,134.0
seq_02_normal_flow_b.mp4,63,3.15,18,23.2,0.05,0.94,1.67,0.081,6.8,17.3,NORMAL,NORMAL,22,128.24
seq_02_normal_flow_b.mp4,64,3.2,18,23.2,0.03,0.93,1.4,0.061,5.4,17.2,NORMAL,NORMAL,22,138.57
seq_02_normal_flow_b.mp4,65,3.25,18,23.3,0.11,0.92,1.43,0.054,5.3,17.1,NORMAL,NORMAL,22,136.29
seq_02_normal_flow_b.mp4,66,3.3,17,22.1,-1.09,1.27,8.44,0.074,20.8,17.1,NORMAL,NORMAL,22,137.65
seq_02_normal_flow_b.mp4,67,3.35,17,22.1,-1.08,0.9,1.35,0.063,6.1,16.9,NORMAL,NORMAL,22,136.74
seq_02_normal_flow_b.mp4,68,3.4,17,22.1,-1.05,0.95,1.7,0.018,1.8,16.8,NORMAL,NORMAL,22,140.28
seq_02_normal_flow_b.mp4,69,3.45,17,22.1,-1.05,0.95,1.54,0.066,6.0,16.7,NORMAL,NORMAL,22,141.38
seq_02_normal_flow_b.mp4,70,3.5,17,22.2,-1.02,0.87,1.39,0.078,7.3,16.6,NORMAL,NORMAL,22,143.62
seq_02_normal_flow_b.mp4,71,3.55,17,22.1,-1.06,0.91,1.4,0.035,3.0,16.5,NORMAL,NORMAL,22,134.89
seq_02_normal_flow_b.mp4,72,3.6,17,22.2,-1.03,0.89,1.3,0.083,7.9,16.4,NORMAL,NORMAL,22,143.92
seq_02_normal_flow_b.mp4,73,3.65,17,22.2,-1.06,0.93,1.44,0.043,3.8,16.3,NORMAL,NORMAL,22,137.48
seq_02_normal_flow_b.mp4,74,3.7,17,22.2,-1.06,0.95,1.52,0.057,5.1,16.2,NORMAL,NORMAL,22,139.21
seq_02_normal_flow_b.mp4,75,3.75,17,22.2,0.15,0.93,1.6,0.025,2.1,16.1,NORMAL,NORMAL,22,144.05
seq_02_normal_flow_b.mp4,76,3.8,16,20.9,-1.18,1.27,7.81,0.094,18.7,16.0,NORMAL,NORMAL,22,138.41
seq_02_normal_flow_b.mp4,77,3.85,16,20.9,-1.17,0.93,1.52,0.045,4.5,15.9,NORMAL,NORMAL,22,137.56
seq_02_normal_flow_b.mp4,78,3.9,17,21.1,-1.0,0.93,1.47,0.046,4.0,15.8,NORMAL,NORMAL,22,140.95
seq_02_normal_flow_b.mp4,79,3.95,17,21.1,-1.1,0.96,1.61,0.071,6.5,15.7,NORMAL,NORMAL,22,137.74
seq_02_normal_flow_b.mp4,80,4.0,17,21.1,-1.03,0.93,1.52,0.038,3.2,15.5,NORMAL,NORMAL,22,135.08
seq_02_normal_flow_b.mp4,81,4.05,17,21.1,-1.06,0.93,1.58,0.054,4.8,15.4,NORMAL,NORMAL,22,137.58
seq_02_normal_flow_b.mp4,82,4.1,17,21.1,-1.11,0.97,1.7,0.012,1.2,15.3,NORMAL,NORMAL,22,137.01
seq_02_normal_flow_b.mp4,83,4.15,17,21.1,-1.08,0.95,1.55,0.06,6.0,15.2,NORMAL,NORMAL,22,137.23
seq_02_normal_flow_b.mp4,84,4.2,17,21.1,-1.07,0.93,1.59,0.094,7.5,15.1,NORMAL,NORMAL,22,140.31
seq_02_normal_flow_b.mp4,85,4.25,17,21.1,0.18,0.98,1.63,0.037,3.2,15.0,NORMAL,NORMAL,22,134.79
seq_02_normal_flow_b.mp4,86,4.3,17,21.2,0.21,0.92,1.63,0.064,6.0,14.8,NORMAL,NORMAL,22,138.96
seq_02_normal_flow_b.mp4,87,4.35,17,21.1,-0.02,0.96,1.49,0.067,6.0,14.7,NORMAL,NORMAL,22,133.25
seq_02_normal_flow_b.mp4,88,4.4,17,21.1,0.01,0.96,1.57,0.044,4.2,14.6,NORMAL,NORMAL,22,137.63
seq_02_normal_flow_b.mp4,89,4.45,17,21.1,0.05,0.89,1.38,0.073,6.3,14.5,NORMAL,NORMAL,22,132.15
seq_02_normal_flow_b.mp4,90,4.5,17,21.1,0.0,0.95,1.56,0.037,3.3,14.3,NORMAL,NORMAL,22,143.22
seq_02_normal_flow_b.mp4,91,4.55,17,21.2,0.07,0.86,1.46,0.07,6.6,14.2,NORMAL,NORMAL,22,127.39
seq_02_normal_flow_b.mp4,92,4.6,17,21.1,0.01,0.95,1.37,0.05,4.5,14.1,NORMAL,NORMAL,22,131.89
seq_02_normal_flow_b.mp4,93,4.65,17,21.2,0.02,0.89,1.38,0.1,8.6,14.0,NORMAL,NORMAL,22,127.37
seq_02_normal_flow_b.mp4,94,4.7,17,21.1,0.06,0.9,1.38,0.046,4.4,13.9,NORMAL,NORMAL,22,137.62
seq_02_normal_flow_b.mp4,95,4.75,16,21.0,-0.18,0.98,1.75,0.036,3.9,13.7,NORMAL,NORMAL,22,140.36
seq_02_normal_flow_b.mp4,96,4.8,16,21.0,-0.13,0.89,1.52,0.043,4.0,13.6,NORMAL,NORMAL,22,134.31
seq_02_normal_flow_b.mp4,97,4.85,16,21.0,-0.12,0.88,1.5,0.065,5.4,13.5,NORMAL,NORMAL,22,136.67
seq_02_normal_flow_b.mp4,98,4.9,16,20.9,-0.21,0.91,1.46,0.065,5.9,13.3,NORMAL,NORMAL,22,134.74
seq_02_normal_flow_b.mp4,99,4.95,15,19.8,-1.34,1.55,15.84,0.097,30.4,13.3,NORMAL,NORMAL,22,135.29
seq_02_normal_flow_b.mp4,100,5.0,15,19.8,-1.37,0.94,1.56,0.023,2.4,13.2,NORMAL,NORMAL,22,137.27
seq_02_normal_flow_b.mp4,101,5.05,15,19.8,-1.29,1.0,1.68,0.047,3.8,13.2,NORMAL,NORMAL,22,129.19
seq_02_normal_flow_b.mp4,102,5.1,15,19.8,-1.37,0.92,1.48,0.068,6.0,13.2,NORMAL,NORMAL,22,140.4
seq_02_normal_flow_b.mp4,103,5.15,16,21.0,-0.14,1.28,7.28,0.038,3.7,13.2,NORMAL,NORMAL,22,140.07
seq_02_normal_flow_b.mp4,104,5.2,16,21.1,0.11,0.92,1.55,0.047,4.2,13.2,NORMAL,NORMAL,22,138.42
seq_02_normal_flow_b.mp4,105,5.25,16,21.1,0.11,0.97,1.5,0.037,3.8,13.2,NORMAL,NORMAL,22,132.99
seq_02_normal_flow_b.mp4,106,5.3,16,21.1,0.12,0.89,1.44,0.057,5.7,13.2,NORMAL,NORMAL,22,140.11
seq_02_normal_flow_b.mp4,107,5.35,15,19.9,-0.98,1.55,12.23,0.077,29.1,13.3,NORMAL,NORMAL,22,135.75
seq_02_normal_flow_b.mp4,108,5.4,15,19.9,0.14,1.0,1.7,0.07,5.7,13.2,NORMAL,NORMAL,22,136.04
seq_02_normal_flow_b.mp4,109,5.45,15,20.0,0.22,0.97,1.57,0.044,3.9,13.1,NORMAL,NORMAL,22,135.05
seq_02_normal_flow_b.mp4,110,5.5,14,18.8,-1.03,1.27,7.55,0.066,17.9,13.1,NORMAL,NORMAL,22,145.06
seq_02_normal_flow_b.mp4,111,5.55,14,18.9,-0.94,0.93,1.49,0.1,8.7,13.1,NORMAL,NORMAL,22,139.49
seq_02_normal_flow_b.mp4,112,5.6,14,18.9,-2.11,0.96,1.51,0.04,3.7,13.0,NORMAL,NORMAL,22,135.01
seq_02_normal_flow_b.mp4,113,5.65,14,18.9,-2.19,0.94,1.45,0.055,5.0,12.9,NORMAL,NORMAL,22,132.44
seq_02_normal_flow_b.mp4,114,5.7,14,18.9,-2.22,0.92,1.48,0.074,6.8,12.8,NORMAL,NORMAL,22,135.99
seq_02_normal_flow_b.mp4,115,5.75,14,19.0,-2.11,0.9,1.68,0.06,5.8,12.8,NORMAL,NORMAL,22,133.26
seq_02_normal_flow_b.mp4,116,5.8,14,18.9,-1.01,0.95,1.5,0.043,3.7,12.8,NORMAL,NORMAL,22,134.21
seq_02_normal_flow_b.mp4,117,5.85,15,19.3,-0.62,0.92,1.28,0.056,5.4,12.7,NORMAL,NORMAL,22,125.51
seq_02_normal_flow_b.mp4,118,5.9,12,16.1,-3.88,0.94,1.59,0.073,6.2,12.7,NORMAL,NORMAL,22,135.02
seq_02_normal_flow_b.mp4,119,5.95,13,16.4,-2.43,0.95,1.37,0.027,2.8,12.7,NORMAL,NORMAL,22,133.91
seq_02_normal_flow_b.mp4,120,6.0,13,16.4,-2.43,0.98,1.65,0.053,4.4,12.6,NORMAL,NORMAL,22,130.87
seq_02_normal_flow_b.mp4,121,6.05,13,16.4,-2.46,0.89,1.25,0.051,4.4,12.6,NORMAL,NORMAL,22,126.7
seq_02_normal_flow_b.mp4,122,6.1,13,16.4,-2.45,0.87,1.17,0.054,4.6,12.5,NORMAL,NORMAL,22,132.11
seq_02_normal_flow_b.mp4,123,6.15,14,19.1,0.22,0.9,1.31,0.057,5.1,12.5,NORMAL,NORMAL,22,133.31
seq_02_normal_flow_b.mp4,124,6.2,13,16.5,-2.45,0.88,1.39,0.06,5.4,12.5,NORMAL,NORMAL,22,131.04
seq_02_normal_flow_b.mp4,125,6.25,13,18.1,-0.87,1.54,14.2,0.106,39.1,12.5,NORMAL,NORMAL,22,129.39
seq_02_normal_flow_b.mp4,126,6.3,12,15.5,-3.79,0.98,1.52,0.045,4.0,12.4,NORMAL,NORMAL,22,135.07
seq_02_normal_flow_b.mp4,127,6.35,13,18.1,1.99,0.89,1.48,0.057,5.1,12.4,NORMAL,NORMAL,22,130.07
seq_02_normal_flow_b.mp4,128,6.4,12,15.6,-0.8,0.94,1.49,0.096,8.1,12.4,NORMAL,NORMAL,22,134.71
seq_02_normal_flow_b.mp4,129,6.45,13,18.2,1.75,0.91,1.48,0.034,2.8,12.4,NORMAL,NORMAL,22,137.57
seq_02_normal_flow_b.mp4,130,6.5,13,18.3,1.87,0.95,1.49,0.04,4.3,12.4,NORMAL,NORMAL,22,135.13
seq_02_normal_flow_b.mp4,131,6.55,13,18.3,1.85,0.97,1.47,0.05,4.8,12.4,NORMAL,NORMAL,22,131.53
seq_02_normal_flow_b.mp4,132,6.6,13,18.4,-0.72,0.92,1.48,0.068,5.4,12.4,NORMAL,NORMAL,22,132.77
seq_02_normal_flow_b.mp4,133,6.65,14,19.6,3.11,1.24,7.06,0.048,6.3,12.6,NORMAL,NORMAL,22,135.7
seq_02_normal_flow_b.mp4,134,6.7,14,19.8,1.69,0.91,1.48,0.049,4.9,12.9,NORMAL,NORMAL,22,137.95
seq_02_normal_flow_b.mp4,135,6.75,14,19.9,4.32,0.9,1.65,0.083,6.9,13.4,NORMAL,NORMAL,22,141.32
seq_02_normal_flow_b.mp4,136,6.8,14,19.9,1.78,0.94,1.65,0.042,3.9,14.0,NORMAL,NORMAL,22,135.07
seq_02_normal_flow_b.mp4,137,6.85,14,20.0,4.4,1.01,1.82,0.065,5.9,14.2,NORMAL,NORMAL,22,129.03
seq_02_normal_flow_b.mp4,138,6.9,15,20.0,1.78,0.9,1.41,0.067,5.6,14.5,NORMAL,NORMAL,22,129.94
seq_02_normal_flow_b.mp4,139,6.95,15,20.0,1.68,0.92,1.46,0.054,4.6,14.5,NORMAL,NORMAL,22,137.33
seq_02_normal_flow_b.mp4,140,7.0,15,20.0,1.72,0.93,1.49,0.033,3.3,14.4,NORMAL,NORMAL,22,136.33
seq_02_normal_flow_b.mp4,141,7.05,15,20.1,1.73,0.92,1.54,0.076,7.3,14.4,NORMAL,NORMAL,22,133.34
seq_02_normal_flow_b.mp4,142,7.1,15,20.1,0.49,1.0,1.51,0.047,4.4,14.5,NORMAL,NORMAL,22,122.92
seq_02_normal_flow_b.mp4,143,7.15,15,20.2,0.39,0.83,1.15,0.042,3.8,14.2,NORMAL,NORMAL,22,134.86
seq_02_normal_flow_b.mp4,144,7.2,15,20.2,0.38,0.89,1.25,0.067,6.3,14.0,NORMAL,NORMAL,22,135.99
seq_02_normal_flow_b.mp4,145,7.25,15,21.0,1.14,0.9,1.56,0.043,5.7,13.7,NORMAL,NORMAL,22,139.14
seq_02_normal_flow_b.mp4,146,7.3,16,22.2,2.27,1.23,10.86,0.078,5.3,13.7,NORMAL,NORMAL,22,128.78
seq_02_normal_flow_b.mp4,147,7.35,16,22.3,2.32,0.94,1.38,0.07,6.8,13.5,NORMAL,NORMAL,22,139.52
seq_02_normal_flow_b.mp4,148,7.4,16,22.2,2.25,0.89,1.34,0.029,2.8,13.5,NORMAL,NORMAL,22,135.41
seq_02_normal_flow_b.mp4,149,7.45,17,22.2,2.21,0.89,1.54,0.069,6.5,13.6,NORMAL,NORMAL,22,138.9
seq_02_normal_flow_b.mp4,150,7.5,17,22.1,2.05,0.98,1.67,0.034,3.3,13.6,NORMAL,NORMAL,22,144.85
seq_02_normal_flow_b.mp4,151,7.55,17,22.2,2.05,0.9,1.48,0.04,3.7,13.7,NORMAL,NORMAL,22,140.1
seq_02_normal_flow_b.mp4,152,7.6,17,22.2,2.04,0.95,1.82,0.059,5.1,13.9,NORMAL,NORMAL,22,143.0
seq_02_normal_flow_b.mp4,153,7.65,17,22.2,1.99,0.95,1.54,0.058,5.4,14.0,NORMAL,NORMAL,22,131.31
seq_02_normal_flow_b.mp4,154,7.7,17,22.2,1.18,0.96,1.4,0.054,5.1,14.1,NORMAL,NORMAL,22,143.43
seq_02_normal_flow_b.mp4,155,7.75,16,21.1,-1.18,1.29,8.65,0.074,22.5,13.9,NORMAL,NORMAL,22,138.14
seq_02_normal_flow_b.mp4,156,7.8,16,21.0,-1.27,0.96,1.38,0.065,6.0,13.5,NORMAL,NORMAL,22,136.22
seq_02_normal_flow_b.mp4,157,7.85,15,19.9,-2.37,1.28,6.76,0.059,11.9,13.0,NORMAL,NORMAL,22,143.64
seq_02_normal_flow_b.mp4,158,7.9,15,19.9,-2.36,0.95,1.53,0.054,4.9,12.5,NORMAL,NORMAL,22,142.05
seq_02_normal_flow_b.mp4,159,7.95,15,19.9,-2.27,0.92,1.52,0.043,3.8,12.0,NORMAL,NORMAL,22,136.09
seq_02_normal_flow_b.mp4,160,8.0,15,19.9,-2.28,0.87,1.48,0.024,2.6,12.0,NORMAL,NORMAL,22,135.37
seq_02_normal_flow_b.mp4,161,8.05,15,19.9,-2.26,0.95,1.78,0.089,8.3,12.0,NORMAL,NORMAL,22,139.05
seq_02_normal_flow_b.mp4,162,8.1,15,19.9,-2.37,0.96,1.59,0.053,5.2,12.0,NORMAL,NORMAL,22,131.56
seq_02_normal_flow_b.mp4,163,8.15,16,19.9,-2.3,1.0,1.96,0.051,4.5,11.9,NORMAL,NORMAL,22,136.06
seq_02_normal_flow_b.mp4,164,8.2,16,19.9,-1.13,0.95,1.51,0.037,3.7,11.9,NORMAL,NORMAL,22,136.65
seq_02_normal_flow_b.mp4,165,8.25,16,19.9,-1.08,0.94,1.51,0.077,6.5,11.8,NORMAL,NORMAL,22,139.01
seq_02_normal_flow_b.mp4,166,8.3,16,20.0,0.1,0.87,1.44,0.11,9.7,11.8,NORMAL,NORMAL,22,139.59
seq_02_normal_flow_b.mp4,167,8.35,17,21.0,1.1,1.23,8.26,0.024,2.5,11.8,NORMAL,NORMAL,22,135.69
seq_02_normal_flow_b.mp4,168,8.4,17,21.0,1.15,0.95,1.57,0.077,6.8,11.8,NORMAL,NORMAL,22,140.14
seq_02_normal_flow_b.mp4,169,8.45,17,21.1,1.23,0.86,1.34,0.079,7.2,11.8,NORMAL,NORMAL,22,126.44
seq_02_normal_flow_b.mp4,170,8.5,17,21.1,1.16,0.91,1.19,0.024,1.9,11.8,NORMAL,NORMAL,22,139.92
seq_02_normal_flow_b.mp4,171,8.55,17,21.1,1.29,0.93,1.28,0.083,7.9,11.8,NORMAL,NORMAL,22,134.71
seq_02_normal_flow_b.mp4,172,8.6,17,21.2,1.3,0.93,1.77,0.032,3.3,12.1,NORMAL,NORMAL,22,138.04
seq_02_normal_flow_b.mp4,173,8.65,17,21.2,1.28,0.81,1.13,0.035,3.3,12.4,NORMAL,NORMAL,22,129.21
seq_02_normal_flow_b.mp4,174,8.7,17,21.2,1.28,0.95,1.52,0.074,6.2,12.7,NORMAL,NORMAL,22,131.07
seq_02_normal_flow_b.mp4,175,8.75,17,21.2,1.26,0.97,1.6,0.054,5.5,13.0,NORMAL,NORMAL,22,134.69
seq_02_normal_flow_b.mp4,176,8.8,17,21.4,0.42,0.94,1.75,0.043,3.8,13.0,NORMAL,NORMAL,22,136.39
seq_02_normal_flow_b.mp4,177,8.85,17,21.4,0.39,0.97,1.74,0.054,4.9,12.9,NORMAL,NORMAL,22,131.76
seq_02_normal_flow_b.mp4,178,8.9,17,21.5,0.37,0.96,1.82,0.063,5.9,12.8,NORMAL,NORMAL,22,129.46
seq_02_normal_flow_b.mp4,179,8.95,16,19.6,-1.49,0.96,1.44,0.039,3.5,12.5,NORMAL,NORMAL,22,134.71
seq_02_normal_flow_b.mp4,180,9.0,17,21.4,0.27,0.91,1.51,0.076,6.9,12.4,NORMAL,NORMAL,22,124.5
seq_02_normal_flow_b.mp4,181,9.05,17,21.5,0.25,0.97,1.51,0.025,2.6,12.3,NORMAL,NORMAL,22,132.64
seq_02_normal_flow_b.mp4,182,9.1,17,21.5,0.3,0.93,1.51,0.057,6.2,12.2,NORMAL,NORMAL,22,133.66
seq_02_normal_flow_b.mp4,183,9.15,17,21.5,0.29,0.93,1.36,0.039,3.6,12.1,NORMAL,NORMAL,22,134.9
seq_02_normal_flow_b.mp4,184,9.2,17,21.5,0.32,0.89,1.41,0.038,3.6,12.0,NORMAL,NORMAL,22,129.82
seq_02_normal_flow_b.mp4,185,9.25,16,19.7,-1.64,0.98,1.75,0.05,4.7,11.7,NORMAL,NORMAL,22,133.73
seq_02_normal_flow_b.mp4,186,9.3,17,21.7,0.28,1.01,2.85,0.123,16.9,11.8,NORMAL,NORMAL,22,129.22
seq_02_normal_flow_b.mp4,187,9.35,17,21.7,0.26,0.98,1.57,0.048,4.3,11.8,NORMAL,NORMAL,22,136.7
seq_02_normal_flow_b.mp4,188,9.4,16,20.6,1.04,1.16,6.15,0.074,16.6,11.8,NORMAL,NORMAL,22,135.1
seq_02_normal_flow_b.mp4,189,9.45,15,19.3,-2.06,1.21,4.88,0.054,10.2,11.9,NORMAL,NORMAL,22,131.26
seq_02_normal_flow_b.mp4,190,9.5,15,19.3,-2.13,0.86,1.4,0.122,10.5,11.9,NORMAL,NORMAL,22,143.56
seq_02_normal_flow_b.mp4,191,9.55,15,19.3,-2.16,0.93,1.43,0.054,5.0,11.8,NORMAL,NORMAL,22,138.21
seq_02_normal_flow_b.mp4,192,9.6,15,19.3,-2.16,0.88,1.53,0.024,2.4,11.8,NORMAL,NORMAL,22,137.49
seq_02_normal_flow_b.mp4,193,9.65,15,19.4,-2.2,0.92,1.39,0.049,4.4,11.8,NORMAL,NORMAL,22,133.19
seq_02_normal_flow_b.mp4,194,9.7,15,19.3,-0.4,0.87,1.28,0.063,5.9,11.8,NORMAL,NORMAL,22,143.19
seq_02_normal_flow_b.mp4,195,9.75,15,19.3,-2.42,0.88,1.31,0.04,3.6,11.7,NORMAL,NORMAL,22,139.37
seq_02_normal_flow_b.mp4,196,9.8,17,20.9,-0.8,1.23,11.39,0.054,3.8,11.8,NORMAL,NORMAL,22,137.12
seq_02_normal_flow_b.mp4,197,9.85,17,20.9,0.24,0.89,1.53,0.085,6.9,11.7,NORMAL,NORMAL,22,139.07
seq_02_normal_flow_b.mp4,198,9.9,18,22.0,2.7,1.15,4.48,0.06,4.4,11.7,NORMAL,NORMAL,22,129.5
seq_02_normal_flow_b.mp4,199,9.95,18,22.0,2.66,0.91,1.3,0.061,5.6,11.7,NORMAL,NORMAL,22,139.25
seq_03_bottleneck_a.mp4,0,0.0,17,23.8,4.47,9.43,23.52,0.924,87.3,16.1,NORMAL,NORMAL,22,147.2
seq_03_bottleneck_a.mp4,1,0.05,16,19.9,0.6,0.88,1.39,0.942,96.0,16.8,NORMAL,NORMAL,22,137.89
seq_03_bottleneck_a.mp4,2,0.1,16,19.9,0.52,0.89,1.51,0.973,95.8,17.5,NORMAL,NORMAL,22,131.18
seq_03_bottleneck_a.mp4,3,0.15,16,19.8,0.45,0.95,1.51,0.942,96.0,18.2,NORMAL,NORMAL,22,134.55
seq_03_bottleneck_a.mp4,4,0.2,16,19.7,0.4,0.86,1.42,0.899,86.8,18.8,NORMAL,NORMAL,22,127.82
seq_03_bottleneck_a.mp4,5,0.25,16,22.7,1.75,0.93,1.58,0.811,83.7,19.3,NORMAL,NORMAL,22,136.5
seq_03_bottleneck_a.mp4,6,0.3,16,22.5,1.66,0.85,1.56,0.942,90.2,19.7,NORMAL,NORMAL,22,139.46
seq_03_bottleneck_a.mp4,7,0.35,16,22.5,0.43,0.86,1.41,0.864,85.6,20.2,NORMAL,NORMAL,22,131.2
seq_03_bottleneck_a.mp4,8,0.4,16,22.5,0.46,0.83,1.34,0.893,90.0,20.6,NORMAL,NORMAL,22,145.19
seq_03_bottleneck_a.mp4,9,0.45,16,22.5,-1.27,0.89,1.35,0.981,96.6,14.6,NORMAL,NORMAL,22,136.35
seq_03_bottleneck_a.mp4,10,0.5,16,22.6,2.65,0.87,1.37,0.853,86.6,15.0,NORMAL,NORMAL,22,134.03
seq_03_bottleneck_a.mp4,11,0.55,16,22.8,2.98,0.94,1.78,0.954,91.5,15.6,NORMAL,NORMAL,22,138.42
seq_03_bottleneck_a.mp4,12,0.6,16,23.0,3.24,0.84,1.21,0.875,89.0,16.3,NORMAL,NORMAL,22,131.45
seq_03_bottleneck_a.mp4,13,0.65,15,23.5,3.87,0.9,1.61,0.898,92.2,17.0,NORMAL,NORMAL,22,138.23
seq_03_bottleneck_a.mp4,14,0.7,14,23.3,0.59,0.86,1.38,0.92,90.9,17.5,NORMAL,NORMAL,22,127.49
seq_03_bottleneck_a.mp4,15,0.75,13,23.0,0.45,0.86,1.47,0.933,91.6,18.0,NORMAL,NORMAL,22,133.11
seq_03_bottleneck_a.mp4,16,0.8,13,23.1,0.6,0.89,1.47,0.944,95.8,18.6,NORMAL,NORMAL,22,134.91
seq_03_bottleneck_a.mp4,17,0.85,14,22.4,-0.08,0.87,1.56,0.807,74.4,19.0,NORMAL,NORMAL,22,138.79
seq_03_bottleneck_a.mp4,18,0.9,14,22.4,-0.14,0.85,1.45,0.967,97.3,19.6,NORMAL,NORMAL,22,136.01
seq_03_bottleneck_a.mp4,19,0.95,15,21.9,-0.75,0.92,1.65,0.907,90.6,20.2,NORMAL,NORMAL,22,134.16
seq_03_bottleneck_a.mp4,20,1.0,15,21.7,-1.18,0.89,1.43,0.889,93.8,20.6,NORMAL,NORMAL,22,145.66
seq_03_bottleneck_a.mp4,21,1.05,15,21.9,-1.17,0.85,1.26,0.921,93.1,21.0,NORMAL,NORMAL,22,129.27
seq_03_bottleneck_a.mp4,22,1.1,15,22.1,-1.46,0.8,1.3,0.906,93.4,21.4,NORMAL,NORMAL,22,131.84
seq_03_bottleneck_a.mp4,23,1.15,15,22.3,-0.93,0.83,1.41,0.974,98.5,22.0,NORMAL,NORMAL,22,128.96
seq_03_bottleneck_a.mp4,24,1.2,15,22.7,-0.34,0.79,1.15,0.935,94.7,22.5,NORMAL,NORMAL,22,135.67
seq_03_bottleneck_a.mp4,25,1.25,15,23.0,-0.11,0.83,1.41,0.883,92.8,23.0,NORMAL,NORMAL,22,133.27
seq_03_bottleneck_a.mp4,26,1.3,16,23.6,1.22,0.84,1.46,0.969,94.6,23.6,NORMAL,NORMAL,22,133.37
seq_03_bottleneck_a.mp4,27,1.35,17,23.1,0.73,0.9,1.49,0.924,92.1,24.1,NORMAL,NORMAL,22,135.4
seq_03_bottleneck_a.mp4,28,1.4,17,23.3,1.45,0.92,1.47,0.962,94.7,24.7,NORMAL,NORMAL,22,138.34
seq_03_bottleneck_a.mp4,29,1.45,17,23.4,1.7,0.82,1.58,0.943,94.4,25.3,NORMAL,NORMAL,22,135.27
seq_03_bottleneck_a.mp4,30,1.5,17,23.6,1.72,0.88,1.39,0.893,89.7,25.9,NORMAL,NORMAL,22,135.43
seq_03_bottleneck_a.mp4,31,1.55,17,23.8,1.71,0.86,1.28,0.974,97.7,26.6,NORMAL,NORMAL,22,129.5
seq_03_bottleneck_a.mp4,32,1.6,17,23.9,1.57,0.9,1.47,0.892,85.6,27.3,NORMAL,NORMAL,22,136.04
seq_03_bottleneck_a.mp4,33,1.65,17,24.1,1.48,0.9,1.55,0.852,81.1,27.9,NORMAL,NORMAL,22,140.3
seq_03_bottleneck_a.mp4,34,1.7,15,24.9,1.92,0.83,1.5,0.924,97.0,28.6,NORMAL,NORMAL,22,128.59
seq_03_bottleneck_a.mp4,35,1.75,16,24.9,1.35,0.84,1.41,0.865,86.2,29.2,NORMAL,NORMAL,22,124.93
seq_03_bottleneck_a.mp4,36,1.8,15,24.7,1.53,0.87,1.45,0.888,89.3,29.8,NORMAL,NORMAL,22,136.62
seq_03_bottleneck_a.mp4,37,1.85,15,24.4,1.14,0.94,1.5,0.984,94.8,30.4,NORMAL,NORMAL,22,133.61
seq_03_bottleneck_a.mp4,38,1.9,14,23.0,-0.36,1.13,7.12,0.923,90.0,31.1,WARNING,NORMAL,22,133.44
seq_03_bottleneck_a.mp4,39,1.95,14,22.9,-0.65,0.9,1.51,0.875,90.1,31.6,WARNING,NORMAL,22,138.46
seq_03_bottleneck_a.mp4,40,2.0,14,23.1,-0.73,0.87,1.73,0.842,85.6,32.1,WARNING,NORMAL,22,133.39
seq_03_bottleneck_a.mp4,41,2.05,14,23.1,-0.83,0.97,1.9,0.869,79.2,32.5,WARNING,NORMAL,22,129.11
seq_03_bottleneck_a.mp4,42,2.1,14,23.3,-0.84,0.93,1.61,0.915,87.3,32.9,WARNING,NORMAL,22,139.74
seq_03_bottleneck_a.mp4,43,2.15,14,23.6,-1.3,0.88,1.55,0.936,92.2,33.3,WARNING,NORMAL,22,137.47
seq_03_bottleneck_a.mp4,44,2.2,16,24.0,-0.9,0.81,1.4,0.89,90.8,33.8,WARNING,NORMAL,22,134.58
seq_03_bottleneck_a.mp4,45,2.25,17,24.2,-0.44,0.98,1.57,0.892,92.9,34.5,WARNING,NORMAL,22,133.98
seq_03_bottleneck_a.mp4,46,2.3,17,24.4,-0.07,0.82,1.23,0.936,91.1,34.9,WARNING,NORMAL,22,131.47
seq_03_bottleneck_a.mp4,47,2.35,17,24.5,1.5,0.83,1.56,0.959,98.9,35.3,WARNING,NORMAL,22,133.12
seq_03_bottleneck_a.mp4,48,2.4,17,24.6,1.65,0.76,1.22,0.806,77.4,35.6,WARNING,NORMAL,22,134.86
seq_03_bottleneck_a.mp4,49,2.45,17,24.6,1.57,0.89,1.41,0.975,97.9,36.2,WARNING,NORMAL,22,130.59
seq_03_bottleneck_a.mp4,50,2.5,18,24.3,1.26,0.79,1.46,0.875,83.4,36.8,WARNING,NORMAL,22,126.21
seq_03_bottleneck_a.mp4,51,2.55,18,24.3,0.96,0.85,1.28,0.896,92.1,37.4,WARNING,NORMAL,22,130.69
seq_03_bottleneck_a.mp4,52,2.6,18,24.2,0.62,0.89,1.44,0.907,92.5,38.0,WARNING,NORMAL,22,130.37
seq_03_bottleneck_a.mp4,53,2.65,18,24.0,-0.03,0.94,1.95,0.94,93.5,38.6,WARNING,NORMAL,22,130.54
seq_03_bottleneck_a.mp4,54,2.7,17,23.6,-0.6,0.97,1.52,0.916,92.3,39.2,WARNING,NORMAL,22,127.59
seq_03_bottleneck_a.mp4,55,2.75,17,22.7,-1.67,0.9,1.57,0.979,92.3,39.6,WARNING,NORMAL,22,136.12
seq_03_bottleneck_a.mp4,56,2.8,17,22.6,-1.92,0.85,1.16,0.807,79.9,40.1,WARNING,NORMAL,22,133.37
seq_03_bottleneck_a.mp4,57,2.85,17,22.5,-2.04,0.8,1.28,0.957,98.0,40.5,WARNING,NORMAL,22,133.8
seq_03_bottleneck_a.mp4,58,2.9,16,21.4,-3.19,0.97,2.67,0.924,90.9,41.1,WARNING,NORMAL,22,131.23
seq_03_bottleneck_a.mp4,59,2.95,16,21.4,-2.95,0.83,1.34,0.923,91.1,41.7,WARNING,NORMAL,22,136.15
seq_03_bottleneck_a.mp4,60,3.0,16,21.4,-2.88,0.84,1.7,0.911,91.3,42.4,WARNING,NORMAL,22,135.35
seq_03_bottleneck_a.mp4,61,3.05,16,21.4,-2.82,0.85,1.63,0.93,90.0,43.0,WARNING,NORMAL,22,136.79
seq_03_bottleneck_a.mp4,62,3.1,15,20.0,-4.03,1.45,11.7,0.959,80.1,43.9,WARNING,NORMAL,22,145.13
seq_03_bottleneck_a.mp4,63,3.15,14,19.6,-4.03,0.82,1.41,0.827,78.0,44.2,WARNING,NORMAL,22,138.45
seq_03_bottleneck_a.mp4,64,3.2,13,18.4,-4.34,1.37,12.45,0.828,54.6,45.0,WARNING,NORMAL,22,137.56
seq_03_bottleneck_a.mp4,65,3.25,13,18.2,-4.38,0.83,1.37,0.872,83.8,45.4,WARNING,NORMAL,22,143.59
seq_03_bottleneck_a.mp4,66,3.3,13,18.1,-4.49,0.82,1.49,0.815,80.3,45.9,WARNING,NORMAL,22,143.79
seq_03_bottleneck_a.mp4,67,3.35,13,18.0,-3.39,0.98,1.72,0.956,94.0,46.4,WARNING,NORMAL,22,145.95
seq_03_bottleneck_a.mp4,68,3.4,13,18.0,-3.36,0.81,1.53,0.89,83.6,46.8,WARNING,NORMAL,22,134.1
seq_03_bottleneck_a.mp4,69,3.45,13,17.9,-3.42,0.84,1.53,0.921,81.4,47.3,WARNING,NORMAL,22,138.52
seq_03_bottleneck_a.mp4,70,3.5,13,17.9,-3.45,0.81,1.47,0.864,87.6,47.8,WARNING,NORMAL,22,131.7
seq_03_bottleneck_a.mp4,71,3.55,13,18.0,-2.01,0.87,1.4,0.9,89.7,47.9,WARNING,NORMAL,22,137.45
seq_03_bottleneck_a.mp4,72,3.6,13,18.0,-1.62,0.79,1.41,0.764,68.8,48.2,WARNING,NORMAL,22,132.3
seq_03_bottleneck_a.mp4,73,3.65,13,18.0,-0.38,0.74,1.12,0.939,98.1,48.7,WARNING,NORMAL,22,129.23
seq_03_bottleneck_a.mp4,74,3.7,13,18.1,-0.13,0.81,1.48,0.735,68.9,49.1,WARNING,NORMAL,22,144.06
seq_03_bottleneck_a.mp4,75,3.75,13,18.1,0.05,0.82,1.15,0.915,89.1,49.7,WARNING,NORMAL,22,132.8
seq_03_bottleneck_a.mp4,76,3.8,13,18.3,0.26,0.82,1.26,0.963,87.7,50.2,WARNING,NORMAL,22,133.27
seq_03_bottleneck_a.mp4,77,3.85,13,18.4,0.38,0.84,1.65,0.794,83.2,50.7,WARNING,NORMAL,22,133.7
seq_03_bottleneck_a.mp4,78,3.9,13,18.5,0.6,0.87,2.08,0.94,93.5,51.3,HIGH RISK,NORMAL,22,133.78
seq_03_bottleneck_a.mp4,79,3.95,14,18.8,0.84,0.96,1.73,0.972,92.7,51.9,HIGH RISK,NORMAL,22,136.82
seq_03_bottleneck_a.mp4,80,4.0,14,19.0,1.03,0.84,1.45,0.973,96.3,52.4,HIGH RISK,NORMAL,22,132.64
seq_03_bottleneck_a.mp4,81,4.05,14,18.0,0.04,0.88,2.75,0.893,88.9,53.0,HIGH RISK,NORMAL,22,133.56
seq_03_bottleneck_a.mp4,82,4.1,14,18.2,0.25,0.87,1.54,0.846,84.2,53.6,HIGH RISK,NORMAL,22,126.27
seq_03_bottleneck_a.mp4,83,4.15,14,18.4,0.34,0.78,1.35,0.871,89.2,54.3,HIGH RISK,NORMAL,22,135.9
seq_03_bottleneck_a.mp4,84,4.2,14,18.6,0.48,0.81,1.36,0.868,83.3,54.8,HIGH RISK,NORMAL,22,131.2
seq_03_bottleneck_a.mp4,85,4.25,13,18.8,0.55,0.76,1.14,0.81,78.7,55.3,HIGH RISK,NORMAL,22,131.97
seq_03_bottleneck_a.mp4,86,4.3,15,19.1,0.73,0.84,1.5,0.848,84.1,55.8,HIGH RISK,NORMAL,22,134.88
seq_03_bottleneck_a.mp4,87,4.35,15,19.1,0.54,0.84,1.27,0.929,95.4,56.4,HIGH RISK,NORMAL,22,134.36
seq_03_bottleneck_a.mp4,88,4.4,15,19.0,0.24,0.88,1.3,0.816,78.5,56.7,HIGH RISK,NORMAL,22,133.8
seq_03_bottleneck_a.mp4,89,4.45,14,17.6,-1.44,1.69,15.16,0.851,68.2,57.6,HIGH RISK,NORMAL,22,128.7
seq_03_bottleneck_a.mp4,90,4.5,14,17.5,-0.51,0.9,1.6,0.759,70.5,58.0,HIGH RISK,NORMAL,22,136.41
seq_03_bottleneck_a.mp4,91,4.55,14,17.4,-0.87,0.82,1.45,0.791,74.9,58.3,HIGH RISK,NORMAL,22,132.04
seq_03_bottleneck_a.mp4,92,4.6,14,17.1,-1.29,0.91,1.7,0.804,76.0,58.8,HIGH RISK,NORMAL,22,128.68
seq_03_bottleneck_a.mp4,93,4.65,14,17.0,-1.59,0.88,1.64,0.781,72.3,59.3,HIGH RISK,NORMAL,22,126.33
seq_03_bottleneck_a.mp4,94,4.7,12,14.2,-4.64,1.1,4.98,0.921,78.4,60.1,HIGH RISK,NORMAL,22,135.64
seq_03_bottleneck_a.mp4,95,4.75,11,12.9,-6.22,1.77,15.23,0.686,52.3,61.3,HIGH RISK,NORMAL,22,149.81
seq_03_bottleneck_a.mp4,96,4.8,11,12.9,-6.17,0.78,1.13,0.658,59.8,61.6,HIGH RISK,WARNING,22,171.51
seq_03_bottleneck_a.mp4,97,4.85,11,12.9,-6.1,0.75,1.13,0.769,76.1,61.9,HIGH RISK,WARNING,22,174.57
seq_03_bottleneck_a.mp4,98,4.9,12,15.0,-2.51,0.67,1.01,0.489,42.9,61.4,HIGH RISK,WARNING,22,162.48
seq_03_bottleneck_a.mp4,99,4.95,14,16.4,-1.06,0.87,3.6,0.888,98.0,61.2,HIGH RISK,WARNING,23,160.2
seq_03_bottleneck_a.mp4,100,5.0,14,16.4,-0.91,0.78,1.13,0.571,56.4,60.8,HIGH RISK,WARNING,23,144.81
seq_03_bottleneck_a.mp4,101,5.05,14,16.4,-0.67,0.69,1.01,0.772,74.2,60.6,HIGH RISK,WARNING,23,147.25
seq_03_bottleneck_a.mp4,102,5.1,15,17.6,0.64,0.77,2.41,0.759,80.2,60.4,HIGH RISK,WARNING,24,140.29
seq_03_bottleneck_a.mp4,103,5.15,15,17.6,3.41,0.73,1.18,0.75,73.6,60.3,HIGH RISK,WARNING,24,144.04
seq_03_bottleneck_a.mp4,104,5.2,15,17.6,4.71,0.76,1.4,0.97,88.0,60.3,HIGH RISK,WARNING,24,141.77
seq_03_bottleneck_a.mp4,105,5.25,16,18.9,5.97,1.65,17.59,0.68,41.3,60.1,HIGH RISK,WARNING,25,129.87
seq_03_bottleneck_a.mp4,106,5.3,16,18.9,5.99,0.74,1.15,0.676,67.2,60.3,HIGH RISK,WARNING,25,139.63
seq_03_bottleneck_a.mp4,107,5.35,16,18.9,3.87,0.75,1.37,0.974,92.6,60.7,HIGH RISK,WARNING,25,136.32
seq_03_bottleneck_a.mp4,108,5.4,17,20.0,3.56,1.4,21.45,0.943,54.9,60.8,HIGH RISK,WARNING,26,138.86
seq_03_bottleneck_a.mp4,109,5.45,17,20.0,3.56,0.77,1.24,0.897,80.9,60.9,HIGH RISK,WARNING,26,142.87
seq_03_bottleneck_a.mp4,110,5.5,17,20.0,3.56,0.77,1.22,0.797,78.1,61.0,HIGH RISK,WARNING,26,136.21
seq_03_bottleneck_a.mp4,111,5.55,17,20.3,2.72,0.81,2.25,0.762,76.6,61.1,HIGH RISK,WARNING,27,138.02
seq_03_bottleneck_a.mp4,112,5.6,17,20.3,2.73,0.76,1.23,0.927,91.1,61.3,HIGH RISK,WARNING,27,143.45
seq_03_bottleneck_a.mp4,113,5.65,17,20.3,2.73,0.74,1.13,0.864,83.4,61.5,HIGH RISK,WARNING,27,136.95
seq_03_bottleneck_a.mp4,114,5.7,17,21.1,2.25,0.77,1.94,0.768,79.9,61.5,HIGH RISK,WARNING,28,136.09
seq_03_bottleneck_a.mp4,115,5.75,17,21.2,2.27,0.84,1.3,0.816,76.4,60.7,HIGH RISK,WARNING,28,142.27
seq_03_bottleneck_a.mp4,116,5.8,17,21.2,2.26,0.74,1.23,0.888,85.1,60.5,HIGH RISK,WARNING,28,138.92
seq_03_bottleneck_a.mp4,117,5.85,18,22.4,2.4,0.98,7.74,0.93,72.0,60.4,HIGH RISK,WARNING,29,133.53
seq_03_bottleneck_a.mp4,118,5.9,17,22.4,2.36,0.86,1.33,0.762,78.0,60.3,HIGH RISK,WARNING,29,137.81
seq_03_bottleneck_a.mp4,119,5.95,17,22.2,2.22,0.73,1.14,0.814,78.7,60.2,HIGH RISK,WARNING,29,141.02
seq_03_bottleneck_a.mp4,120,6.0,18,23.2,2.85,1.03,6.67,0.718,52.4,59.9,HIGH RISK,WARNING,30,134.78
seq_03_bottleneck_a.mp4,121,6.05,19,23.5,3.15,0.69,1.16,0.841,84.0,59.9,HIGH RISK,WARNING,30,138.12
seq_03_bottleneck_a.mp4,122,6.1,19,23.5,3.12,0.79,1.13,0.901,90.8,59.9,HIGH RISK,WARNING,30,128.86
seq_03_bottleneck_a.mp4,123,6.15,19,24.0,2.92,0.8,1.48,0.678,68.5,59.7,HIGH RISK,WARNING,31,144.84
seq_03_bottleneck_a.mp4,124,6.2,19,24.0,2.88,0.72,1.02,0.702,69.4,59.6,HIGH RISK,WARNING,31,138.18
seq_03_bottleneck_a.mp4,125,6.25,19,24.0,2.88,0.8,1.25,0.796,80.7,59.5,HIGH RISK,WARNING,31,133.95
seq_03_bottleneck_a.mp4,126,6.3,19,24.8,2.35,0.79,1.5,0.721,73.3,59.4,HIGH RISK,WARNING,32,163.05
seq_03_bottleneck_a.mp4,127,6.35,19,24.6,2.28,0.7,1.05,0.89,92.1,59.4,HIGH RISK,WARNING,32,173.99
seq_03_bottleneck_a.mp4,128,6.4,19,24.6,2.41,0.79,1.26,0.756,72.4,59.2,HIGH RISK,WARNING,32,226.73
seq_03_bottleneck_a.mp4,129,6.45,19,25.1,1.86,0.78,1.13,0.761,74.1,59.1,HIGH RISK,WARNING,33,176.55
seq_03_bottleneck_a.mp4,130,6.5,18,25.0,1.52,0.79,1.43,0.686,71.9,58.9,HIGH RISK,WARNING,33,154.35
seq_03_bottleneck_a.mp4,131,6.55,18,25.0,1.55,0.81,1.39,0.827,75.5,58.8,HIGH RISK,WARNING,33,148.41
seq_03_bottleneck_a.mp4,132,6.6,19,26.0,2.0,0.74,1.56,0.754,73.1,58.6,HIGH RISK,WARNING,34,134.32
seq_03_bottleneck_a.mp4,133,6.65,19,26.1,2.01,0.83,1.3,0.682,69.3,58.5,HIGH RISK,WARNING,34,174.56
seq_03_bottleneck_a.mp4,134,6.7,19,25.9,1.85,0.77,1.21,0.702,68.8,58.3,HIGH RISK,WARNING,34,181.51
seq_03_bottleneck_a.mp4,135,6.75,19,26.1,1.32,1.0,6.2,0.74,56.7,58.1,HIGH RISK,WARNING,35,184.8
seq_03_bottleneck_a.mp4,136,6.8,19,26.2,1.51,0.77,1.12,0.433,41.3,57.8,HIGH RISK,WARNING,35,159.32
seq_03_bottleneck_a.mp4,137,6.85,19,26.1,1.5,0.73,1.19,0.701,70.0,57.7,HIGH RISK,WARNING,35,176.33
seq_03_bottleneck_a.mp4,138,6.9,19,27.1,2.07,0.88,4.3,0.59,47.0,57.5,HIGH RISK,WARNING,36,144.02
seq_03_bottleneck_a.mp4,139,6.95,19,26.5,1.44,0.83,1.38,0.539,54.2,57.5,HIGH RISK,WARNING,36,154.74
seq_03_bottleneck_a.mp4,140,7.0,19,26.3,1.25,0.78,1.62,0.634,66.0,57.3,HIGH RISK,WARNING,36,147.44
seq_03_bottleneck_a.mp4,141,7.05,18,24.6,-1.45,0.85,2.93,0.533,66.2,57.1,HIGH RISK,WARNING,37,146.66
seq_03_bottleneck_a.mp4,142,7.1,18,24.4,-1.6,0.74,1.17,0.515,54.5,56.7,HIGH RISK,WARNING,37,150.86
seq_03_bottleneck_a.mp4,143,7.15,18,24.4,-1.51,0.81,1.27,0.45,41.4,56.2,HIGH RISK,WARNING,37,142.41
seq_03_bottleneck_a.mp4,144,7.2,19,25.3,-0.76,1.14,11.05,0.367,24.9,55.9,HIGH RISK,WARNING,38,165.97
seq_03_bottleneck_a.mp4,145,7.25,19,25.3,-0.84,0.73,1.11,0.431,40.9,55.3,HIGH RISK,WARNING,38,156.48
seq_03_bottleneck_a.mp4,146,7.3,19,25.3,-0.83,0.77,1.22,0.504,45.9,54.9,HIGH RISK,WARNING,38,157.38
seq_03_bottleneck_a.mp4,147,7.35,19,26.4,-0.71,0.76,1.43,0.497,46.3,54.6,HIGH RISK,WARNING,39,149.54
seq_03_bottleneck_a.mp4,148,7.4,19,26.4,-0.04,0.72,1.19,0.321,29.3,54.1,HIGH RISK,WARNING,39,148.96
seq_03_bottleneck_a.mp4,149,7.45,19,26.4,0.17,0.78,1.21,0.481,44.3,53.8,HIGH RISK,WARNING,39,154.9
seq_03_bottleneck_a.mp4,150,7.5,19,27.0,2.37,0.76,1.21,0.291,28.0,53.4,HIGH RISK,WARNING,40,136.53
seq_03_bottleneck_a.mp4,151,7.55,19,27.0,2.52,0.76,1.19,0.448,42.4,53.1,HIGH RISK,WARNING,40,134.39
seq_03_bottleneck_a.mp4,152,7.6,19,27.0,2.64,0.75,1.14,0.413,37.8,52.9,HIGH RISK,WARNING,40,145.26
seq_03_bottleneck_a.mp4,153,7.65,18,28.1,2.77,0.78,1.56,0.469,49.4,52.7,HIGH RISK,WARNING,41,138.98
seq_03_bottleneck_a.mp4,154,7.7,18,28.1,2.78,0.72,1.15,0.503,47.9,52.6,HIGH RISK,WARNING,41,137.97
seq_03_bottleneck_a.mp4,155,7.75,18,28.1,2.82,0.78,1.19,0.24,24.5,52.3,HIGH RISK,WARNING,41,138.55
seq_03_bottleneck_a.mp4,156,7.8,19,29.3,2.9,0.77,1.77,0.619,54.9,52.3,HIGH RISK,WARNING,42,150.93
seq_03_bottleneck_a.mp4,157,7.85,19,28.6,2.19,0.81,1.16,0.362,35.1,52.0,HIGH RISK,WARNING,42,212.02
seq_03_bottleneck_a.mp4,158,7.9,18,28.9,2.44,0.75,1.18,0.347,34.2,51.7,HIGH RISK,WARNING,42,203.76
seq_03_bottleneck_a.mp4,159,7.95,18,29.8,2.84,0.81,1.62,0.421,40.9,51.5,HIGH RISK,WARNING,43,166.99
seq_03_bottleneck_a.mp4,160,8.0,19,30.0,3.07,0.78,1.28,0.463,47.6,51.3,HIGH RISK,WARNING,43,167.19
seq_03_bottleneck_a.mp4,161,8.05,19,30.0,2.97,0.73,1.14,0.26,24.9,50.9,WARNING,WARNING,43,162.82
seq_03_bottleneck_a.mp4,162,8.1,19,30.6,2.55,0.84,1.87,0.468,44.1,50.6,WARNING,WARNING,44,157.68
seq_03_bottleneck_a.mp4,163,8.15,19,30.5,2.44,0.79,1.4,0.335,34.2,50.5,WARNING,WARNING,44,184.64
seq_03_bottleneck_a.mp4,164,8.2,19,30.5,2.38,0.73,1.3,0.271,29.0,50.2,WARNING,WARNING,44,140.67
seq_03_bottleneck_a.mp4,165,8.25,20,31.6,2.3,0.87,3.71,0.451,40.0,50.0,WARNING,WARNING,45,176.91
seq_03_bottleneck_a.mp4,166,8.3,19,31.2,2.62,0.76,1.23,0.298,27.5,49.7,WARNING,WARNING,45,146.63
seq_03_bottleneck_a.mp4,167,8.35,20,31.1,2.24,0.79,1.29,0.366,32.9,49.3,WARNING,WARNING,45,133.05
seq_03_bottleneck_a.mp4,168,8.4,20,30.9,1.15,0.76,1.19,0.346,33.9,48.9,WARNING,HIGH RISK,46,132.03
seq_03_bottleneck_a.mp4,169,8.45,20,30.8,0.77,0.76,1.21,0.363,34.4,48.4,WARNING,HIGH RISK,46,138.98
seq_03_bottleneck_a.mp4,170,8.5,19,30.2,0.2,0.75,1.23,0.301,29.2,48.0,WARNING,HIGH RISK,46,141.18
seq_03_bottleneck_a.mp4,171,8.55,19,30.5,-0.16,0.81,1.55,0.401,38.4,47.5,WARNING,HIGH RISK,47,135.28
seq_03_bottleneck_a.mp4,172,8.6,18,25.7,-4.82,0.74,1.15,0.45,44.2,47.0,WARNING,HIGH RISK,47,119.05
seq_03_bottleneck_a.mp4,173,8.65,19,28.6,-1.89,0.78,1.13,0.293,25.4,46.5,WARNING,HIGH RISK,47,127.45
seq_03_bottleneck_a.mp4,174,8.7,22,32.1,0.53,1.15,11.16,0.298,21.8,46.4,WARNING,HIGH RISK,48,127.51
seq_03_bottleneck_a.mp4,175,8.75,22,32.0,0.74,0.76,1.16,0.359,32.4,45.9,WARNING,HIGH RISK,48,134.24
seq_03_bottleneck_a.mp4,176,8.8,21,32.1,1.03,0.7,1.13,0.306,32.0,45.4,WARNING,HIGH RISK,48,120.34
seq_03_bottleneck_a.mp4,177,8.85,20,32.6,1.63,0.74,1.16,0.348,35.3,45.1,WARNING,HIGH RISK,49,123.05
seq_03_bottleneck_a.mp4,178,8.9,20,32.5,1.65,0.75,1.29,0.283,26.4,44.7,WARNING,HIGH RISK,49,120.82
seq_03_bottleneck_a.mp4,179,8.95,20,32.1,1.9,0.76,1.29,0.339,33.1,44.4,WARNING,HIGH RISK,49,119.24
seq_03_bottleneck_a.mp4,180,9.0,19,33.2,2.71,0.82,1.23,0.283,26.8,44.1,WARNING,HIGH RISK,50,120.94
seq_03_bottleneck_a.mp4,181,9.05,19,33.2,7.46,0.72,1.19,0.368,37.4,44.0,WARNING,HIGH RISK,50,113.53
seq_03_bottleneck_a.mp4,182,9.1,19,33.0,4.41,0.73,1.18,0.329,33.3,44.1,WARNING,HIGH RISK,50,111.16
seq_03_bottleneck_a.mp4,183,9.15,19,33.3,1.14,0.81,1.28,0.194,15.6,43.6,WARNING,HIGH RISK,51,131.93
seq_03_bottleneck_a.mp4,184,9.2,18,31.3,-0.71,0.71,1.11,0.493,50.3,43.4,WARNING,HIGH RISK,51,144.93
seq_03_bottleneck_a.mp4,185,9.25,19,33.2,1.05,0.74,1.11,0.335,36.4,43.1,WARNING,HIGH RISK,51,139.72
seq_03_bottleneck_a.mp4,186,9.3,20,34.4,1.84,0.81,1.64,0.351,35.0,42.9,WARNING,HIGH RISK,52,134.57
seq_03_bottleneck_a.mp4,187,9.35,20,34.6,2.12,0.81,1.22,0.365,34.7,42.5,WARNING,HIGH RISK,52,132.43
seq_03_bottleneck_a.mp4,188,9.4,19,33.6,1.54,1.25,9.47,0.351,56.0,42.5,WARNING,HIGH RISK,52,139.83
seq_03_bottleneck_a.mp4,189,9.45,19,34.8,1.63,0.75,1.75,0.348,39.3,42.2,WARNING,HIGH RISK,53,133.96
seq_03_bottleneck_a.mp4,190,9.5,19,34.9,1.72,0.76,1.15,0.341,33.3,41.9,WARNING,HIGH RISK,53,137.51
seq_03_bottleneck_a.mp4,191,9.55,19,33.0,-0.01,0.78,1.21,0.329,33.3,41.5,WARNING,HIGH RISK,53,195.65
seq_03_bottleneck_a.mp4,192,9.6,19,35.1,1.82,0.75,1.31,0.358,37.4,41.1,WARNING,HIGH RISK,54,142.66
seq_03_bottleneck_a.mp4,193,9.65,19,35.1,3.9,0.75,1.27,0.255,26.5,41.3,WARNING,HIGH RISK,54,139.29
seq_03_bottleneck_a.mp4,194,9.7,20,35.5,2.31,0.78,1.27,0.311,29.4,41.1,WARNING,HIGH RISK,54,134.45
seq_03_bottleneck_a.mp4,195,9.75,21,35.6,1.2,0.76,1.26,0.402,37.7,40.9,WARNING,HIGH RISK,55,128.83
seq_03_bottleneck_a.mp4,196,9.8,20,36.1,1.56,0.77,1.14,0.259,23.7,40.6,WARNING,HIGH RISK,55,138.52
seq_03_bottleneck_a.mp4,197,9.85,20,36.1,2.49,0.77,1.17,0.323,31.0,40.0,WARNING,HIGH RISK,55,134.64
seq_03_bottleneck_a.mp4,198,9.9,22,37.3,2.54,0.76,1.55,0.311,30.8,40.0,WARNING,HIGH RISK,56,125.57
seq_03_bottleneck_a.mp4,199,9.95,22,37.1,2.23,0.78,1.34,0.235,21.9,39.5,WARNING,HIGH RISK,56,140.32
seq_03_bottleneck_a.mp4,200,10.0,22,37.3,4.31,0.79,1.35,0.333,35.3,39.5,WARNING,HIGH RISK,56,127.28
seq_03_bottleneck_a.mp4,201,10.05,22,38.6,3.5,0.78,1.35,0.345,32.6,39.4,WARNING,HIGH RISK,57,123.39
seq_03_bottleneck_a.mp4,202,10.1,22,38.4,3.22,0.72,1.21,0.285,28.3,39.2,WARNING,HIGH RISK,57,117.27
seq_03_bottleneck_a.mp4,203,10.15,22,38.4,2.94,0.77,1.34,0.32,30.6,38.9,WARNING,HIGH RISK,57,114.9
seq_03_bottleneck_a.mp4,204,10.2,23,38.9,3.29,0.85,3.05,0.293,26.0,38.6,WARNING,HIGH RISK,58,116.95
seq_03_bottleneck_a.mp4,205,10.25,23,39.8,3.68,0.75,1.15,0.33,32.0,38.5,WARNING,HIGH RISK,58,110.16
seq_03_bottleneck_a.mp4,206,10.3,23,39.9,3.76,0.76,1.25,0.349,34.9,38.4,WARNING,HIGH RISK,58,124.47
seq_03_bottleneck_a.mp4,207,10.35,21,36.8,-0.5,0.77,1.34,0.323,33.2,38.0,WARNING,HIGH RISK,59,109.61
seq_03_bottleneck_a.mp4,208,10.4,20,36.5,-0.66,0.72,1.07,0.29,30.0,37.6,WARNING,HIGH RISK,59,115.89
seq_03_bottleneck_a.mp4,209,10.45,18,37.6,0.28,0.75,1.19,0.377,36.4,37.2,WARNING,HIGH RISK,59,153.73
seq_03_bottleneck_a.mp4,210,10.5,19,37.3,-1.35,0.82,1.27,0.35,38.1,36.8,WARNING,HIGH RISK,60,155.44
seq_03_bottleneck_a.mp4,211,10.55,17,31.7,-6.65,0.72,1.13,0.321,30.7,36.1,WARNING,HIGH RISK,60,156.71
seq_03_bottleneck_a.mp4,212,10.6,17,30.5,-7.91,0.77,1.58,0.306,40.8,35.5,WARNING,HIGH RISK,60,154.17
seq_03_bottleneck_a.mp4,213,10.65,17,25.8,-13.15,0.88,2.34,0.342,31.2,35.2,WARNING,HIGH RISK,61,149.95
seq_03_bottleneck_a.mp4,214,10.7,17,25.7,-14.14,0.74,1.22,0.242,24.7,34.8,WARNING,HIGH RISK,61,157.26
seq_03_bottleneck_a.mp4,215,10.75,18,31.3,-8.62,0.82,1.37,0.35,38.8,34.6,WARNING,HIGH RISK,61,156.67
seq_03_bottleneck_a.mp4,216,10.8,17,25.4,-11.48,0.75,1.16,0.353,38.3,34.3,WARNING,HIGH RISK,62,151.3
seq_03_bottleneck_a.mp4,217,10.85,18,30.7,-5.78,0.76,1.2,0.272,24.3,33.9,WARNING,HIGH RISK,62,130.7
seq_03_bottleneck_a.mp4,218,10.9,17,25.1,-12.53,0.75,1.18,0.335,33.2,33.7,WARNING,HIGH RISK,62,116.06
seq_03_bottleneck_a.mp4,219,10.95,17,25.2,-12.03,0.83,1.3,0.276,25.1,33.4,WARNING,HIGH RISK,63,111.61
seq_03_bottleneck_a.mp4,220,11.0,17,25.1,-6.58,0.77,1.24,0.307,32.1,33.2,WARNING,HIGH RISK,63,125.04
seq_03_bottleneck_a.mp4,221,11.05,17,25.1,-5.4,0.74,1.19,0.286,29.6,32.9,WARNING,HIGH RISK,63,125.76
seq_03_bottleneck_a.mp4,222,11.1,18,26.1,0.34,0.74,1.32,0.305,31.9,32.4,WARNING,HIGH RISK,64,177.1
seq_03_bottleneck_a.mp4,223,11.15,18,26.0,0.31,0.75,1.12,0.204,17.0,32.1,WARNING,HIGH RISK,64,148.42
seq_03_bottleneck_a.mp4,224,11.2,18,26.1,-5.22,0.73,1.19,0.265,27.6,31.8,WARNING,HIGH RISK,64,128.23
seq_03_bottleneck_a.mp4,225,11.25,18,28.5,3.14,1.08,8.11,0.256,59.9,31.7,WARNING,HIGH RISK,65,128.56
seq_03_bottleneck_a.mp4,226,11.3,17,24.7,-6.02,0.7,1.11,0.146,12.9,31.3,WARNING,HIGH RISK,65,136.64
seq_03_bottleneck_a.mp4,227,11.35,18,28.4,3.3,0.76,1.4,0.232,22.2,30.9,NORMAL,HIGH RISK,65,116.3
seq_03_bottleneck_a.mp4,228,11.4,19,29.6,4.36,0.89,5.2,0.172,14.6,30.5,NORMAL,HIGH RISK,66,117.65
seq_03_bottleneck_a.mp4,229,11.45,19,29.6,4.47,0.77,1.17,0.117,11.9,30.1,NORMAL,HIGH RISK,66,118.31
seq_03_bottleneck_a.mp4,230,11.5,19,29.6,4.53,0.71,1.19,0.171,16.3,29.9,NORMAL,HIGH RISK,66,111.61
seq_03_bottleneck_a.mp4,231,11.55,20,30.8,4.71,0.79,1.36,0.176,16.6,29.9,NORMAL,HIGH RISK,67,113.41
seq_03_bottleneck_a.mp4,232,11.6,20,30.9,4.96,0.68,1.23,0.203,21.6,29.8,NORMAL,HIGH RISK,67,124.99
seq_03_bottleneck_a.mp4,233,11.65,19,35.4,9.39,0.77,1.24,0.182,17.0,29.8,NORMAL,HIGH RISK,67,155.28
seq_03_bottleneck_a.mp4,234,11.7,21,37.1,8.61,0.88,3.14,0.197,20.9,29.9,NORMAL,HIGH RISK,68,116.61
seq_03_bottleneck_a.mp4,235,11.75,21,37.1,12.43,0.75,1.16,0.108,10.1,29.8,NORMAL,HIGH RISK,68,115.78
seq_03_bottleneck_a.mp4,236,11.8,20,36.7,8.28,0.68,1.13,0.201,20.6,30.2,NORMAL,HIGH RISK,68,111.89
seq_03_bottleneck_a.mp4,237,11.85,21,32.3,2.69,0.68,1.08,0.228,24.3,29.9,NORMAL,HIGH RISK,68,109.82
seq_03_bottleneck_a.mp4,238,11.9,20,31.7,2.1,0.78,1.21,0.126,11.7,29.6,NORMAL,HIGH RISK,68,109.47
seq_03_bottleneck_a.mp4,239,11.95,19,30.1,0.44,0.72,1.21,0.166,20.5,29.2,NORMAL,HIGH RISK,68,104.79
seq_03_counter_flow_surge.mp4,0,0.0,21,26.8,-3.98,7.67,18.75,0.874,83.1,34.5,WARNING,NORMAL,22,114.2
seq_03_counter_flow_surge.mp4,1,0.05,21,26.8,-4.13,0.98,1.61,0.032,3.1,34.0,WARNING,NORMAL,22,112.78
seq_03_counter_flow_surge.mp4,2,0.1,21,26.8,-8.64,0.96,1.76,0.038,3.6,33.4,WARNING,NORMAL,22,109.75
seq_03_counter_flow_surge.mp4,3,0.15,21,26.8,-10.32,1.02,2.02,0.048,4.3,32.6,WARNING,NORMAL,22,112.71
seq_03_counter_flow_surge.mp4,4,0.2,21,26.8,-10.32,1.07,2.03,0.049,4.0,32.6,WARNING,NORMAL,22,104.12
seq_03_counter_flow_surge.mp4,5,0.25,21,26.8,-9.84,1.04,2.01,0.046,4.0,32.6,WARNING,NORMAL,22,106.14
seq_03_counter_flow_surge.mp4,6,0.3,21,26.8,-5.46,1.11,2.15,0.059,5.1,32.7,WARNING,NORMAL,22,102.28
seq_03_counter_flow_surge.mp4,7,0.35,21,26.8,-4.91,0.99,1.95,0.079,6.4,32.8,WARNING,NORMAL,22,100.76
seq_03_counter_flow_surge.mp4,8,0.4,21,26.8,-3.28,1.05,1.95,0.086,7.3,32.9,WARNING,NORMAL,22,103.31
seq_03_counter_flow_surge.mp4,9,0.45,21,26.8,-0.07,0.94,1.81,0.072,6.4,27.2,NORMAL,NORMAL,22,106.74
seq_03_counter_flow_surge.mp4,10,0.5,21,26.8,0.01,1.01,1.74,0.043,3.8,25.0,NORMAL,NORMAL,22,103.96
seq_03_counter_flow_surge.mp4,11,0.55,21,26.8,-0.03,0.96,1.79,0.123,10.3,24.8,NORMAL,NORMAL,22,103.68
seq_03_counter_flow_surge.mp4,12,0.6,21,26.8,0.0,1.0,1.82,0.094,8.4,24.6,NORMAL,NORMAL,22,104.61
seq_03_counter_flow_surge.mp4,13,0.65,21,26.8,-0.01,0.92,1.44,0.039,3.5,24.3,NORMAL,NORMAL,22,106.14
seq_03_counter_flow_surge.mp4,14,0.7,20,26.8,-0.07,0.93,1.62,0.072,6.6,24.1,NORMAL,NORMAL,22,101.79
seq_03_counter_flow_surge.mp4,15,0.75,20,26.8,-0.03,0.98,1.56,0.042,3.6,23.9,NORMAL,NORMAL,22,103.75
seq_03_counter_flow_surge.mp4,16,0.8,20,26.7,-0.07,0.98,1.59,0.072,5.9,23.6,NORMAL,NORMAL,22,104.41
seq_03_counter_flow_surge.mp4,17,0.85,20,26.7,-0.11,1.0,1.9,0.035,2.9,23.4,NORMAL,NORMAL,22,108.98
seq_03_counter_flow_surge.mp4,18,0.9,20,26.7,-0.05,1.0,1.83,0.057,4.9,23.2,NORMAL,NORMAL,22,104.07
seq_03_counter_flow_surge.mp4,19,0.95,20,26.7,-0.13,0.99,1.92,0.072,6.3,23.0,NORMAL,NORMAL,22,114.62
seq_03_counter_flow_surge.mp4,20,1.0,20,26.7,-0.04,1.05,2.05,0.025,2.4,22.7,NORMAL,NORMAL,22,113.86
seq_03_counter_flow_surge.mp4,21,1.05,19,25.6,-1.25,1.4,9.22,0.062,8.9,22.6,NORMAL,NORMAL,22,115.94
seq_03_counter_flow_surge.mp4,22,1.1,19,24.3,-2.44,1.18,3.09,0.075,6.5,22.6,NORMAL,NORMAL,22,113.75
seq_03_counter_flow_surge.mp4,23,1.15,19,24.3,-2.43,1.09,1.96,0.048,4.2,22.7,NORMAL,NORMAL,22,111.54
seq_03_counter_flow_surge.mp4,24,1.2,19,24.3,-2.44,1.03,1.96,0.069,6.1,22.7,NORMAL,NORMAL,22,113.12
seq_03_counter_flow_surge.mp4,25,1.25,19,24.3,-2.41,1.03,1.89,0.115,10.2,22.6,NORMAL,NORMAL,22,112.2
seq_03_counter_flow_surge.mp4,26,1.3,19,24.3,-2.38,0.88,1.53,0.089,7.9,22.4,NORMAL,NORMAL,22,113.49
seq_03_counter_flow_surge.mp4,27,1.35,18,22.5,-4.2,0.98,1.65,0.059,5.5,22.2,NORMAL,NORMAL,22,113.59
seq_03_counter_flow_surge.mp4,28,1.4,19,24.3,-2.37,0.93,1.61,0.087,7.7,21.9,NORMAL,NORMAL,22,101.18
seq_03_counter_flow_surge.mp4,29,1.45,18,22.5,-4.22,0.93,1.54,0.059,5.1,21.7,NORMAL,NORMAL,22,105.23
seq_03_counter_flow_surge.mp4,30,1.5,19,24.3,-1.22,0.92,1.69,0.067,6.5,21.0,NORMAL,NORMAL,22,108.49
seq_03_counter_flow_surge.mp4,31,1.55,19,24.3,0.01,1.05,1.98,0.05,4.5,20.7,NORMAL,NORMAL,22,122.69
seq_03_counter_flow_surge.mp4,32,1.6,17,21.2,-3.11,1.21,5.83,0.054,14.8,20.5,NORMAL,NORMAL,22,107.74
seq_03_counter_flow_surge.mp4,33,1.65,18,23.0,-1.31,0.95,1.7,0.028,2.6,20.3,NORMAL,NORMAL,22,136.15
seq_03_counter_flow_surge.mp4,34,1.7,17,21.2,-3.12,0.98,1.98,0.065,5.6,20.2,NORMAL,NORMAL,22,112.34
seq_03_counter_flow_surge.mp4,35,1.75,18,23.0,-1.28,0.97,2.05,0.061,5.1,20.0,NORMAL,NORMAL,22,111.66
seq_03_counter_flow_surge.mp4,36,1.8,17,21.2,-1.3,1.05,2.19,0.047,4.2,19.8,NORMAL,NORMAL,22,113.11
seq_03_counter_flow_surge.mp4,37,1.85,17,21.2,-3.11,1.03,2.1,0.04,3.7,19.6,NORMAL,NORMAL,22,110.45
seq_03_counter_flow_surge.mp4,38,1.9,17,21.2,-1.31,1.03,2.05,0.094,7.8,19.5,NORMAL,NORMAL,22,118.65
seq_03_counter_flow_surge.mp4,39,1.95,17,21.2,-3.12,1.09,2.25,0.058,4.9,19.3,NORMAL,NORMAL,22,114.73
seq_03_counter_flow_surge.mp4,40,2.0,17,21.2,-3.12,0.96,2.19,0.043,4.0,19.4,NORMAL,NORMAL,22,115.26
seq_03_counter_flow_surge.mp4,41,2.05,17,21.2,0.0,1.0,1.65,0.088,8.1,19.1,NORMAL,NORMAL,22,109.24
seq_03_counter_flow_surge.mp4,42,2.1,18,23.0,0.0,0.93,1.68,0.113,9.7,18.9,NORMAL,NORMAL,22,107.5
seq_03_counter_flow_surge.mp4,43,2.15,17,21.2,0.0,0.92,1.61,0.084,7.8,18.8,NORMAL,NORMAL,22,110.79
seq_03_counter_flow_surge.mp4,44,2.2,18,23.0,0.0,0.95,1.6,0.101,8.6,18.5,NORMAL,NORMAL,22,115.97
seq_03_counter_flow_surge.mp4,45,2.25,18,23.0,1.83,0.96,1.62,0.044,3.9,18.2,NORMAL,NORMAL,22,106.73
seq_03_counter_flow_surge.mp4,46,2.3,18,23.0,1.83,1.01,1.62,0.044,3.9,18.0,NORMAL,NORMAL,22,106.12
seq_03_counter_flow_surge.mp4,47,2.35,18,23.0,1.81,0.94,1.69,0.08,7.3,17.8,NORMAL,NORMAL,22,108.06
seq_03_counter_flow_surge.mp4,48,2.4,18,23.0,1.81,0.95,1.37,0.024,2.3,17.6,NORMAL,NORMAL,22,106.44
seq_03_counter_flow_surge.mp4,49,2.45,18,23.0,1.83,0.97,1.74,0.05,4.5,18.1,NORMAL,NORMAL,22,106.93
seq_03_counter_flow_surge.mp4,50,2.5,17,22.8,1.59,0.93,1.48,0.031,2.8,18.5,NORMAL,NORMAL,22,103.07
seq_03_counter_flow_surge.mp4,51,2.55,17,22.7,-0.32,1.09,2.02,0.071,6.5,18.4,NORMAL,NORMAL,22,100.36
seq_03_counter_flow_surge.mp4,52,2.6,17,22.7,1.52,0.99,2.26,0.056,5.0,18.4,NORMAL,NORMAL,22,106.36
seq_03_counter_flow_surge.mp4,53,2.65,17,22.7,-0.38,1.13,2.46,0.021,1.9,18.3,NORMAL,NORMAL,22,100.69
seq_03_counter_flow_surge.mp4,54,2.7,17,23.0,-0.03,0.99,2.01,0.13,10.3,18.2,NORMAL,NORMAL,22,102.41
seq_03_counter_flow_surge.mp4,55,2.75,17,23.0,-0.08,1.04,1.92,0.048,4.3,17.9,NORMAL,NORMAL,22,104.59
seq_03_counter_flow_surge.mp4,56,2.8,18,23.0,0.01,0.99,1.76,0.052,4.6,17.7,NORMAL,NORMAL,22,102.78
seq_03_counter_flow_surge.mp4,57,2.85,16,21.4,-1.64,1.35,7.83,0.104,16.6,17.3,NORMAL,NORMAL,22,106.32
seq_03_counter_flow_surge.mp4,58,2.9,16,21.3,-1.7,0.91,1.77,0.109,11.0,16.8,NORMAL,NORMAL,22,107.57
seq_03_counter_flow_surge.mp4,59,2.95,16,21.4,-1.4,0.94,1.62,0.077,7.0,16.6,NORMAL,NORMAL,22,100.77
seq_03_counter_flow_surge.mp4,60,3.0,16,21.4,-1.3,0.92,1.43,0.09,8.5,16.5,NORMAL,NORMAL,22,100.64
seq_03_counter_flow_surge.mp4,61,3.05,16,21.4,-1.33,0.98,1.64,0.034,3.1,16.3,NORMAL,NORMAL,22,103.88
seq_03_counter_flow_surge.mp4,62,3.1,16,21.4,-1.24,0.97,1.63,0.034,3.0,16.2,NORMAL,NORMAL,22,100.4
seq_03_counter_flow_surge.mp4,63,3.15,16,21.4,-1.62,0.97,1.6,0.052,4.8,16.0,NORMAL,NORMAL,22,105.48
seq_03_counter_flow_surge.mp4,64,3.2,16,21.3,-1.62,0.97,1.52,0.026,2.4,15.9,NORMAL,NORMAL,22,102.21
seq_03_counter_flow_surge.mp4,65,3.25,16,21.4,-1.64,1.02,1.96,0.053,5.0,15.8,NORMAL,NORMAL,22,103.29
seq_03_counter_flow_surge.mp4,66,3.3,16,21.4,-0.01,0.93,1.6,0.05,4.2,15.6,NORMAL,NORMAL,22,106.21
seq_03_counter_flow_surge.mp4,67,3.35,16,21.4,0.06,0.99,2.01,0.04,4.1,15.5,NORMAL,NORMAL,22,100.73
seq_03_counter_flow_surge.mp4,68,3.4,16,21.3,-0.07,1.12,2.2,0.04,3.5,15.4,NORMAL,NORMAL,22,99.12
seq_03_counter_flow_surge.mp4,69,3.45,16,21.4,-0.02,1.06,2.12,0.048,4.3,15.3,NORMAL,NORMAL,22,102.08
seq_03_counter_flow_surge.mp4,70,3.5,16,21.5,0.05,0.99,1.93,0.118,10.4,15.2,NORMAL,NORMAL,22,103.39
seq_03_counter_flow_surge.mp4,71,3.55,16,21.4,0.01,1.02,1.99,0.068,5.9,15.1,NORMAL,NORMAL,22,117.67
seq_03_counter_flow_surge.mp4,72,3.6,16,21.4,-0.0,0.95,1.8,0.082,6.7,15.0,NORMAL,NORMAL,22,108.49
seq_03_counter_flow_surge.mp4,73,3.65,16,21.4,0.09,0.94,1.49,0.087,7.0,15.0,NORMAL,NORMAL,22,109.02
seq_03_counter_flow_surge.mp4,74,3.7,16,21.4,0.01,0.97,1.64,0.077,6.7,15.0,NORMAL,NORMAL,22,110.82
seq_03_counter_flow_surge.mp4,75,3.75,16,21.5,0.09,0.96,1.79,0.076,6.8,14.9,NORMAL,NORMAL,22,107.18
seq_03_counter_flow_surge.mp4,76,3.8,16,21.4,0.03,0.98,1.49,0.07,6.1,14.9,NORMAL,NORMAL,22,113.24
seq_03_counter_flow_surge.mp4,77,3.85,16,21.4,0.09,0.91,1.66,0.095,8.5,14.8,NORMAL,NORMAL,22,103.97
seq_03_counter_flow_surge.mp4,78,3.9,17,21.9,0.47,0.99,1.66,0.039,3.6,14.8,NORMAL,NORMAL,22,101.9
seq_03_counter_flow_surge.mp4,79,3.95,17,21.8,0.36,0.99,1.59,0.045,4.0,14.8,NORMAL,NORMAL,22,102.84
seq_03_counter_flow_surge.mp4,80,4.0,18,23.2,1.73,1.19,5.89,0.102,28.1,14.9,NORMAL,WARNING,23,100.61
seq_03_counter_flow_surge.mp4,81,4.05,16,21.4,-0.01,1.26,6.29,0.191,31.8,14.9,NORMAL,WARNING,23,103.77
seq_03_counter_flow_surge.mp4,82,4.1,18,23.0,1.6,1.23,4.1,0.247,45.0,15.2,NORMAL,WARNING,24,105.36
seq_03_counter_flow_surge.mp4,83,4.15,17,23.0,1.59,1.17,2.51,0.257,43.4,15.4,NORMAL,WARNING,24,104.19
seq_03_counter_flow_surge.mp4,84,4.2,17,24.5,3.0,1.21,3.49,0.325,63.3,15.8,NORMAL,WARNING,25,100.22
seq_03_counter_flow_surge.mp4,85,4.25,17,24.1,2.72,1.23,2.52,0.313,49.6,16.1,NORMAL,WARNING,25,103.87
seq_03_counter_flow_surge.mp4,86,4.3,17,25.0,3.57,1.18,2.57,0.387,62.0,16.6,NORMAL,WARNING,26,110.87
seq_03_counter_flow_surge.mp4,87,4.35,17,24.8,2.98,1.16,2.85,0.4,66.6,17.0,NORMAL,WARNING,26,98.87
seq_03_counter_flow_surge.mp4,88,4.4,17,25.5,3.64,1.21,3.1,0.374,62.2,17.4,NORMAL,WARNING,27,109.52
seq_03_counter_flow_surge.mp4,89,4.45,16,24.5,1.38,1.28,2.98,0.511,80.8,17.5,NORMAL,WARNING,27,128.41
seq_03_counter_flow_surge.mp4,90,4.5,17,23.0,1.6,1.19,2.87,0.542,85.9,17.5,NORMAL,WARNING,28,118.46
seq_03_counter_flow_surge.mp4,91,4.55,19,25.6,2.55,1.22,2.87,0.558,88.6,17.8,NORMAL,WARNING,28,118.39
seq_03_counter_flow_surge.mp4,92,4.6,18,26.2,3.22,1.23,2.99,0.545,89.6,18.0,NORMAL,WARNING,29,117.63
seq_03_counter_flow_surge.mp4,93,4.65,19,27.0,2.5,1.25,2.65,0.495,80.2,18.0,NORMAL,WARNING,29,134.89
seq_03_counter_flow_surge.mp4,94,4.7,21,27.9,3.77,1.31,3.02,0.613,96.1,18.1,NORMAL,WARNING,30,135.16
seq_03_counter_flow_surge.mp4,95,4.75,21,27.6,2.57,1.34,3.11,0.566,91.7,18.1,NORMAL,WARNING,30,141.36
seq_03_counter_flow_surge.mp4,96,4.8,21,28.4,3.6,1.48,3.42,0.595,79.4,18.2,NORMAL,WARNING,31,152.33
seq_03_counter_flow_surge.mp4,97,4.85,20,29.0,3.57,1.35,2.95,0.649,95.6,18.3,NORMAL,WARNING,31,138.03
seq_03_counter_flow_surge.mp4,98,4.9,18,29.7,5.12,1.44,3.37,0.701,89.1,18.5,NORMAL,WARNING,32,137.41
seq_03_counter_flow_surge.mp4,99,4.95,19,26.8,3.78,1.42,3.07,0.716,89.7,18.9,NORMAL,WARNING,32,134.48
seq_03_counter_flow_surge.mp4,100,5.0,17,24.7,-0.93,1.56,4.46,0.691,89.8,19.0,NORMAL,WARNING,33,141.52
seq_03_counter_flow_surge.mp4,101,5.05,19,29.8,3.58,1.4,2.84,0.736,91.8,19.7,NORMAL,WARNING,33,154.11
seq_03_counter_flow_surge.mp4,102,5.1,14,19.8,-7.13,1.62,3.68,0.791,86.5,20.1,NORMAL,WARNING,34,126.48
seq_03_counter_flow_surge.mp4,103,5.15,14,21.0,-6.94,1.73,5.54,0.836,79.5,20.6,NORMAL,WARNING,34,124.41
seq_03_counter_flow_surge.mp4,104,5.2,15,23.0,-4.6,1.52,2.99,0.925,69.0,20.9,NORMAL,WARNING,35,118.16
seq_03_counter_flow_surge.mp4,105,5.25,15,23.3,-5.16,1.53,3.05,0.948,65.1,21.2,NORMAL,WARNING,35,125.7
seq_03_counter_flow_surge.mp4,106,5.3,16,24.0,-5.03,1.68,4.64,0.914,61.0,21.6,NORMAL,WARNING,36,123.57
seq_03_counter_flow_surge.mp4,107,5.35,16,28.6,-1.02,1.58,3.04,0.865,52.8,22.0,NORMAL,WARNING,36,121.18
seq_03_counter_flow_surge.mp4,108,5.4,16,28.6,1.83,1.61,3.12,0.968,69.1,22.6,NORMAL,WARNING,37,125.38
seq_03_counter_flow_surge.mp4,109,5.45,12,22.2,-2.44,1.61,2.99,0.87,53.8,22.8,NORMAL,WARNING,37,124.44
seq_03_counter_flow_surge.mp4,110,5.5,16,30.5,0.7,1.78,5.19,0.903,56.4,23.3,NORMAL,WARNING,38,131.83
seq_03_counter_flow_surge.mp4,111,5.55,14,23.5,3.65,1.69,3.09,0.849,51.3,23.6,NORMAL,WARNING,38,126.41
seq_03_counter_flow_surge.mp4,112,5.6,15,27.7,6.73,1.93,5.77,0.832,54.1,23.8,NORMAL,WARNING,39,119.85
seq_03_counter_flow_surge.mp4,113,5.65,14,22.7,-0.32,1.71,3.0,0.797,46.7,24.0,NORMAL,WARNING,39,127.28
seq_03_counter_flow_surge.mp4,114,5.7,12,23.9,0.6,1.83,4.5,0.757,41.7,24.5,NORMAL,WARNING,40,113.38
seq_03_counter_flow_surge.mp4,115,5.75,11,24.0,0.02,1.77,3.18,0.754,42.3,25.0,NORMAL,WARNING,40,124.3
seq_03_counter_flow_surge.mp4,116,5.8,13,22.8,-5.78,2.0,8.38,0.759,39.6,25.4,NORMAL,WARNING,41,126.58
seq_03_counter_flow_surge.mp4,117,5.85,15,29.3,0.67,1.78,3.19,0.663,41.1,25.8,NORMAL,WARNING,41,126.94
seq_03_counter_flow_surge.mp4,118,5.9,14,28.6,6.43,1.79,4.04,0.691,39.5,26.3,NORMAL,WARNING,42,112.57
seq_03_counter_flow_surge.mp4,119,5.95,15,28.4,-2.12,1.83,3.29,0.614,32.1,26.6,NORMAL,WARNING,42,114.33
seq_03_counter_flow_surge.mp4,120,6.0,10,18.7,-4.81,1.68,3.02,0.694,42.8,26.4,NORMAL,WARNING,43,104.01
seq_03_counter_flow_surge.mp4,121,6.05,13,33.9,6.2,1.76,3.01,0.641,32.7,26.6,NORMAL,WARNING,43,117.49
seq_03_counter_flow_surge.mp4,122,6.1,14,30.2,7.52,1.92,3.48,0.505,28.3,26.8,NORMAL,WARNING,44,141.2
seq_03_counter_flow_surge.mp4,123,6.15,14,29.9,6.02,1.88,3.27,0.523,25.6,27.2,NORMAL,WARNING,44,142.2
seq_03_counter_flow_surge.mp4,124,6.2,11,28.0,3.95,1.92,4.0,0.487,26.4,27.4,NORMAL,WARNING,45,142.4
seq_03_counter_flow_surge.mp4,125,6.25,12,27.3,4.44,1.9,3.15,0.503,23.9,27.6,NORMAL,WARNING,45,147.6
seq_03_counter_flow_surge.mp4,126,6.3,12,28.8,-0.42,2.0,4.8,0.499,28.3,27.8,NORMAL,WARNING,46,137.75
seq_03_counter_flow_surge.mp4,127,6.35,15,35.7,7.09,1.82,3.12,0.47,24.5,28.2,NORMAL,WARNING,46,132.8
seq_03_counter_flow_surge.mp4,128,6.4,18,36.7,8.33,1.94,3.55,0.47,24.4,28.4,NORMAL,WARNING,47,137.06
seq_03_counter_flow_surge.mp4,129,6.45,15,30.2,11.52,1.94,3.22,0.492,24.4,29.3,NORMAL,WARNING,47,132.32
seq_03_counter_flow_surge.mp4,130,6.5,17,30.9,-3.0,2.0,3.95,0.498,27.8,29.8,NORMAL,WARNING,48,146.05
seq_03_counter_flow_surge.mp4,131,6.55,18,31.1,0.89,1.91,3.18,0.537,30.5,30.0,NORMAL,WARNING,48,140.85
seq_03_counter_flow_surge.mp4,132,6.6,20,33.8,3.95,2.04,3.36,0.53,30.0,30.0,NORMAL,WARNING,49,140.56
seq_03_counter_flow_surge.mp4,133,6.65,18,33.5,5.58,1.85,3.14,0.539,28.4,30.2,NORMAL,WARNING,49,150.1
seq_03_counter_flow_surge.mp4,134,6.7,18,34.4,7.07,1.9,3.28,0.495,25.4,30.4,NORMAL,WARNING,50,141.82
seq_03_counter_flow_surge.mp4,135,6.75,16,32.7,3.83,1.93,3.21,0.463,23.6,30.6,NORMAL,WARNING,50,138.37
seq_03_counter_flow_surge.mp4,136,6.8,13,24.3,-11.42,1.97,3.4,0.488,31.3,30.4,NORMAL,WARNING,51,142.37
seq_03_counter_flow_surge.mp4,137,6.85,13,27.1,-9.63,2.01,3.15,0.329,16.3,30.0,NORMAL,WARNING,51,129.41
seq_03_counter_flow_surge.mp4,138,6.9,16,30.7,0.46,2.04,3.19,0.291,15.5,29.8,NORMAL,WARNING,52,155.14
seq_03_counter_flow_surge.mp4,139,6.95,15,29.8,-1.06,2.05,3.26,0.282,12.6,29.5,NORMAL,WARNING,52,143.59
seq_03_counter_flow_surge.mp4,140,7.0,16,30.3,-0.76,2.08,3.88,0.31,16.5,29.6,NORMAL,CRITICAL,53,125.9
seq_03_counter_flow_surge.mp4,141,7.05,17,31.5,-2.34,2.04,3.25,0.325,14.7,29.7,NORMAL,CRITICAL,53,132.07
seq_03_counter_flow_surge.mp4,142,7.1,20,33.6,0.08,2.08,3.17,0.275,13.1,29.9,NORMAL,CRITICAL,54,127.65
seq_03_counter_flow_surge.mp4,143,7.15,17,30.9,-3.5,2.11,3.41,0.32,14.4,30.2,NORMAL,CRITICAL,54,125.41
seq_03_counter_flow_surge.mp4,144,7.2,18,29.4,-3.24,2.13,3.49,0.324,15.1,30.5,NORMAL,CRITICAL,55,129.35
seq_03_counter_flow_surge.mp4,145,7.25,20,35.6,11.25,2.13,3.31,0.259,11.0,30.8,NORMAL,CRITICAL,55,127.24
seq_03_counter_flow_surge.mp4,146,7.3,17,23.9,-3.23,2.01,3.18,0.348,16.9,30.8,NORMAL,CRITICAL,56,109.01
seq_03_counter_flow_surge.mp4,147,7.35,17,25.1,-5.59,2.14,3.72,0.279,13.0,31.0,NORMAL,CRITICAL,56,109.33
seq_03_counter_flow_surge.mp4,148,7.4,18,28.9,-0.96,2.11,3.41,0.365,20.4,31.1,WARNING,CRITICAL,57,113.31
seq_03_counter_flow_surge.mp4,149,7.45,18,28.7,-1.56,2.1,3.38,0.311,16.5,31.3,WARNING,CRITICAL,57,109.84
seq_03_counter_flow_surge.mp4,150,7.5,19,31.0,-0.55,2.06,3.15,0.327,16.7,31.3,WARNING,CRITICAL,58,109.67
seq_03_counter_flow_surge.mp4,151,7.55,18,28.8,-4.79,2.01,3.12,0.334,15.2,31.4,WARNING,CRITICAL,58,105.99
seq_03_counter_flow_surge.mp4,152,7.6,18,29.3,-1.55,2.84,27.04,0.308,31.1,32.0,WARNING,CRITICAL,59,112.54
seq_03_counter_flow_surge.mp4,153,7.65,23,47.1,17.67,2.21,3.32,0.178,8.2,32.3,WARNING,CRITICAL,59,111.3
seq_03_counter_flow_surge.mp4,154,7.7,20,40.0,4.38,2.21,3.41,0.22,11.9,32.6,WARNING,CRITICAL,60,109.71
seq_03_counter_flow_surge.mp4,155,7.75,19,39.1,15.26,2.24,3.37,0.157,7.3,32.9,WARNING,CRITICAL,60,107.19
seq_03_counter_flow_surge.mp4,156,7.8,15,24.3,-0.82,2.11,3.28,0.203,11.5,33.0,WARNING,CRITICAL,61,107.6
seq_03_counter_flow_surge.mp4,157,7.85,17,34.1,5.25,2.15,3.33,0.173,8.2,33.4,WARNING,CRITICAL,61,122.24
seq_03_counter_flow_surge.mp4,158,7.9,16,34.2,5.47,2.21,3.57,0.192,10.3,33.7,WARNING,CRITICAL,62,117.84
seq_03_counter_flow_surge.mp4,159,7.95,19,37.5,6.55,2.16,3.23,0.176,9.2,34.2,WARNING,CRITICAL,62,107.91
seq_03_counter_flow_surge.mp4,160,8.0,24,42.6,13.75,2.42,6.83,0.16,7.3,35.1,WARNING,CRITICAL,63,117.08
seq_03_counter_flow_surge.mp4,161,8.05,23,42.8,13.51,2.21,3.17,0.169,7.2,35.4,WARNING,CRITICAL,63,114.9
seq_03_counter_flow_surge.mp4,162,8.1,22,43.0,-4.09,2.22,3.31,0.166,9.2,34.8,WARNING,CRITICAL,64,109.24
seq_03_counter_flow_surge.mp4,163,8.15,22,42.8,2.85,2.25,3.53,0.165,8.1,34.3,WARNING,CRITICAL,64,110.69
seq_03_counter_flow_surge.mp4,164,8.2,27,52.5,13.35,2.3,3.83,0.181,11.4,34.8,WARNING,CRITICAL,65,110.21
seq_03_counter_flow_surge.mp4,165,8.25,24,46.3,22.06,2.23,3.35,0.197,8.8,35.1,WARNING,CRITICAL,65,114.11
seq_03_counter_flow_surge.mp4,166,8.3,22,47.7,13.56,2.18,3.3,0.223,11.5,35.8,WARNING,CRITICAL,66,130.28
seq_03_counter_flow_surge.mp4,167,8.35,24,47.6,13.4,2.21,3.3,0.204,8.8,36.1,WARNING,CRITICAL,66,113.68
seq_03_counter_flow_surge.mp4,168,8.4,25,48.2,10.7,2.17,3.16,0.126,5.7,36.4,WARNING,CRITICAL,67,129.73
seq_03_counter_flow_surge.mp4,169,8.45,24,46.3,3.69,2.28,3.25,0.138,6.0,36.2,WARNING,CRITICAL,67,116.85
seq_03_counter_flow_surge.mp4,170,8.5,28,57.0,14.19,2.38,4.27,0.159,7.5,36.3,WARNING,CRITICAL,68,119.75
seq_03_counter_flow_surge.mp4,171,8.55,27,50.9,7.92,2.15,3.25,0.183,8.7,36.4,WARNING,CRITICAL,68,133.35
seq_03_counter_flow_surge.mp4,172,8.6,31,57.3,14.53,2.26,3.36,0.199,10.3,37.2,WARNING,CRITICAL,69,141.04
seq_03_counter_flow_surge.mp4,173,8.65,30,51.2,-1.28,2.21,3.22,0.198,10.7,37.1,WARNING,CRITICAL,69,148.65
seq_03_counter_flow_surge.mp4,174,8.7,28,45.5,-0.77,2.26,3.19,0.175,8.5,36.6,WARNING,CRITICAL,70,159.91
seq_03_counter_flow_surge.mp4,175,8.75,26,44.8,-2.92,2.21,3.28,0.213,9.7,35.8,WARNING,CRITICAL,70,145.65
seq_03_counter_flow_surge.mp4,176,8.8,29,50.8,3.21,2.25,3.22,0.167,6.2,35.5,WARNING,CRITICAL,70,145.62
seq_03_counter_flow_surge.mp4,177,8.85,28,49.1,0.87,2.25,3.31,0.214,9.9,35.2,WARNING,CRITICAL,70,168.7
seq_03_counter_flow_surge.mp4,178,8.9,28,44.1,-2.2,2.19,3.16,0.206,9.9,34.8,WARNING,CRITICAL,70,134.46
seq_03_counter_flow_surge.mp4,179,8.95,29,51.4,-5.6,2.31,3.41,0.237,11.5,34.7,WARNING,CRITICAL,70,132.28
seq_03_counter_flow_surge.mp4,180,9.0,27,42.4,-8.47,2.24,3.19,0.251,11.8,33.9,WARNING,CRITICAL,70,138.82
seq_03_counter_flow_surge.mp4,181,9.05,31,57.8,0.47,2.21,3.21,0.207,8.6,33.7,WARNING,CRITICAL,70,149.3
seq_03_counter_flow_surge.mp4,182,9.1,31,58.0,6.85,2.24,3.33,0.244,11.1,33.6,WARNING,CRITICAL,70,144.93
seq_03_counter_flow_surge.mp4,183,9.15,32,57.8,12.28,2.27,3.23,0.153,6.4,33.8,WARNING,CRITICAL,70,134.53
seq_03_counter_flow_surge.mp4,184,9.2,35,58.2,13.43,2.25,3.19,0.221,9.7,34.1,WARNING,CRITICAL,70,129.69
seq_03_counter_flow_surge.mp4,185,9.25,34,57.6,6.77,2.26,3.28,0.223,9.7,34.4,WARNING,CRITICAL,70,132.41
seq_03_counter_flow_surge.mp4,186,9.3,32,55.9,6.81,2.46,7.12,0.234,21.3,34.5,WARNING,CRITICAL,70,132.79
seq_03_counter_flow_surge.mp4,187,9.35,33,56.1,12.01,2.27,3.27,0.199,9.8,34.8,WARNING,CRITICAL,70,133.17
seq_03_counter_flow_surge.mp4,188,9.4,32,55.8,4.45,2.26,3.32,0.197,8.5,34.9,WARNING,CRITICAL,70,133.57
seq_03_counter_flow_surge.mp4,189,9.45,32,55.5,13.05,2.24,3.18,0.203,8.5,35.3,WARNING,CRITICAL,70,136.25
seq_03_counter_flow_surge.mp4,190,9.5,32,54.4,-3.4,2.27,3.38,0.218,12.0,35.2,WARNING,CRITICAL,70,126.94
seq_03_counter_flow_surge.mp4,191,9.55,32,53.6,-4.46,2.27,3.41,0.175,8.0,34.8,WARNING,CRITICAL,70,139.36
seq_03_counter_flow_surge.mp4,192,9.6,31,53.3,-4.52,2.28,3.21,0.203,10.4,34.0,WARNING,CRITICAL,70,134.79
seq_03_counter_flow_surge.mp4,193,9.65,31,52.0,-6.17,2.61,7.77,0.153,16.0,33.4,WARNING,CRITICAL,70,133.8
seq_03_counter_flow_surge.mp4,194,9.7,30,51.5,-6.06,2.29,3.26,0.186,9.3,32.3,WARNING,CRITICAL,70,135.91
seq_03_counter_flow_surge.mp4,195,9.75,30,50.7,-5.13,2.31,3.97,0.185,10.5,31.4,WARNING,CRITICAL,70,137.4
seq_03_counter_flow_surge.mp4,196,9.8,29,49.5,-6.57,2.33,4.11,0.22,13.1,30.8,NORMAL,CRITICAL,70,132.63
seq_03_counter_flow_surge.mp4,197,9.85,27,48.4,-7.5,2.53,9.15,0.205,27.8,30.6,NORMAL,CRITICAL,70,140.76
seq_03_counter_flow_surge.mp4,198,9.9,27,48.3,-7.23,2.29,3.08,0.145,6.8,30.3,NORMAL,CRITICAL,70,132.03
seq_03_counter_flow_surge.mp4,199,9.95,28,47.9,-6.49,2.3,3.21,0.104,5.0,29.9,NORMAL,CRITICAL,70,130.82
seq_04_bottleneck_b.mp4,0,0.0,18,22.5,-31.09,8.27,17.72,0.956,76.7,34.9,WARNING,NORMAL,22,126.72
seq_04_bottleneck_b.mp4,1,0.05,18,22.5,-30.8,0.89,1.41,0.607,59.2,33.6,WARNING,NORMAL,22,132.14
seq_04_bottleneck_b.mp4,2,0.1,18,22.6,-29.44,0.91,1.64,0.71,70.6,32.1,WARNING,NORMAL,22,138.61
seq_04_bottleneck_b.mp4,3,0.15,18,22.6,-28.87,0.98,1.41,0.657,63.9,30.6,NORMAL,NORMAL,22,144.05
seq_04_bottleneck_b.mp4,4,0.2,18,22.8,-27.95,0.96,1.51,0.626,66.0,29.3,NORMAL,NORMAL,22,137.78
seq_04_bottleneck_b.mp4,5,0.25,18,22.9,-26.64,0.96,1.4,0.601,57.3,28.8,NORMAL,NORMAL,22,132.91
seq_04_bottleneck_b.mp4,6,0.3,19,22.7,-25.63,0.94,1.61,0.703,74.6,28.7,NORMAL,NORMAL,22,135.45
seq_04_bottleneck_b.mp4,7,0.35,19,22.8,-25.44,0.94,1.49,0.649,66.2,28.7,NORMAL,NORMAL,22,126.71
seq_04_bottleneck_b.mp4,8,0.4,19,22.9,-25.0,0.95,1.34,0.621,60.7,28.6,NORMAL,NORMAL,22,112.49
seq_04_bottleneck_b.mp4,9,0.45,19,23.0,0.51,0.91,1.36,0.677,67.4,28.5,NORMAL,NORMAL,22,116.11
seq_04_bottleneck_b.mp4,10,0.5,19,23.1,0.57,0.88,1.34,0.714,70.9,28.5,NORMAL,NORMAL,22,112.01
seq_04_bottleneck_b.mp4,11,0.55,18,22.8,0.21,0.96,1.42,0.55,53.5,28.4,NORMAL,NORMAL,22,110.0
seq_04_bottleneck_b.mp4,12,0.6,18,22.9,0.21,0.94,1.79,0.704,72.0,28.4,NORMAL,NORMAL,22,116.26
seq_04_bottleneck_b.mp4,13,0.65,17,22.6,-0.15,1.01,1.54,0.608,58.2,28.4,NORMAL,NORMAL,22,115.55
seq_04_bottleneck_b.mp4,14,0.7,16,22.4,-0.49,0.93,1.58,0.728,73.5,28.4,NORMAL,NORMAL,22,148.68
seq_04_bottleneck_b.mp4,15,0.75,16,22.3,-0.47,0.97,1.59,0.591,60.1,28.4,NORMAL,NORMAL,22,132.2
seq_04_bottleneck_b.mp4,16,0.8,16,22.1,-0.72,0.97,1.61,0.689,66.9,28.5,NORMAL,NORMAL,22,123.28
seq_04_bottleneck_b.mp4,17,0.85,16,22.0,-0.95,1.0,1.69,0.644,62.6,28.5,NORMAL,NORMAL,22,125.48
seq_04_bottleneck_b.mp4,18,0.9,15,20.7,-2.34,1.44,11.2,0.645,71.0,28.6,NORMAL,NORMAL,22,131.54
seq_04_bottleneck_b.mp4,19,0.95,15,20.5,-2.54,0.91,1.49,0.653,58.2,29.2,NORMAL,NORMAL,22,121.2
seq_04_bottleneck_b.mp4,20,1.0,16,20.7,-2.14,0.89,1.3,0.603,59.9,29.2,NORMAL,NORMAL,22,129.11
seq_04_bottleneck_b.mp4,21,1.05,16,20.5,-2.38,0.93,1.34,0.631,62.0,29.2,NORMAL,NORMAL,22,127.91
seq_04_bottleneck_b.mp4,22,1.1,16,20.4,-2.21,0.9,1.41,0.615,56.9,29.3,NORMAL,NORMAL,22,120.59
seq_04_bottleneck_b.mp4,23,1.15,16,20.5,-1.88,0.96,1.62,0.676,73.5,29.4,NORMAL,NORMAL,22,128.65
seq_04_bottleneck_b.mp4,24,1.2,16,20.7,-1.59,0.96,1.44,0.662,59.4,29.6,NORMAL,NORMAL,22,127.16
seq_04_bottleneck_b.mp4,25,1.25,16,20.9,-1.21,0.91,1.34,0.585,59.1,29.6,NORMAL,NORMAL,22,108.09
seq_04_bottleneck_b.mp4,26,1.3,16,21.0,-0.96,0.91,1.5,0.641,60.8,29.6,NORMAL,NORMAL,22,131.6
seq_04_bottleneck_b.mp4,27,1.35,16,21.2,0.57,1.0,1.56,0.697,67.1,29.6,NORMAL,NORMAL,22,150.5
seq_04_bottleneck_b.mp4,28,1.4,15,21.1,0.58,0.89,1.5,0.607,59.5,29.7,NORMAL,NORMAL,22,152.31
seq_04_bottleneck_b.mp4,29,1.45,15,21.5,0.83,0.99,1.46,0.542,52.2,29.8,NORMAL,NORMAL,22,150.01
seq_04_bottleneck_b.mp4,30,1.5,16,21.9,1.4,0.91,1.57,0.66,62.7,29.9,NORMAL,NORMAL,22,138.92
seq_04_bottleneck_b.mp4,31,1.55,16,22.1,1.68,0.96,1.56,0.517,55.3,30.0,NORMAL,NORMAL,22,123.9
seq_04_bottleneck_b.mp4,32,1.6,15,22.2,1.73,0.88,1.41,0.578,58.7,30.1,NORMAL,NORMAL,22,117.85
seq_04_bottleneck_b.mp4,33,1.65,16,22.4,1.72,0.96,1.43,0.616,56.3,30.3,NORMAL,NORMAL,22,118.35
seq_04_bottleneck_b.mp4,34,1.7,15,22.6,1.7,0.91,1.4,0.595,57.8,30.5,NORMAL,NORMAL,22,121.43
seq_04_bottleneck_b.mp4,35,1.75,16,22.9,1.87,0.92,1.65,0.679,64.2,30.8,NORMAL,NORMAL,22,119.84
seq_04_bottleneck_b.mp4,36,1.8,16,22.5,1.26,1.31,10.55,0.545,42.1,30.9,NORMAL,NORMAL,22,116.77
seq_04_bottleneck_b.mp4,37,1.85,16,22.5,1.4,0.97,1.49,0.629,59.2,31.5,WARNING,NORMAL,22,123.55
seq_04_bottleneck_b.mp4,38,1.9,16,22.6,1.11,1.05,1.8,0.541,53.1,31.8,WARNING,NORMAL,22,116.47
seq_04_bottleneck_b.mp4,39,1.95,17,22.8,0.95,0.96,1.64,0.649,67.4,32.0,WARNING,NORMAL,22,116.04
seq_04_bottleneck_b.mp4,40,2.0,17,22.9,0.75,0.98,1.68,0.517,49.8,32.2,WARNING,NORMAL,22,116.55
seq_04_bottleneck_b.mp4,41,2.05,17,22.9,0.63,0.93,1.53,0.578,58.4,32.3,WARNING,NORMAL,22,110.94
seq_04_bottleneck_b.mp4,42,2.1,18,23.0,0.62,0.98,1.61,0.527,47.8,32.5,WARNING,NORMAL,22,119.89
seq_04_bottleneck_b.mp4,43,2.15,18,23.0,0.41,0.94,1.45,0.648,68.2,32.7,WARNING,NORMAL,22,111.59
seq_04_bottleneck_b.mp4,44,2.2,18,22.9,0.02,0.98,1.43,0.509,45.6,32.8,WARNING,NORMAL,22,113.42
seq_04_bottleneck_b.mp4,45,2.25,18,22.8,0.37,0.89,1.43,0.627,63.9,32.7,WARNING,NORMAL,22,124.3
seq_04_bottleneck_b.mp4,46,2.3,17,22.7,0.13,1.0,1.42,0.54,50.7,32.6,WARNING,NORMAL,22,130.55
seq_04_bottleneck_b.mp4,47,2.35,17,22.6,-0.03,0.92,1.41,0.523,50.7,32.7,WARNING,NORMAL,22,154.01
seq_04_bottleneck_b.mp4,48,2.4,17,22.6,-0.21,0.93,1.5,0.618,61.5,32.8,WARNING,NORMAL,22,161.5
seq_04_bottleneck_b.mp4,49,2.45,17,22.5,-0.35,1.04,1.69,0.549,50.6,32.9,WARNING,NORMAL,22,146.21
seq_04_bottleneck_b.mp4,50,2.5,16,22.2,-0.65,0.89,1.22,0.545,54.5,33.1,WARNING,NORMAL,22,138.93
seq_04_bottleneck_b.mp4,51,2.55,16,22.0,-1.01,0.9,1.41,0.551,52.2,33.2,WARNING,NORMAL,22,130.1
seq_04_bottleneck_b.mp4,52,2.6,15,21.5,-1.48,1.01,1.63,0.605,59.0,33.3,WARNING,NORMAL,22,115.75
seq_04_bottleneck_b.mp4,53,2.65,14,21.0,-1.86,0.89,1.32,0.615,61.3,33.6,WARNING,NORMAL,22,119.31
seq_04_bottleneck_b.mp4,54,2.7,14,20.8,-2.05,0.97,1.51,0.551,55.7,33.8,WARNING,NORMAL,22,126.7
seq_04_bottleneck_b.mp4,55,2.75,14,20.5,-2.15,0.93,1.51,0.656,62.7,34.1,WARNING,NORMAL,22,139.52
seq_04_bottleneck_b.mp4,56,2.8,14,20.2,-2.38,0.94,1.48,0.516,50.9,34.3,WARNING,NORMAL,22,135.82
seq_04_bottleneck_b.mp4,57,2.85,14,20.0,-2.6,0.89,1.29,0.56,53.4,34.5,WARNING,NORMAL,22,148.82
seq_04_bottleneck_b.mp4,58,2.9,14,19.8,-2.71,0.91,1.29,0.617,60.1,34.7,WARNING,NORMAL,22,146.42
seq_04_bottleneck_b.mp4,59,2.95,14,19.7,-2.53,0.93,1.44,0.558,53.7,34.9,WARNING,NORMAL,22,122.54
seq_04_bottleneck_b.mp4,60,3.0,14,19.5,-2.54,0.98,1.6,0.609,55.7,35.2,WARNING,NORMAL,22,155.8
seq_04_bottleneck_b.mp4,61,3.05,14,19.5,-2.05,0.96,1.58,0.554,54.2,35.4,WARNING,NORMAL,22,127.34
seq_04_bottleneck_b.mp4,62,3.1,14,19.4,-1.63,0.98,1.52,0.557,56.4,35.6,WARNING,NORMAL,22,119.12
seq_04_bottleneck_b.mp4,63,3.15,14,19.4,-1.44,0.97,1.62,0.526,53.9,35.8,WARNING,NORMAL,22,129.21
seq_04_bottleneck_b.mp4,64,3.2,14,19.4,-1.1,0.96,1.62,0.575,56.5,36.0,WARNING,NORMAL,22,120.6
seq_04_bottleneck_b.mp4,65,3.25,13,19.3,-0.92,0.95,1.58,0.554,52.0,36.2,WARNING,NORMAL,22,119.42
seq_04_bottleneck_b.mp4,66,3.3,13,19.4,-0.64,0.99,1.54,0.525,50.4,36.5,WARNING,NORMAL,22,132.33
seq_04_bottleneck_b.mp4,67,3.35,13,19.5,-0.31,0.94,1.62,0.559,53.6,36.7,WARNING,NORMAL,22,128.81
seq_04_bottleneck_b.mp4,68,3.4,12,19.4,-0.33,0.9,1.28,0.604,61.6,37.1,WARNING,NORMAL,22,127.06
seq_04_bottleneck_b.mp4,69,3.45,11,19.6,0.16,1.02,1.49,0.534,49.8,37.3,WARNING,NORMAL,22,123.27
seq_04_bottleneck_b.mp4,70,3.5,11,19.6,0.11,0.92,1.41,0.601,58.1,37.4,WARNING,NORMAL,22,120.04
seq_04_bottleneck_b.mp4,71,3.55,12,19.5,0.04,0.84,1.41,0.645,65.8,37.6,WARNING,NORMAL,22,127.1
seq_04_bottleneck_b.mp4,72,3.6,10,16.1,-3.22,1.23,6.76,0.595,46.1,37.9,WARNING,NORMAL,22,123.27
seq_04_bottleneck_b.mp4,73,3.65,12,18.9,-0.56,0.91,1.53,0.687,72.8,38.1,WARNING,NORMAL,22,118.16
seq_04_bottleneck_b.mp4,74,3.7,12,18.7,-0.54,0.97,1.42,0.621,57.3,38.4,WARNING,NORMAL,22,130.55
seq_04_bottleneck_b.mp4,75,3.75,12,18.9,-0.49,0.94,1.67,0.512,51.1,38.5,WARNING,NORMAL,22,125.96
seq_04_bottleneck_b.mp4,76,3.8,12,19.1,-0.42,0.86,1.3,0.683,69.7,38.7,WARNING,NORMAL,22,115.23
seq_04_bottleneck_b.mp4,77,3.85,12,17.0,-2.32,1.26,6.49,0.595,70.7,39.2,WARNING,NORMAL,22,115.21
seq_04_bottleneck_b.mp4,78,3.9,11,15.0,-4.59,0.95,1.57,0.505,49.0,39.3,WARNING,NORMAL,22,129.75
seq_04_bottleneck_b.mp4,79,3.95,11,15.1,-4.44,0.89,1.24,0.503,50.3,39.4,WARNING,NORMAL,22,140.19
seq_04_bottleneck_b.mp4,80,4.0,11,17.2,-2.21,0.93,1.61,0.647,64.8,39.7,WARNING,NORMAL,22,122.16
seq_04_bottleneck_b.mp4,81,4.05,12,17.2,1.11,0.95,1.57,0.514,55.6,39.8,WARNING,NORMAL,22,114.18
seq_04_bottleneck_b.mp4,82,4.1,13,17.3,-1.55,0.85,1.51,0.527,52.2,39.7,WARNING,NORMAL,22,121.12
seq_04_bottleneck_b.mp4,83,4.15,13,17.1,-1.6,0.99,1.43,0.529,49.8,39.9,WARNING,NORMAL,22,120.91
seq_04_bottleneck_b.mp4,84,4.2,13,17.0,-1.88,0.94,1.49,0.524,50.6,40.1,WARNING,NORMAL,22,109.6
seq_04_bottleneck_b.mp4,85,4.25,13,16.9,-2.13,0.92,1.39,0.619,64.7,40.3,WARNING,NORMAL,22,107.74
seq_04_bottleneck_b.mp4,86,4.3,13,16.5,-0.52,1.07,1.91,0.542,50.4,40.4,WARNING,NORMAL,22,111.66
seq_04_bottleneck_b.mp4,87,4.35,13,16.5,1.5,1.02,1.59,0.566,49.4,40.5,WARNING,NORMAL,22,110.69
seq_04_bottleneck_b.mp4,88,4.4,13,16.6,1.43,0.96,1.55,0.547,52.8,40.7,WARNING,NORMAL,22,104.98
seq_04_bottleneck_b.mp4,89,4.45,12,15.6,-1.67,1.44,9.3,0.617,91.1,41.3,WARNING,NORMAL,22,115.31
seq_04_bottleneck_b.mp4,90,4.5,12,15.7,-1.58,0.91,1.64,0.487,51.0,41.3,WARNING,NORMAL,22,109.75
seq_04_bottleneck_b.mp4,91,4.55,12,15.7,-1.55,1.02,1.62,0.49,49.9,41.8,WARNING,NORMAL,22,116.97
seq_04_bottleneck_b.mp4,92,4.6,12,15.8,-1.29,1.01,1.47,0.545,51.8,42.1,WARNING,NORMAL,22,112.34
seq_04_bottleneck_b.mp4,93,4.65,12,15.9,-1.14,0.89,1.4,0.507,52.7,42.1,WARNING,NORMAL,22,107.24
seq_04_bottleneck_b.mp4,94,4.7,12,16.0,-0.97,0.96,1.41,0.47,45.9,42.3,WARNING,NORMAL,22,112.89
seq_04_bottleneck_b.mp4,95,4.75,12,16.2,-0.35,0.95,1.35,0.52,50.0,42.3,WARNING,NORMAL,22,106.89
seq_04_bottleneck_b.mp4,96,4.8,12,16.2,-0.37,0.89,1.43,0.524,47.8,42.5,WARNING,WARNING,22,105.45
seq_04_bottleneck_b.mp4,97,4.85,12,16.2,-0.37,0.81,1.25,0.333,29.1,42.3,WARNING,WARNING,22,106.8
seq_04_bottleneck_b.mp4,98,4.9,12,16.1,0.55,0.72,1.25,0.399,35.0,42.1,WARNING,WARNING,22,105.69
seq_04_bottleneck_b.mp4,99,4.95,13,17.4,1.74,1.47,15.34,0.599,76.2,42.5,WARNING,WARNING,23,105.78
seq_04_bottleneck_b.mp4,100,5.0,12,16.6,0.84,1.51,9.24,0.547,32.7,42.1,WARNING,WARNING,23,114.58
seq_04_bottleneck_b.mp4,101,5.05,12,16.5,0.69,0.83,1.66,0.598,49.0,42.0,WARNING,WARNING,23,119.92
seq_04_bottleneck_b.mp4,102,5.1,13,17.8,1.92,1.3,11.81,0.608,76.9,42.2,WARNING,WARNING,24,108.6
seq_04_bottleneck_b.mp4,103,5.15,12,17.0,1.0,1.14,5.71,0.711,57.0,42.5,WARNING,WARNING,24,113.28
seq_04_bottleneck_b.mp4,104,5.2,12,17.1,0.94,0.86,1.24,0.635,60.0,42.4,WARNING,WARNING,24,115.5
seq_04_bottleneck_b.mp4,105,5.25,14,18.4,2.27,1.57,15.88,0.745,53.1,43.2,WARNING,WARNING,25,124.53
seq_04_bottleneck_b.mp4,106,5.3,13,18.4,2.23,0.83,1.24,0.806,79.9,43.4,WARNING,WARNING,25,113.61
seq_04_bottleneck_b.mp4,107,5.35,14,18.6,2.43,0.75,1.18,0.734,69.5,43.7,WARNING,WARNING,25,109.52
seq_04_bottleneck_b.mp4,108,5.4,15,19.8,2.36,1.57,11.79,0.864,61.8,44.5,WARNING,WARNING,26,113.41
seq_04_bottleneck_b.mp4,109,5.45,15,19.8,3.27,0.84,1.16,0.887,85.9,43.7,WARNING,WARNING,26,114.2
seq_04_bottleneck_b.mp4,110,5.5,15,20.0,3.42,0.76,1.31,0.839,81.6,43.4,WARNING,WARNING,26,110.59
seq_04_bottleneck_b.mp4,111,5.55,16,21.1,3.29,0.99,2.98,0.904,83.7,43.6,WARNING,WARNING,27,112.86
seq_04_bottleneck_b.mp4,112,5.6,16,21.1,4.13,0.78,1.55,0.942,92.0,43.6,WARNING,WARNING,27,108.46
seq_04_bottleneck_b.mp4,113,5.65,16,21.1,4.01,0.97,1.5,0.832,83.0,43.8,WARNING,WARNING,27,100.4
seq_04_bottleneck_b.mp4,114,5.7,17,22.3,3.87,1.41,15.68,0.915,53.9,43.9,WARNING,WARNING,28,103.08
seq_04_bottleneck_b.mp4,115,5.75,15,21.5,3.09,0.78,1.41,0.918,94.3,44.2,WARNING,WARNING,28,108.34
seq_04_bottleneck_b.mp4,116,5.8,14,21.1,2.52,0.82,1.35,0.727,74.8,44.2,WARNING,WARNING,28,98.13
seq_04_bottleneck_b.mp4,117,5.85,15,22.1,2.38,1.32,13.18,0.747,45.4,44.2,WARNING,WARNING,29,103.51
seq_04_bottleneck_b.mp4,118,5.9,14,21.2,1.36,1.02,4.5,0.821,81.2,44.2,WARNING,WARNING,29,105.1
seq_04_bottleneck_b.mp4,119,5.95,14,21.2,1.27,0.87,1.37,0.691,68.2,44.2,WARNING,WARNING,29,108.81
seq_04_bottleneck_b.mp4,120,6.0,14,22.1,0.98,0.82,2.29,0.774,67.1,44.2,WARNING,WARNING,30,124.87
seq_04_bottleneck_b.mp4,121,6.05,14,22.0,0.9,0.91,1.43,0.694,69.9,44.2,WARNING,WARNING,30,122.31
seq_04_bottleneck_b.mp4,122,6.1,14,22.0,0.85,0.81,1.3,0.808,86.3,44.2,WARNING,WARNING,30,133.84
seq_04_bottleneck_b.mp4,123,6.15,16,22.9,0.64,0.88,2.11,0.666,60.2,44.0,WARNING,WARNING,31,120.19
seq_04_bottleneck_b.mp4,124,6.2,16,22.9,1.34,0.78,1.42,0.725,76.4,44.0,WARNING,WARNING,31,143.57
seq_04_bottleneck_b.mp4,125,6.25,16,22.7,1.65,0.8,1.33,0.685,73.3,44.0,WARNING,WARNING,31,121.82
seq_04_bottleneck_b.mp4,126,6.3,16,22.6,0.46,1.02,3.98,0.592,59.7,44.0,WARNING,WARNING,32,115.79
seq_04_bottleneck_b.mp4,127,6.35,16,22.5,1.29,0.77,1.41,0.742,76.6,44.0,WARNING,WARNING,32,126.81
seq_04_bottleneck_b.mp4,128,6.4,16,22.6,1.4,0.81,1.25,0.522,46.4,43.9,WARNING,WARNING,32,124.69
seq_04_bottleneck_b.mp4,129,6.45,16,22.8,0.76,0.78,1.26,0.747,71.3,44.0,WARNING,WARNING,33,115.41
seq_04_bottleneck_b.mp4,130,6.5,16,23.0,1.02,0.87,1.49,0.654,71.2,44.0,WARNING,WARNING,33,109.23
seq_04_bottleneck_b.mp4,131,6.55,16,23.1,1.14,0.76,1.22,0.498,44.1,44.0,WARNING,WARNING,33,106.74
seq_04_bottleneck_b.mp4,132,6.6,17,24.2,1.26,0.84,1.87,0.663,66.9,44.1,WARNING,WARNING,34,116.36
seq_04_bottleneck_b.mp4,133,6.65,17,24.4,1.56,0.8,1.41,0.653,70.8,44.2,WARNING,WARNING,34,129.47
seq_04_bottleneck_b.mp4,134,6.7,18,24.8,2.11,0.82,1.19,0.547,52.7,44.2,WARNING,WARNING,34,134.23
seq_04_bottleneck_b.mp4,135,6.75,20,26.3,3.68,0.92,4.35,0.648,57.6,44.2,WARNING,WARNING,35,132.03
seq_04_bottleneck_b.mp4,136,6.8,19,26.1,3.62,0.84,1.73,0.681,74.2,44.5,WARNING,WARNING,35,133.42
seq_04_bottleneck_b.mp4,137,6.85,18,26.7,4.08,0.78,1.26,0.464,41.7,44.5,WARNING,WARNING,35,143.38
seq_04_bottleneck_b.mp4,138,6.9,19,28.3,5.47,0.9,1.73,0.67,69.3,44.7,WARNING,WARNING,36,132.12
seq_04_bottleneck_b.mp4,139,6.95,19,27.5,4.46,0.85,1.54,0.637,63.9,44.8,WARNING,WARNING,36,136.2
seq_04_bottleneck_b.mp4,140,7.0,19,27.5,4.41,0.75,1.3,0.514,48.1,44.9,WARNING,WARNING,36,129.39
seq_04_bottleneck_b.mp4,141,7.05,17,25.4,1.15,2.67,23.03,0.665,69.7,46.6,WARNING,WARNING,37,121.76
seq_04_bottleneck_b.mp4,142,7.1,17,25.2,0.8,0.76,1.26,0.649,70.0,46.7,WARNING,WARNING,37,122.14
seq_04_bottleneck_b.mp4,143,7.15,16,25.2,0.38,0.82,1.4,0.608,58.3,46.6,WARNING,WARNING,37,163.31
seq_04_bottleneck_b.mp4,144,7.2,16,25.7,-0.53,0.74,1.34,0.569,64.2,46.4,WARNING,WARNING,38,131.87
seq_04_bottleneck_b.mp4,145,7.25,16,25.5,-0.61,0.87,1.26,0.735,71.4,46.4,WARNING,WARNING,38,183.0
seq_04_bottleneck_b.mp4,146,7.3,17,25.7,-0.98,0.77,1.25,0.579,53.7,46.2,WARNING,WARNING,38,187.38
seq_04_bottleneck_b.mp4,147,7.35,17,26.2,-2.07,0.8,2.04,0.637,72.1,46.0,WARNING,WARNING,39,127.66
seq_04_bottleneck_b.mp4,148,7.4,16,25.7,-1.79,0.77,1.25,0.623,66.2,45.6,WARNING,WARNING,39,128.17
seq_04_bottleneck_b.mp4,149,7.45,16,25.5,-2.05,0.81,1.25,0.563,50.7,45.5,WARNING,WARNING,39,133.03
seq_04_bottleneck_b.mp4,150,7.5,18,26.9,1.53,0.83,2.01,0.617,60.0,44.3,WARNING,WARNING,40,142.91
seq_04_bottleneck_b.mp4,151,7.55,18,26.7,1.46,0.79,1.21,0.558,64.0,44.4,WARNING,WARNING,40,133.52
seq_04_bottleneck_b.mp4,152,7.6,18,26.5,1.24,0.74,1.27,0.516,52.0,44.3,WARNING,WARNING,40,141.27
seq_04_bottleneck_b.mp4,153,7.65,18,27.1,1.31,0.88,1.94,0.478,41.2,44.2,WARNING,WARNING,41,158.74
seq_04_bottleneck_b.mp4,154,7.7,18,26.9,1.41,0.71,1.16,0.562,60.5,44.2,WARNING,WARNING,41,160.55
seq_04_bottleneck_b.mp4,155,7.75,18,26.8,1.05,0.78,1.26,0.511,45.6,44.2,WARNING,WARNING,41,172.63
seq_04_bottleneck_b.mp4,156,7.8,17,26.1,-0.16,0.98,4.15,0.629,82.1,44.4,WARNING,WARNING,42,177.07
seq_04_bottleneck_b.mp4,157,7.85,16,25.9,0.2,0.8,1.27,0.343,33.4,44.3,WARNING,WARNING,42,141.77
seq_04_bottleneck_b.mp4,158,7.9,16,25.8,0.31,0.79,1.29,0.316,24.1,44.2,WARNING,WARNING,42,167.94
seq_04_bottleneck_b.mp4,159,7.95,16,26.6,-0.28,0.72,1.47,0.305,28.6,44.1,WARNING,WARNING,43,137.38
seq_04_bottleneck_b.mp4,160,8.0,16,26.4,-0.27,0.76,1.2,0.513,48.9,44.0,WARNING,WARNING,43,148.45
seq_04_bottleneck_b.mp4,161,8.05,16,26.3,-0.2,0.73,1.26,0.381,34.7,43.8,WARNING,WARNING,43,146.84
seq_04_bottleneck_b.mp4,162,8.1,16,26.9,-0.1,0.78,1.36,0.376,36.3,43.6,WARNING,WARNING,44,130.11
seq_04_bottleneck_b.mp4,163,8.15,16,27.0,0.08,0.72,1.24,0.336,30.8,43.5,WARNING,WARNING,44,119.68
seq_04_bottleneck_b.mp4,164,8.2,16,27.0,0.18,0.8,1.2,0.315,28.6,43.3,WARNING,WARNING,44,114.41
seq_04_bottleneck_b.mp4,165,8.25,15,27.2,1.1,0.79,2.02,0.377,48.4,43.2,WARNING,WARNING,45,120.97
seq_04_bottleneck_b.mp4,166,8.3,16,27.3,1.4,0.74,1.25,0.436,40.7,43.2,WARNING,WARNING,45,121.0
seq_04_bottleneck_b.mp4,167,8.35,16,27.3,1.53,0.75,1.13,0.323,32.1,43.1,WARNING,WARNING,45,113.15
seq_04_bottleneck_b.mp4,168,8.4,15,27.5,0.94,0.81,1.55,0.473,42.7,43.1,WARNING,HIGH RISK,46,154.13
seq_04_bottleneck_b.mp4,169,8.45,16,27.6,1.17,0.73,1.15,0.227,18.8,42.9,WARNING,HIGH RISK,46,158.71
seq_04_bottleneck_b.mp4,170,8.5,16,27.5,1.26,0.75,1.3,0.425,42.0,42.9,WARNING,HIGH RISK,46,146.3
seq_04_bottleneck_b.mp4,171,8.55,15,28.4,1.43,0.83,3.91,0.356,32.1,42.7,WARNING,HIGH RISK,47,158.39
seq_04_bottleneck_b.mp4,172,8.6,16,28.3,1.28,0.77,1.15,0.307,28.6,42.7,WARNING,HIGH RISK,47,143.86
seq_04_bottleneck_b.mp4,173,8.65,16,28.3,1.39,0.78,1.46,0.239,19.4,42.4,WARNING,HIGH RISK,47,130.94
seq_04_bottleneck_b.mp4,174,8.7,15,29.8,2.66,0.72,1.43,0.385,36.2,42.4,WARNING,HIGH RISK,48,162.46
seq_04_bottleneck_b.mp4,175,8.75,17,30.1,2.82,0.78,1.13,0.273,26.8,42.3,WARNING,HIGH RISK,48,176.42
seq_04_bottleneck_b.mp4,176,8.8,16,30.5,3.22,0.71,1.27,0.34,31.7,42.2,WARNING,HIGH RISK,48,196.15
seq_04_bottleneck_b.mp4,177,8.85,15,26.1,-1.48,0.8,1.29,0.38,32.5,41.9,WARNING,HIGH RISK,49,167.21
seq_04_bottleneck_b.mp4,178,8.9,15,26.1,-1.48,0.69,1.12,0.334,33.4,41.6,WARNING,HIGH RISK,49,140.21
seq_04_bottleneck_b.mp4,179,8.95,14,25.8,-1.75,0.73,1.14,0.306,28.2,41.4,WARNING,HIGH RISK,49,149.37
seq_04_bottleneck_b.mp4,180,9.0,15,27.1,-1.27,0.83,1.56,0.298,29.8,41.1,WARNING,HIGH RISK,50,168.81
seq_04_bottleneck_b.mp4,181,9.05,17,32.8,4.48,0.75,1.2,0.356,35.1,41.1,WARNING,HIGH RISK,50,171.17
seq_04_bottleneck_b.mp4,182,9.1,17,32.7,4.39,0.78,1.34,0.354,32.9,41.1,WARNING,HIGH RISK,50,171.62
seq_04_bottleneck_b.mp4,183,9.15,16,27.7,-2.1,1.18,12.01,0.332,23.4,41.1,WARNING,HIGH RISK,51,160.94
seq_04_bottleneck_b.mp4,184,9.2,16,27.8,-2.36,0.81,1.37,0.275,24.5,40.9,WARNING,HIGH RISK,51,174.68
seq_04_bottleneck_b.mp4,185,9.25,16,27.8,-2.7,0.74,1.14,0.268,26.5,40.5,WARNING,HIGH RISK,51,145.71
seq_04_bottleneck_b.mp4,186,9.3,16,29.4,3.33,0.76,1.31,0.373,33.9,40.4,WARNING,HIGH RISK,52,149.04
seq_04_bottleneck_b.mp4,187,9.35,17,29.9,3.75,0.81,1.26,0.199,19.3,40.5,WARNING,HIGH RISK,52,144.81
seq_04_bottleneck_b.mp4,188,9.4,17,29.8,4.05,0.77,1.13,0.351,35.2,40.6,WARNING,HIGH RISK,52,162.95
seq_04_bottleneck_b.mp4,189,9.45,17,30.0,2.89,0.81,1.33,0.344,32.9,40.5,WARNING,HIGH RISK,53,142.84
seq_04_bottleneck_b.mp4,190,9.5,17,30.0,-2.79,0.73,1.3,0.263,24.0,40.3,WARNING,HIGH RISK,53,183.34
seq_04_bottleneck_b.mp4,191,9.55,19,36.3,3.6,0.81,1.39,0.354,32.3,40.3,WARNING,HIGH RISK,53,148.05
seq_04_bottleneck_b.mp4,192,9.6,20,37.5,9.77,0.86,2.26,0.309,28.1,40.1,WARNING,HIGH RISK,54,148.84
seq_04_bottleneck_b.mp4,193,9.65,20,37.6,9.79,0.71,1.03,0.265,25.7,40.1,WARNING,HIGH RISK,54,135.76
seq_04_bottleneck_b.mp4,194,9.7,18,30.6,2.73,0.82,1.56,0.364,41.6,40.3,WARNING,HIGH RISK,54,136.69
seq_04_bottleneck_b.mp4,195,9.75,18,32.2,2.76,0.82,2.14,0.265,24.8,40.3,WARNING,HIGH RISK,55,135.15
seq_04_bottleneck_b.mp4,196,9.8,20,38.8,8.95,0.77,1.31,0.357,34.4,40.5,WARNING,HIGH RISK,55,136.09
seq_04_bottleneck_b.mp4,197,9.85,21,39.0,9.14,0.8,1.29,0.266,28.5,40.7,WARNING,HIGH RISK,55,149.38
seq_04_bottleneck_b.mp4,198,9.9,21,40.3,10.3,0.82,1.99,0.25,22.7,40.8,WARNING,HIGH RISK,56,135.63
seq_04_bottleneck_b.mp4,199,9.95,20,40.4,10.42,0.81,1.49,0.278,27.1,40.9,WARNING,HIGH RISK,56,132.09
seq_04_bottleneck_b.mp4,200,10.0,19,40.9,4.52,0.78,1.15,0.269,26.4,41.0,WARNING,HIGH RISK,56,124.32
seq_04_bottleneck_b.mp4,201,10.05,19,42.0,4.49,0.72,1.34,0.325,30.9,41.0,WARNING,HIGH RISK,57,134.98
seq_04_bottleneck_b.mp4,202,10.1,20,42.0,4.45,0.82,1.26,0.285,26.9,40.6,WARNING,HIGH RISK,57,137.89
seq_04_bottleneck_b.mp4,203,10.15,18,35.3,4.72,0.7,1.12,0.357,37.0,40.2,WARNING,HIGH RISK,57,141.15
seq_04_bottleneck_b.mp4,204,10.2,18,35.4,3.21,0.83,1.21,0.356,33.4,40.1,WARNING,HIGH RISK,58,147.47
seq_04_bottleneck_b.mp4,205,10.25,17,34.9,-3.94,0.77,1.22,0.349,32.7,39.7,WARNING,HIGH RISK,58,139.64
seq_04_bottleneck_b.mp4,206,10.3,17,34.9,-4.1,0.77,1.21,0.29,30.6,38.9,WARNING,HIGH RISK,58,138.71
seq_04_bottleneck_b.mp4,207,10.35,17,34.9,-5.43,0.84,1.71,0.379,35.0,38.2,WARNING,HIGH RISK,59,134.64
seq_04_bottleneck_b.mp4,208,10.4,17,34.8,-5.56,0.72,1.19,0.337,35.7,37.3,WARNING,HIGH RISK,59,143.17
seq_04_bottleneck_b.mp4,209,10.45,17,34.9,-5.96,0.79,1.31,0.276,24.3,36.5,WARNING,HIGH RISK,59,139.46
seq_04_bottleneck_b.mp4,210,10.5,18,36.2,-5.84,1.21,8.43,0.326,23.7,36.4,WARNING,HIGH RISK,60,154.35
seq_04_bottleneck_b.mp4,211,10.55,18,36.3,-5.74,0.75,1.35,0.333,35.0,36.1,WARNING,HIGH RISK,60,141.89
seq_04_bottleneck_b.mp4,212,10.6,18,36.4,1.1,0.77,1.27,0.324,33.3,35.8,WARNING,HIGH RISK,60,132.54
seq_04_bottleneck_b.mp4,213,10.65,18,36.8,1.46,0.78,1.23,0.252,23.2,35.4,WARNING,HIGH RISK,61,119.58
seq_04_bottleneck_b.mp4,214,10.7,20,37.2,2.32,0.82,1.34,0.338,34.7,35.2,WARNING,HIGH RISK,61,134.38
seq_04_bottleneck_b.mp4,215,10.75,20,37.1,2.27,0.76,1.29,0.217,21.7,34.8,WARNING,HIGH RISK,61,131.01
seq_04_bottleneck_b.mp4,216,10.8,19,38.9,4.08,0.77,1.17,0.349,35.6,34.6,WARNING,HIGH RISK,62,130.98
seq_04_bottleneck_b.mp4,217,10.85,19,38.8,3.96,0.8,1.25,0.201,18.5,34.4,WARNING,HIGH RISK,62,118.09
seq_04_bottleneck_b.mp4,218,10.9,19,38.6,3.71,0.76,1.12,0.312,33.2,34.2,WARNING,HIGH RISK,62,131.69
seq_04_bottleneck_b.mp4,219,10.95,19,39.3,3.17,0.82,1.46,0.267,26.7,33.9,WARNING,HIGH RISK,63,133.53
seq_04_bottleneck_b.mp4,220,11.0,17,40.0,3.73,0.81,1.28,0.324,34.7,34.0,WARNING,HIGH RISK,63,122.87
seq_04_bottleneck_b.mp4,221,11.05,17,39.6,3.25,0.78,1.28,0.304,28.9,34.1,WARNING,HIGH RISK,63,124.27
seq_04_bottleneck_b.mp4,222,11.1,17,39.5,2.66,0.87,1.32,0.31,32.8,33.8,WARNING,HIGH RISK,64,122.54
seq_04_bottleneck_b.mp4,223,11.15,17,39.3,2.11,0.73,1.25,0.232,24.9,33.6,WARNING,HIGH RISK,64,163.11
seq_04_bottleneck_b.mp4,224,11.2,17,39.2,2.03,0.79,1.22,0.331,33.7,33.4,WARNING,HIGH RISK,64,129.76
seq_04_bottleneck_b.mp4,225,11.25,14,24.7,-14.29,0.92,2.16,0.221,17.8,32.5,WARNING,HIGH RISK,65,158.31
seq_04_bottleneck_b.mp4,226,11.3,17,29.9,-8.9,0.75,1.21,0.341,36.2,31.9,WARNING,HIGH RISK,65,128.46
seq_04_bottleneck_b.mp4,227,11.35,17,38.4,-0.23,0.86,2.5,0.256,28.5,31.5,WARNING,HIGH RISK,65,129.88
seq_04_bottleneck_b.mp4,228,11.4,15,31.1,-8.25,0.76,1.32,0.299,35.2,31.4,WARNING,HIGH RISK,66,125.47
seq_04_bottleneck_b.mp4,229,11.45,15,30.9,-9.06,0.8,1.24,0.223,19.2,31.3,WARNING,HIGH RISK,66,116.97
seq_04_bottleneck_b.mp4,230,11.5,14,22.9,-16.68,0.8,1.26,0.277,30.8,31.0,WARNING,HIGH RISK,66,124.73
seq_04_bottleneck_b.mp4,231,11.55,16,30.7,-8.75,0.76,1.26,0.257,32.6,30.8,NORMAL,HIGH RISK,67,123.85
seq_04_bottleneck_b.mp4,232,11.6,14,30.9,-8.4,0.92,3.95,0.257,49.2,30.7,NORMAL,HIGH RISK,67,120.73
seq_04_bottleneck_b.mp4,233,11.65,17,30.5,-8.65,0.78,1.19,0.225,22.4,30.5,NORMAL,HIGH RISK,67,123.75
seq_04_bottleneck_b.mp4,234,11.7,16,31.2,6.54,0.79,1.71,0.215,25.0,30.2,NORMAL,HIGH RISK,68,134.29
seq_04_bottleneck_b.mp4,235,11.75,15,28.3,-1.6,0.77,1.33,0.217,23.6,29.9,NORMAL,HIGH RISK,68,130.1
seq_04_bottleneck_b.mp4,236,11.8,15,28.4,-10.0,0.8,1.19,0.207,21.2,29.6,NORMAL,HIGH RISK,68,126.06
seq_04_bottleneck_b.mp4,237,11.85,15,28.4,-2.69,0.76,1.15,0.207,19.9,29.4,NORMAL,HIGH RISK,68,128.32
seq_04_bottleneck_b.mp4,238,11.9,16,28.5,-2.44,0.78,1.18,0.247,24.8,29.1,NORMAL,HIGH RISK,68,123.03
seq_04_bottleneck_b.mp4,239,11.95,16,28.5,5.55,0.76,1.24,0.228,25.3,28.9,NORMAL,HIGH RISK,68,132.31
seq_04_rapid_panic_dispersion.mp4,0,0.0,19,23.6,-7.18,7.63,17.68,0.613,61.1,34.6,WARNING,NORMAL,22,131.47
seq_04_rapid_panic_dispersion.mp4,1,0.05,19,23.7,-7.18,0.9,1.77,0.826,81.8,34.7,WARNING,NORMAL,22,130.35
seq_04_rapid_panic_dispersion.mp4,2,0.1,19,23.8,-6.75,0.94,1.73,0.764,79.2,34.7,WARNING,NORMAL,22,138.85
seq_04_rapid_panic_dispersion.mp4,3,0.15,17,23.7,-7.46,0.98,1.58,0.825,75.4,35.0,WARNING,NORMAL,22,121.51
seq_04_rapid_panic_dispersion.mp4,4,0.2,17,23.6,-4.63,0.93,1.84,0.856,88.0,35.4,WARNING,NORMAL,22,128.99
seq_04_rapid_panic_dispersion.mp4,5,0.25,17,23.6,-4.84,0.9,1.75,0.869,82.5,35.6,WARNING,NORMAL,22,129.36
seq_04_rapid_panic_dispersion.mp4,6,0.3,16,23.3,-5.06,1.05,2.25,0.793,75.4,36.0,WARNING,NORMAL,22,136.0
seq_04_rapid_panic_dispersion.mp4,7,0.35,16,23.3,-5.21,0.99,2.11,0.802,82.2,36.3,WARNING,NORMAL,22,125.58
seq_04_rapid_panic_dispersion.mp4,8,0.4,16,23.2,-5.34,0.91,1.81,0.906,85.9,36.5,WARNING,NORMAL,22,128.62
seq_04_rapid_panic_dispersion.mp4,9,0.45,15,22.9,-0.63,0.96,1.81,0.686,67.4,31.2,WARNING,NORMAL,22,126.83
seq_04_rapid_panic_dispersion.mp4,10,0.5,15,22.7,-1.0,0.94,1.72,0.771,77.1,30.1,NORMAL,NORMAL,22,116.26
seq_04_rapid_panic_dispersion.mp4,11,0.55,15,22.6,-1.13,0.95,1.79,0.907,85.0,30.3,NORMAL,NORMAL,22,116.95
seq_04_rapid_panic_dispersion.mp4,12,0.6,15,22.5,-1.21,0.88,1.37,0.706,70.5,30.4,NORMAL,NORMAL,22,126.48
seq_04_rapid_panic_dispersion.mp4,13,0.65,16,22.4,-1.22,0.93,1.84,0.841,81.0,30.6,NORMAL,NORMAL,22,122.96
seq_04_rapid_panic_dispersion.mp4,14,0.7,15,20.5,-3.07,0.93,1.89,0.824,78.4,30.8,NORMAL,NORMAL,22,120.3
seq_04_rapid_panic_dispersion.mp4,15,0.75,15,22.6,-0.73,0.94,1.68,0.813,82.5,31.0,NORMAL,NORMAL,22,113.46
seq_04_rapid_panic_dispersion.mp4,16,0.8,15,22.8,-0.45,0.88,1.73,0.814,79.0,31.0,WARNING,NORMAL,22,125.91
seq_04_rapid_panic_dispersion.mp4,17,0.85,15,23.0,-0.18,0.94,1.77,0.833,83.5,31.4,WARNING,NORMAL,22,122.0
seq_04_rapid_panic_dispersion.mp4,18,0.9,15,23.3,0.37,1.01,2.1,0.784,75.1,31.7,WARNING,NORMAL,22,127.26
seq_04_rapid_panic_dispersion.mp4,19,0.95,15,23.2,0.51,1.01,2.15,0.78,73.6,32.0,WARNING,NORMAL,22,132.84
seq_04_rapid_panic_dispersion.mp4,20,1.0,15,23.2,0.52,0.94,1.82,0.786,78.1,32.1,WARNING,NORMAL,22,136.99
seq_04_rapid_panic_dispersion.mp4,21,1.05,15,23.1,0.56,0.91,1.74,0.845,84.0,32.4,WARNING,NORMAL,22,137.46
seq_04_rapid_panic_dispersion.mp4,22,1.1,15,22.9,0.52,0.92,2.06,0.761,70.3,32.7,WARNING,NORMAL,22,140.57
seq_04_rapid_panic_dispersion.mp4,23,1.15,16,22.9,2.45,0.99,2.2,0.823,77.8,33.0,WARNING,NORMAL,22,144.06
seq_04_rapid_panic_dispersion.mp4,24,1.2,16,22.8,0.15,0.92,1.7,0.75,70.1,33.4,WARNING,NORMAL,22,133.82
seq_04_rapid_panic_dispersion.mp4,25,1.25,15,21.2,-1.6,1.11,5.73,0.789,79.5,33.8,WARNING,NORMAL,22,133.15
seq_04_rapid_panic_dispersion.mp4,26,1.3,15,21.1,-1.86,0.94,1.6,0.775,82.2,34.1,WARNING,NORMAL,22,137.72
seq_04_rapid_panic_dispersion.mp4,27,1.35,15,21.0,-2.33,0.89,1.7,0.792,75.1,34.2,WARNING,NORMAL,22,150.22
seq_04_rapid_panic_dispersion.mp4,28,1.4,15,21.0,-2.2,0.96,1.74,0.704,76.6,34.3,WARNING,NORMAL,22,145.86
seq_04_rapid_panic_dispersion.mp4,29,1.45,14,20.9,-2.28,0.94,1.79,0.701,69.3,34.6,WARNING,NORMAL,22,163.81
seq_04_rapid_panic_dispersion.mp4,30,1.5,14,21.2,-1.95,0.93,2.03,0.769,75.5,34.8,WARNING,NORMAL,22,146.41
seq_04_rapid_panic_dispersion.mp4,31,1.55,13,21.1,-1.81,1.02,1.89,0.742,72.5,35.1,WARNING,NORMAL,22,158.47
seq_04_rapid_panic_dispersion.mp4,32,1.6,14,21.4,-1.55,0.9,2.1,0.661,65.8,35.3,WARNING,NORMAL,22,179.97
seq_04_rapid_panic_dispersion.mp4,33,1.65,14,21.6,-1.19,0.92,1.63,0.726,74.2,35.5,WARNING,NORMAL,22,176.89
seq_04_rapid_panic_dispersion.mp4,34,1.7,14,21.8,0.53,0.96,1.76,0.666,64.3,35.7,WARNING,NORMAL,22,172.24
seq_04_rapid_panic_dispersion.mp4,35,1.75,14,22.0,0.89,0.91,1.72,0.648,63.4,35.9,WARNING,NORMAL,22,161.59
seq_04_rapid_panic_dispersion.mp4,36,1.8,15,21.9,0.96,1.05,2.01,0.692,63.2,36.1,WARNING,NORMAL,22,175.96
seq_04_rapid_panic_dispersion.mp4,37,1.85,15,21.9,0.92,0.81,1.37,0.676,65.6,36.3,WARNING,NORMAL,22,158.06
seq_04_rapid_panic_dispersion.mp4,38,1.9,15,21.9,1.07,0.96,1.69,0.84,84.7,36.6,WARNING,NORMAL,22,156.96
seq_04_rapid_panic_dispersion.mp4,39,1.95,14,22.2,1.09,0.91,1.71,0.792,77.8,36.9,WARNING,NORMAL,22,169.27
seq_04_rapid_panic_dispersion.mp4,40,2.0,14,22.2,1.1,0.99,1.98,0.724,71.7,37.3,WARNING,NORMAL,22,150.18
seq_04_rapid_panic_dispersion.mp4,41,2.05,14,22.3,0.96,0.91,1.6,0.755,74.3,37.6,WARNING,NORMAL,22,144.98
seq_04_rapid_panic_dispersion.mp4,42,2.1,14,22.4,0.88,0.92,1.71,0.706,67.0,37.9,WARNING,NORMAL,22,158.68
seq_04_rapid_panic_dispersion.mp4,43,2.15,13,23.1,1.36,1.04,1.98,0.781,73.7,38.3,WARNING,NORMAL,22,145.28
seq_04_rapid_panic_dispersion.mp4,44,2.2,13,23.1,1.06,1.05,2.45,0.76,67.2,38.7,WARNING,NORMAL,22,167.88
seq_04_rapid_panic_dispersion.mp4,45,2.25,12,22.2,0.24,2.16,27.41,0.657,31.8,39.8,WARNING,NORMAL,22,148.78
seq_04_rapid_panic_dispersion.mp4,46,2.3,12,22.3,0.36,0.93,1.96,0.789,76.4,40.0,WARNING,NORMAL,22,152.88
seq_04_rapid_panic_dispersion.mp4,47,2.35,12,22.6,0.64,0.89,1.72,0.704,72.4,40.4,WARNING,NORMAL,22,142.86
seq_04_rapid_panic_dispersion.mp4,48,2.4,14,22.6,0.41,1.03,2.01,0.702,61.5,40.6,WARNING,NORMAL,22,157.5
seq_04_rapid_panic_dispersion.mp4,49,2.45,14,22.7,0.47,0.9,1.61,0.749,75.8,40.8,WARNING,NORMAL,22,167.28
seq_04_rapid_panic_dispersion.mp4,50,2.5,14,22.9,0.59,0.87,1.44,0.841,80.4,41.1,WARNING,NORMAL,22,157.67
seq_04_rapid_panic_dispersion.mp4,51,2.55,14,23.2,0.78,0.89,1.56,0.888,89.6,41.4,WARNING,NORMAL,22,162.51
seq_04_rapid_panic_dispersion.mp4,52,2.6,13,22.3,-0.81,1.1,4.15,0.701,66.0,41.7,WARNING,NORMAL,22,166.1
seq_04_rapid_panic_dispersion.mp4,53,2.65,14,22.7,-0.34,0.96,1.9,0.791,78.6,41.8,WARNING,NORMAL,22,219.41
seq_04_rapid_panic_dispersion.mp4,54,2.7,14,22.8,0.66,0.92,1.9,0.779,77.5,41.0,WARNING,NORMAL,22,170.5
seq_04_rapid_panic_dispersion.mp4,55,2.75,15,23.2,0.91,1.0,1.81,0.866,84.9,41.4,WARNING,NORMAL,22,161.97
seq_04_rapid_panic_dispersion.mp4,56,2.8,15,21.0,-1.59,1.16,3.39,0.749,65.4,41.5,WARNING,NORMAL,22,160.96
seq_04_rapid_panic_dispersion.mp4,57,2.85,16,21.3,-1.38,0.96,2.02,0.709,73.0,41.7,WARNING,NORMAL,22,162.13
seq_04_rapid_panic_dispersion.mp4,58,2.9,16,21.3,-1.38,0.94,1.7,0.707,67.8,42.0,WARNING,NORMAL,22,160.77
seq_04_rapid_panic_dispersion.mp4,59,2.95,17,21.4,-1.54,0.93,1.61,0.779,75.8,42.3,WARNING,NORMAL,22,153.32
seq_04_rapid_panic_dispersion.mp4,60,3.0,17,21.5,-1.76,0.91,1.59,0.644,63.7,42.5,WARNING,NORMAL,22,158.22
seq_04_rapid_panic_dispersion.mp4,61,3.05,17,21.5,-0.85,0.94,1.82,0.754,68.7,42.7,WARNING,NORMAL,22,145.77
seq_04_rapid_panic_dispersion.mp4,62,3.1,17,21.5,-1.27,0.89,1.41,0.764,75.7,43.0,WARNING,NORMAL,22,150.01
seq_04_rapid_panic_dispersion.mp4,63,3.15,18,21.5,-1.33,0.84,1.56,0.712,68.4,43.2,WARNING,NORMAL,22,161.31
seq_04_rapid_panic_dispersion.mp4,64,3.2,17,21.6,-1.58,0.94,1.7,0.666,67.5,43.4,WARNING,NORMAL,22,159.85
seq_04_rapid_panic_dispersion.mp4,65,3.25,16,21.2,0.21,0.86,1.5,0.786,81.6,43.7,WARNING,NORMAL,22,152.99
seq_04_rapid_panic_dispersion.mp4,66,3.3,16,21.0,-0.23,0.94,1.67,0.793,77.2,44.0,WARNING,NORMAL,22,154.28
seq_04_rapid_panic_dispersion.mp4,67,3.35,15,21.1,-0.19,0.97,1.9,0.776,78.6,44.2,WARNING,NORMAL,22,154.87
seq_04_rapid_panic_dispersion.mp4,68,3.4,15,20.9,-0.45,1.04,2.27,0.737,68.4,44.4,WARNING,NORMAL,22,157.27
seq_04_rapid_panic_dispersion.mp4,69,3.45,16,21.1,-0.35,1.02,2.45,0.857,78.2,44.8,WARNING,NORMAL,22,155.64
seq_04_rapid_panic_dispersion.mp4,70,3.5,16,21.0,-0.45,0.93,1.96,0.75,76.2,45.0,WARNING,NORMAL,22,161.78
seq_04_rapid_panic_dispersion.mp4,71,3.55,16,20.8,-0.63,0.92,1.72,0.716,68.6,45.2,WARNING,NORMAL,22,158.31
seq_04_rapid_panic_dispersion.mp4,72,3.6,16,20.7,-0.77,0.94,1.49,0.862,84.1,45.6,WARNING,NORMAL,22,144.04
seq_04_rapid_panic_dispersion.mp4,73,3.65,16,20.6,-1.01,0.93,1.71,0.718,67.9,45.8,WARNING,NORMAL,22,162.43
seq_04_rapid_panic_dispersion.mp4,74,3.7,16,20.5,-0.7,0.91,1.61,0.811,82.6,46.2,WARNING,NORMAL,22,146.2
seq_04_rapid_panic_dispersion.mp4,75,3.75,16,20.5,-0.54,0.94,1.39,0.706,71.1,46.7,WARNING,NORMAL,22,131.27
seq_04_rapid_panic_dispersion.mp4,76,3.8,16,20.5,-0.62,0.93,1.74,0.81,84.5,47.0,WARNING,NORMAL,22,251.87
seq_04_rapid_panic_dispersion.mp4,77,3.85,16,20.6,-0.37,0.85,1.61,0.72,74.3,47.1,WARNING,NORMAL,22,227.11
seq_04_rapid_panic_dispersion.mp4,78,3.9,16,20.7,-0.44,0.96,1.83,0.83,82.6,47.3,WARNING,NORMAL,22,194.64
seq_04_rapid_panic_dispersion.mp4,79,3.95,16,20.8,-0.26,0.93,2.03,0.735,74.3,47.6,WARNING,NORMAL,22,199.76
seq_04_rapid_panic_dispersion.mp4,80,4.0,16,20.8,-0.07,3.07,4.7,0.557,55.6,49.4,WARNING,CRITICAL,22,156.82
seq_04_rapid_panic_dispersion.mp4,81,4.05,16,20.9,0.18,3.31,4.58,0.556,56.8,51.5,HIGH RISK,CRITICAL,22,175.92
seq_04_rapid_panic_dispersion.mp4,82,4.1,16,20.9,0.33,2.94,4.0,0.589,59.8,53.3,HIGH RISK,CRITICAL,22,207.29
seq_04_rapid_panic_dispersion.mp4,83,4.15,15,19.7,-0.79,3.43,9.74,0.542,50.1,55.5,HIGH RISK,CRITICAL,22,154.54
seq_04_rapid_panic_dispersion.mp4,84,4.2,15,19.8,-0.69,3.1,4.27,0.565,52.9,57.4,HIGH RISK,CRITICAL,22,170.92
seq_04_rapid_panic_dispersion.mp4,85,4.25,16,19.6,-0.89,3.27,4.43,0.577,57.1,59.6,HIGH RISK,CRITICAL,22,172.47
seq_04_rapid_panic_dispersion.mp4,86,4.3,14,17.7,-2.88,3.89,18.5,0.584,45.8,62.3,HIGH RISK,CRITICAL,22,154.82
seq_04_rapid_panic_dispersion.mp4,87,4.35,14,17.8,-2.88,3.3,4.42,0.612,62.3,64.6,HIGH RISK,CRITICAL,22,164.38
seq_04_rapid_panic_dispersion.mp4,88,4.4,14,17.7,-3.05,3.12,4.3,0.613,59.3,66.6,HIGH RISK,CRITICAL,22,156.08
seq_04_rapid_panic_dispersion.mp4,89,4.45,12,15.6,-5.13,3.48,9.15,0.57,57.1,67.2,HIGH RISK,CRITICAL,22,142.87
seq_04_rapid_panic_dispersion.mp4,90,4.5,11,14.7,-6.21,3.25,4.7,0.606,59.4,65.7,HIGH RISK,CRITICAL,22,133.48
seq_04_rapid_panic_dispersion.mp4,91,4.55,12,14.3,-6.6,3.24,4.52,0.615,60.5,64.2,HIGH RISK,CRITICAL,22,143.08
seq_04_rapid_panic_dispersion.mp4,92,4.6,12,14.3,-5.37,3.27,4.69,0.605,58.9,62.6,HIGH RISK,CRITICAL,22,137.67
seq_04_rapid_panic_dispersion.mp4,93,4.65,11,13.0,-6.81,3.32,9.07,0.602,59.1,60.9,HIGH RISK,CRITICAL,22,158.74
seq_04_rapid_panic_dispersion.mp4,94,4.7,10,11.8,-7.82,4.77,32.21,0.583,37.8,60.6,HIGH RISK,CRITICAL,22,148.79
seq_04_rapid_panic_dispersion.mp4,95,4.75,9,10.8,-6.91,3.23,7.02,0.619,58.6,58.4,HIGH RISK,CRITICAL,22,153.68
seq_04_rapid_panic_dispersion.mp4,96,4.8,8,9.8,-7.96,4.88,30.85,0.638,43.8,57.5,HIGH RISK,CRITICAL,22,152.85
seq_04_rapid_panic_dispersion.mp4,97,4.85,8,9.6,-8.08,2.89,4.2,0.744,70.2,55.7,HIGH RISK,CRITICAL,22,151.97
seq_04_rapid_panic_dispersion.mp4,98,4.9,7,8.6,-7.04,4.87,24.9,0.717,48.7,55.3,HIGH RISK,CRITICAL,22,139.27
seq_04_rapid_panic_dispersion.mp4,99,4.95,6,7.2,-7.44,4.21,14.42,0.759,78.3,56.1,HIGH RISK,CRITICAL,22,139.64
seq_04_rapid_panic_dispersion.mp4,100,5.0,6,7.2,-7.09,3.13,4.7,0.676,70.3,56.0,HIGH RISK,CRITICAL,22,152.16
seq_04_rapid_panic_dispersion.mp4,101,5.05,6,7.2,-7.1,3.26,4.45,0.717,69.2,55.7,HIGH RISK,CRITICAL,22,138.11
seq_04_rapid_panic_dispersion.mp4,102,5.1,6,7.2,-5.76,3.08,4.38,0.699,65.4,55.6,HIGH RISK,CRITICAL,22,139.28
seq_04_rapid_panic_dispersion.mp4,103,5.15,6,7.2,-4.56,3.11,4.11,0.704,69.9,54.0,HIGH RISK,CRITICAL,22,137.52
seq_04_rapid_panic_dispersion.mp4,104,5.2,5,6.1,-4.73,4.32,12.85,0.682,71.8,53.6,HIGH RISK,CRITICAL,22,135.02
seq_04_rapid_panic_dispersion.mp4,105,5.25,5,6.0,-3.84,3.16,4.41,0.607,61.9,52.6,HIGH RISK,CRITICAL,22,139.92
seq_04_rapid_panic_dispersion.mp4,106,5.3,3,3.5,-6.14,6.35,19.71,0.561,45.7,54.0,HIGH RISK,CRITICAL,22,133.82
seq_04_rapid_panic_dispersion.mp4,107,5.35,3,3.5,-5.09,3.22,4.47,0.605,63.3,52.8,HIGH RISK,CRITICAL,22,143.28
seq_04_rapid_panic_dispersion.mp4,108,5.4,3,3.5,-3.75,3.25,4.31,0.484,47.5,51.3,HIGH RISK,CRITICAL,22,147.45
seq_04_rapid_panic_dispersion.mp4,109,5.45,2,2.4,-4.85,4.76,15.09,0.695,65.3,51.3,HIGH RISK,CRITICAL,22,130.17
seq_04_rapid_panic_dispersion.mp4,110,5.5,2,2.4,-4.85,3.05,4.86,0.674,64.6,51.3,HIGH RISK,CRITICAL,22,136.63
seq_04_rapid_panic_dispersion.mp4,111,5.55,2,2.4,-4.85,3.3,4.44,0.633,61.7,51.1,HIGH RISK,CRITICAL,22,135.35
seq_04_rapid_panic_dispersion.mp4,112,5.6,2,2.4,-4.85,3.2,4.14,0.559,54.8,51.3,HIGH RISK,CRITICAL,22,141.96
seq_04_rapid_panic_dispersion.mp4,113,5.65,2,2.4,-3.66,3.52,4.29,0.728,71.3,51.9,HIGH RISK,CRITICAL,22,131.66
seq_04_rapid_panic_dispersion.mp4,114,5.7,2,2.4,-3.6,3.08,3.73,0.669,65.1,50.9,WARNING,CRITICAL,22,159.19
seq_04_rapid_panic_dispersion.mp4,115,5.75,2,2.4,-1.1,3.2,3.87,0.627,62.2,50.8,WARNING,CRITICAL,22,151.62
seq_04_rapid_panic_dispersion.mp4,116,5.8,2,2.4,-1.1,2.77,3.93,0.59,53.3,50.6,WARNING,CRITICAL,22,136.6
seq_04_rapid_panic_dispersion.mp4,117,5.85,1,1.2,-2.3,7.11,16.15,0.777,47.5,50.7,WARNING,CRITICAL,22,138.37
seq_04_rapid_panic_dispersion.mp4,118,5.9,1,1.2,-1.2,3.22,3.98,0.025,1.3,50.1,WARNING,CRITICAL,22,142.25
seq_04_rapid_panic_dispersion.mp4,119,5.95,1,1.2,-1.2,2.75,3.04,0.014,0.8,49.6,WARNING,CRITICAL,22,145.18
seq_04_rapid_panic_dispersion.mp4,120,6.0,1,1.2,-1.2,2.76,3.6,0.018,1.4,49.1,WARNING,CRITICAL,22,130.5
seq_04_rapid_panic_dispersion.mp4,121,6.05,1,1.2,-1.2,3.39,4.29,0.02,1.2,48.6,WARNING,CRITICAL,22,143.82
seq_04_rapid_panic_dispersion.mp4,122,6.1,1,1.2,-1.2,3.39,4.25,0.019,1.1,48.2,WARNING,CRITICAL,22,146.15
seq_04_rapid_panic_dispersion.mp4,123,6.15,1,1.2,-1.2,2.87,3.58,0.024,1.4,47.7,WARNING,CRITICAL,22,139.76
seq_04_rapid_panic_dispersion.mp4,124,6.2,1,1.2,-1.2,3.02,3.33,0.017,0.8,47.2,WARNING,CRITICAL,22,131.67
seq_04_rapid_panic_dispersion.mp4,125,6.25,1,1.2,-1.2,3.34,3.65,0.013,0.6,47.8,WARNING,CRITICAL,22,131.48
seq_04_rapid_panic_dispersion.mp4,126,6.3,1,1.2,-0.04,2.67,2.96,0.011,0.6,46.2,WARNING,CRITICAL,22,132.32
seq_04_rapid_panic_dispersion.mp4,127,6.35,1,1.1,-0.11,3.43,4.28,0.017,0.8,45.8,WARNING,CRITICAL,22,130.19
seq_04_rapid_panic_dispersion.mp4,128,6.4,1,0.9,-0.34,3.5,4.37,0.017,1.2,45.3,WARNING,CRITICAL,22,137.1
seq_04_rapid_panic_dispersion.mp4,129,6.45,0,0.0,-1.2,20.12,29.45,0.004,0.1,56.3,HIGH RISK,CRITICAL,22,149.97
seq_04_rapid_panic_dispersion.mp4,130,6.5,0,0.0,-1.2,0.0,0.0,0.0,0.0,53.5,HIGH RISK,CRITICAL,22,139.0
seq_04_rapid_panic_dispersion.mp4,131,6.55,0,0.0,-1.2,0.0,0.0,0.0,0.0,50.0,WARNING,CRITICAL,22,151.59
seq_04_rapid_panic_dispersion.mp4,132,6.6,0,0.0,-1.2,0.0,0.0,0.0,0.0,47.3,WARNING,CRITICAL,22,143.38
seq_04_rapid_panic_dispersion.mp4,133,6.65,0,0.0,-1.2,0.0,0.0,0.0,0.0,44.5,WARNING,CRITICAL,22,130.91
seq_04_rapid_panic_dispersion.mp4,134,6.7,0,0.0,-1.2,0.0,0.0,0.0,0.0,42.7,WARNING,CRITICAL,22,134.77
seq_04_rapid_panic_dispersion.mp4,135,6.75,0,0.0,-1.16,0.0,0.0,0.0,0.0,42.2,WARNING,CRITICAL,22,130.06
seq_04_rapid_panic_dispersion.mp4,136,6.8,0,0.0,-1.09,0.0,0.0,0.0,0.0,41.8,WARNING,CRITICAL,22,143.48
seq_04_rapid_panic_dispersion.mp4,137,6.85,0,0.0,-0.86,0.0,0.0,0.0,0.0,41.3,WARNING,CRITICAL,22,133.23
seq_04_rapid_panic_dispersion.mp4,138,6.9,0,0.0,0.0,0.0,0.0,0.0,0.0,40.7,WARNING,CRITICAL,22,131.54
seq_04_rapid_panic_dispersion.mp4,139,6.95,0,0.0,0.0,0.0,0.0,0.0,0.0,40.1,WARNING,CRITICAL,22,138.39
seq_04_rapid_panic_dispersion.mp4,140,7.0,0,0.0,0.0,0.0,0.0,0.0,0.0,39.6,WARNING,CRITICAL,22,137.94
seq_04_rapid_panic_dispersion.mp4,141,7.05,0,0.0,0.0,0.0,0.0,0.0,0.0,39.1,WARNING,CRITICAL,22,152.67
seq_04_rapid_panic_dispersion.mp4,142,7.1,0,0.0,0.0,0.0,0.0,0.0,0.0,38.6,WARNING,CRITICAL,22,141.71
seq_04_rapid_panic_dispersion.mp4,143,7.15,0,0.0,0.0,0.0,0.0,0.0,0.0,38.1,WARNING,CRITICAL,22,153.02
seq_04_rapid_panic_dispersion.mp4,144,7.2,0,0.0,0.0,0.0,0.0,0.0,0.0,37.6,WARNING,CRITICAL,22,143.78
seq_04_rapid_panic_dispersion.mp4,145,7.25,0,0.0,0.0,0.0,0.0,0.0,0.0,37.2,WARNING,CRITICAL,22,140.22
seq_04_rapid_panic_dispersion.mp4,146,7.3,0,0.0,0.0,0.0,0.0,0.0,0.0,36.6,WARNING,CRITICAL,22,137.09
seq_04_rapid_panic_dispersion.mp4,147,7.35,0,0.0,0.0,0.0,0.0,0.0,0.0,36.1,WARNING,CRITICAL,22,140.01
seq_04_rapid_panic_dispersion.mp4,148,7.4,0,0.0,0.0,0.0,0.0,0.0,0.0,35.6,WARNING,CRITICAL,22,179.87
seq_04_rapid_panic_dispersion.mp4,149,7.45,0,0.0,0.0,0.0,0.0,0.0,0.0,35.1,WARNING,CRITICAL,22,157.67
seq_04_rapid_panic_dispersion.mp4,150,7.5,0,0.0,0.0,0.0,0.0,0.0,0.0,34.5,WARNING,CRITICAL,22,158.35
seq_04_rapid_panic_dispersion.mp4,151,7.55,0,0.0,0.0,0.0,0.0,0.0,0.0,33.9,WARNING,CRITICAL,22,144.11
seq_04_rapid_panic_dispersion.mp4,152,7.6,0,0.0,0.0,0.0,0.0,0.0,0.0,33.4,WARNING,CRITICAL,22,159.0
seq_04_rapid_panic_dispersion.mp4,153,7.65,0,0.0,0.0,0.0,0.0,0.0,0.0,32.9,WARNING,CRITICAL,22,150.38
seq_04_rapid_panic_dispersion.mp4,154,7.7,0,0.0,0.0,0.0,0.0,0.0,0.0,32.3,WARNING,CRITICAL,22,170.29
seq_04_rapid_panic_dispersion.mp4,155,7.75,0,0.0,0.0,0.0,0.0,0.0,0.0,31.7,WARNING,CRITICAL,22,144.75
seq_04_rapid_panic_dispersion.mp4,156,7.8,0,0.0,0.0,0.0,0.0,0.0,0.0,31.2,WARNING,CRITICAL,22,153.32
seq_04_rapid_panic_dispersion.mp4,157,7.85,0,0.0,0.0,0.0,0.0,0.0,0.0,30.7,NORMAL,CRITICAL,22,136.48
seq_04_rapid_panic_dispersion.mp4,158,7.9,0,0.0,0.0,0.0,0.0,0.0,0.0,30.2,NORMAL,CRITICAL,22,139.66
seq_04_rapid_panic_dispersion.mp4,159,7.95,0,0.0,0.0,0.0,0.0,0.0,0.0,29.7,NORMAL,CRITICAL,22,129.33
seq_04_rapid_panic_dispersion.mp4,160,8.0,0,0.0,0.0,0.0,0.0,0.0,0.0,29.2,NORMAL,CRITICAL,22,126.63
seq_04_rapid_panic_dispersion.mp4,161,8.05,0,0.0,0.0,0.0,0.0,0.0,0.0,28.7,NORMAL,CRITICAL,22,139.21
seq_04_rapid_panic_dispersion.mp4,162,8.1,0,0.0,0.0,0.0,0.0,0.0,0.0,28.2,NORMAL,CRITICAL,22,157.4
seq_04_rapid_panic_dispersion.mp4,163,8.15,0,0.0,0.0,0.0,0.0,0.0,0.0,27.7,NORMAL,CRITICAL,22,165.11
seq_04_rapid_panic_dispersion.mp4,164,8.2,0,0.0,0.0,0.0,0.0,0.0,0.0,27.2,NORMAL,CRITICAL,22,155.01
seq_04_rapid_panic_dispersion.mp4,165,8.25,0,0.0,0.0,0.0,0.0,0.0,0.0,26.6,NORMAL,CRITICAL,22,155.91
seq_04_rapid_panic_dispersion.mp4,166,8.3,0,0.0,0.0,0.0,0.0,0.0,0.0,26.1,NORMAL,CRITICAL,22,157.67
seq_04_rapid_panic_dispersion.mp4,167,8.35,0,0.0,0.0,0.0,0.0,0.0,0.0,25.5,NORMAL,CRITICAL,22,152.75
seq_04_rapid_panic_dispersion.mp4,168,8.4,0,0.0,0.0,0.0,0.0,0.0,0.0,25.0,NORMAL,CRITICAL,22,144.12
seq_04_rapid_panic_dispersion.mp4,169,8.45,0,0.0,0.0,0.0,0.0,0.0,0.0,24.5,NORMAL,CRITICAL,22,151.98
seq_04_rapid_panic_dispersion.mp4,170,8.5,0,0.0,0.0,0.0,0.0,0.0,0.0,23.9,NORMAL,CRITICAL,22,171.81
seq_04_rapid_panic_dispersion.mp4,171,8.55,0,0.0,0.0,0.0,0.0,0.0,0.0,23.4,NORMAL,CRITICAL,22,164.09
seq_04_rapid_panic_dispersion.mp4,172,8.6,0,0.0,0.0,0.0,0.0,0.0,0.0,22.8,NORMAL,CRITICAL,22,159.6
seq_04_rapid_panic_dispersion.mp4,173,8.65,0,0.0,0.0,0.0,0.0,0.0,0.0,22.3,NORMAL,CRITICAL,22,152.76
seq_04_rapid_panic_dispersion.mp4,174,8.7,0,0.0,0.0,0.0,0.0,0.0,0.0,21.8,NORMAL,CRITICAL,22,163.0
seq_04_rapid_panic_dispersion.mp4,175,8.75,0,0.0,0.0,0.0,0.0,0.0,0.0,21.3,NORMAL,CRITICAL,22,158.21
seq_04_rapid_panic_dispersion.mp4,176,8.8,0,0.0,0.0,0.0,0.0,0.0,0.0,20.7,NORMAL,CRITICAL,22,161.66
seq_04_rapid_panic_dispersion.mp4,177,8.85,0,0.0,0.0,0.0,0.0,0.0,0.0,20.2,NORMAL,CRITICAL,22,147.91
seq_04_rapid_panic_dispersion.mp4,178,8.9,0,0.0,0.0,0.0,0.0,0.0,0.0,19.6,NORMAL,CRITICAL,22,155.36
seq_04_rapid_panic_dispersion.mp4,179,8.95,0,0.0,0.0,0.0,0.0,0.0,0.0,19.1,NORMAL,CRITICAL,22,174.55
seq_04_rapid_panic_dispersion.mp4,180,9.0,0,0.0,0.0,0.0,0.0,0.0,0.0,18.6,NORMAL,CRITICAL,22,144.11
seq_04_rapid_panic_dispersion.mp4,181,9.05,0,0.0,0.0,0.0,0.0,0.0,0.0,18.2,NORMAL,CRITICAL,22,132.64
seq_04_rapid_panic_dispersion.mp4,182,9.1,0,0.0,0.0,0.0,0.0,0.0,0.0,17.7,NORMAL,CRITICAL,22,138.1
seq_04_rapid_panic_dispersion.mp4,183,9.15,0,0.0,0.0,0.0,0.0,0.0,0.0,17.3,NORMAL,CRITICAL,22,131.49
seq_04_rapid_panic_dispersion.mp4,184,9.2,0,0.0,0.0,0.0,0.0,0.0,0.0,16.8,NORMAL,CRITICAL,22,132.77
seq_04_rapid_panic_dispersion.mp4,185,9.25,0,0.0,0.0,0.0,0.0,0.0,0.0,16.4,NORMAL,CRITICAL,22,130.05
seq_04_rapid_panic_dispersion.mp4,186,9.3,0,0.0,0.0,0.0,0.0,0.0,0.0,16.0,NORMAL,CRITICAL,22,145.7
seq_04_rapid_panic_dispersion.mp4,187,9.35,0,0.0,0.0,0.0,0.0,0.0,0.0,15.5,NORMAL,CRITICAL,22,130.95
seq_04_rapid_panic_dispersion.mp4,188,9.4,0,0.0,0.0,0.0,0.0,0.0,0.0,15.0,NORMAL,CRITICAL,22,141.58
seq_04_rapid_panic_dispersion.mp4,189,9.45,0,0.0,0.0,0.0,0.0,0.0,0.0,14.6,NORMAL,CRITICAL,22,162.74
seq_04_rapid_panic_dispersion.mp4,190,9.5,0,0.0,0.0,0.0,0.0,0.0,0.0,14.1,NORMAL,CRITICAL,22,195.62
seq_04_rapid_panic_dispersion.mp4,191,9.55,0,0.0,0.0,0.0,0.0,0.0,0.0,13.6,NORMAL,CRITICAL,22,166.99
seq_04_rapid_panic_dispersion.mp4,192,9.6,0,0.0,0.0,0.0,0.0,0.0,0.0,13.2,NORMAL,CRITICAL,22,141.63
seq_04_rapid_panic_dispersion.mp4,193,9.65,0,0.0,0.0,0.0,0.0,0.0,0.0,12.7,NORMAL,CRITICAL,22,144.29
seq_04_rapid_panic_dispersion.mp4,194,9.7,0,0.0,0.0,0.0,0.0,0.0,0.0,12.3,NORMAL,CRITICAL,22,126.22
seq_04_rapid_panic_dispersion.mp4,195,9.75,0,0.0,0.0,0.0,0.0,0.0,0.0,11.8,NORMAL,CRITICAL,22,133.21
seq_04_rapid_panic_dispersion.mp4,196,9.8,0,0.0,0.0,0.0,0.0,0.0,0.0,11.4,NORMAL,CRITICAL,22,144.01
seq_04_rapid_panic_dispersion.mp4,197,9.85,0,0.0,0.0,0.0,0.0,0.0,0.0,10.8,NORMAL,CRITICAL,22,138.35
seq_04_rapid_panic_dispersion.mp4,198,9.9,0,0.0,0.0,0.0,0.0,0.0,0.0,10.4,NORMAL,CRITICAL,22,133.79
seq_04_rapid_panic_dispersion.mp4,199,9.95,0,0.0,0.0,0.0,0.0,0.0,0.0,9.8,NORMAL,CRITICAL,22,140.5
seq_05_counter_flow_a.mp4,0,0.0,15,22.1,22.13,4.96,11.94,0.942,94.6,14.9,NORMAL,NORMAL,22,160.46
seq_05_counter_flow_a.mp4,1,0.05,15,22.2,22.19,0.98,1.87,0.056,5.5,16.0,NORMAL,NORMAL,22,137.79
seq_05_counter_flow_a.mp4,2,0.1,15,22.1,22.14,0.91,1.65,0.032,2.9,17.1,NORMAL,NORMAL,22,145.79
seq_05_counter_flow_a.mp4,3,0.15,15,22.0,22.04,0.94,1.65,0.069,6.0,18.3,NORMAL,NORMAL,22,142.2
seq_05_counter_flow_a.mp4,4,0.2,15,22.0,22.03,0.98,1.83,0.05,4.6,19.4,NORMAL,NORMAL,22,135.34
seq_05_counter_flow_a.mp4,5,0.25,15,22.0,22.03,0.91,1.73,0.033,3.2,20.6,NORMAL,NORMAL,22,123.48
seq_05_counter_flow_a.mp4,6,0.3,15,21.9,21.94,1.03,1.87,0.048,4.6,21.8,NORMAL,NORMAL,22,135.74
seq_05_counter_flow_a.mp4,7,0.35,16,22.4,22.36,1.02,1.9,0.11,9.9,24.0,NORMAL,NORMAL,22,126.66
seq_05_counter_flow_a.mp4,8,0.4,16,22.3,22.26,0.93,1.61,0.062,5.6,26.6,NORMAL,NORMAL,22,125.38
seq_05_counter_flow_a.mp4,9,0.45,16,22.2,0.02,0.87,1.58,0.116,11.1,25.9,NORMAL,NORMAL,22,123.85
seq_05_counter_flow_a.mp4,10,0.5,16,22.2,-0.02,0.91,1.57,0.032,3.0,22.6,NORMAL,NORMAL,22,118.12
seq_05_counter_flow_a.mp4,11,0.55,16,22.1,-0.03,0.93,1.66,0.075,7.2,20.1,NORMAL,NORMAL,22,134.59
seq_05_counter_flow_a.mp4,12,0.6,16,22.1,0.04,0.94,1.49,0.061,5.6,17.5,NORMAL,NORMAL,22,125.21
seq_05_counter_flow_a.mp4,13,0.65,16,22.1,0.02,0.81,1.47,0.07,6.8,15.0,NORMAL,NORMAL,22,129.73
seq_05_counter_flow_a.mp4,14,0.7,16,22.0,-0.02,0.97,1.64,0.034,3.5,12.5,NORMAL,NORMAL,22,134.41
seq_05_counter_flow_a.mp4,15,0.75,16,22.1,0.12,0.92,1.43,0.063,5.6,10.1,NORMAL,NORMAL,22,133.31
seq_05_counter_flow_a.mp4,16,0.8,16,22.0,-0.35,0.92,1.57,0.041,3.6,7.8,NORMAL,NORMAL,22,132.46
seq_05_counter_flow_a.mp4,17,0.85,16,22.0,-0.25,0.99,1.8,0.043,4.4,5.3,NORMAL,NORMAL,22,164.84
seq_05_counter_flow_a.mp4,18,0.9,16,22.0,-0.16,0.97,1.87,0.074,6.3,3.4,NORMAL,NORMAL,22,169.03
seq_05_counter_flow_a.mp4,19,0.95,15,21.9,-0.31,0.92,1.65,0.041,3.6,3.4,NORMAL,NORMAL,22,152.07
seq_05_counter_flow_a.mp4,20,1.0,15,21.9,-0.21,0.99,2.12,0.049,4.7,3.4,NORMAL,NORMAL,22,144.48
seq_05_counter_flow_a.mp4,21,1.05,15,21.8,-0.24,1.03,1.8,0.047,4.2,3.4,NORMAL,NORMAL,22,151.26
seq_05_counter_flow_a.mp4,22,1.1,15,21.7,-0.31,1.06,2.0,0.046,4.5,3.6,NORMAL,NORMAL,22,141.33
seq_05_counter_flow_a.mp4,23,1.15,15,21.8,-0.25,0.91,1.67,0.113,9.7,3.8,NORMAL,NORMAL,22,132.36
seq_05_counter_flow_a.mp4,24,1.2,13,19.3,-2.79,0.93,1.74,0.074,6.2,3.7,NORMAL,NORMAL,22,143.13
seq_05_counter_flow_a.mp4,25,1.25,13,19.2,-2.77,0.92,1.39,0.073,6.8,3.8,NORMAL,NORMAL,22,141.46
seq_05_counter_flow_a.mp4,26,1.3,13,19.2,-2.79,0.93,1.64,0.114,10.2,3.9,NORMAL,NORMAL,22,148.96
seq_05_counter_flow_a.mp4,27,1.35,14,18.7,-3.26,0.86,1.49,0.066,6.9,3.9,NORMAL,NORMAL,22,140.23
seq_05_counter_flow_a.mp4,28,1.4,14,18.7,-3.15,0.92,1.72,0.036,3.2,3.9,NORMAL,NORMAL,22,137.45
seq_05_counter_flow_a.mp4,29,1.45,14,18.7,-3.17,0.94,1.43,0.082,7.9,3.9,NORMAL,NORMAL,22,139.03
seq_05_counter_flow_a.mp4,30,1.5,13,18.9,-2.92,0.9,1.58,0.035,3.1,4.0,NORMAL,NORMAL,22,138.83
seq_05_counter_flow_a.mp4,31,1.55,13,18.9,-2.8,0.92,1.73,0.053,5.1,4.1,NORMAL,NORMAL,22,147.31
seq_05_counter_flow_a.mp4,32,1.6,13,18.9,-2.91,0.95,1.53,0.033,3.0,4.2,NORMAL,NORMAL,22,137.71
seq_05_counter_flow_a.mp4,33,1.65,13,19.6,0.33,1.1,4.44,0.113,15.1,4.3,NORMAL,NORMAL,22,146.42
seq_05_counter_flow_a.mp4,34,1.7,13,19.6,0.4,0.97,1.94,0.052,4.3,4.4,NORMAL,NORMAL,22,128.4
seq_05_counter_flow_a.mp4,35,1.75,13,19.6,0.38,0.91,1.73,0.016,1.7,4.5,NORMAL,NORMAL,22,130.61
seq_05_counter_flow_a.mp4,36,1.8,13,19.5,0.78,0.93,1.66,0.06,5.5,4.6,NORMAL,NORMAL,22,126.6
seq_05_counter_flow_a.mp4,37,1.85,12,18.4,-0.31,1.46,10.04,0.09,25.8,4.9,NORMAL,NORMAL,22,121.77
seq_05_counter_flow_a.mp4,38,1.9,12,18.4,-0.35,0.99,1.75,0.081,6.5,5.0,NORMAL,NORMAL,22,135.05
seq_05_counter_flow_a.mp4,39,1.95,12,18.5,-0.45,0.89,1.52,0.113,9.4,5.1,NORMAL,NORMAL,22,121.16
seq_05_counter_flow_a.mp4,40,2.0,12,18.4,-0.59,0.94,1.5,0.075,6.8,5.2,NORMAL,NORMAL,22,125.67
seq_05_counter_flow_a.mp4,41,2.05,12,18.4,-0.46,0.93,1.56,0.057,4.8,5.4,NORMAL,NORMAL,22,138.32
seq_05_counter_flow_a.mp4,42,2.1,12,18.3,-1.25,0.96,1.59,0.093,8.1,5.5,NORMAL,NORMAL,22,155.97
seq_05_counter_flow_a.mp4,43,2.15,12,18.3,-1.32,0.89,1.62,0.08,7.3,5.5,NORMAL,NORMAL,22,136.97
seq_05_counter_flow_a.mp4,44,2.2,12,18.4,-1.24,0.92,1.63,0.047,4.6,5.6,NORMAL,NORMAL,22,129.53
seq_05_counter_flow_a.mp4,45,2.25,12,18.4,-1.11,0.88,1.31,0.049,4.4,5.7,NORMAL,NORMAL,22,129.53
seq_05_counter_flow_a.mp4,46,2.3,12,18.5,0.06,0.91,1.58,0.035,3.2,5.8,NORMAL,NORMAL,22,131.0
seq_05_counter_flow_a.mp4,47,2.35,12,18.4,0.06,0.97,1.8,0.041,3.6,5.9,NORMAL,NORMAL,22,126.14
seq_05_counter_flow_a.mp4,48,2.4,12,18.5,0.02,0.98,1.82,0.096,7.9,6.0,NORMAL,NORMAL,22,128.73
seq_05_counter_flow_a.mp4,49,2.45,12,18.6,0.23,0.89,1.55,0.071,6.7,6.1,NORMAL,NORMAL,22,125.26
seq_05_counter_flow_a.mp4,50,2.5,12,18.6,0.22,1.03,1.84,0.053,4.5,6.2,NORMAL,NORMAL,22,132.95
seq_05_counter_flow_a.mp4,51,2.55,12,18.6,0.24,0.93,1.75,0.09,8.4,6.3,NORMAL,NORMAL,22,143.9
seq_05_counter_flow_a.mp4,52,2.6,12,18.7,0.38,0.86,1.68,0.042,3.8,6.4,NORMAL,NORMAL,22,135.29
seq_05_counter_flow_a.mp4,53,2.65,12,18.7,0.37,1.08,1.99,0.056,4.8,6.5,NORMAL,NORMAL,22,139.58
seq_05_counter_flow_a.mp4,54,2.7,12,18.8,0.39,1.0,1.87,0.092,8.8,6.7,NORMAL,NORMAL,22,139.35
seq_05_counter_flow_a.mp4,55,2.75,12,18.8,0.29,0.91,1.48,0.093,8.9,7.0,NORMAL,NORMAL,22,143.14
seq_05_counter_flow_a.mp4,56,2.8,12,18.8,0.38,0.93,1.65,0.069,6.3,7.2,NORMAL,NORMAL,22,164.93
seq_05_counter_flow_a.mp4,57,2.85,13,19.0,0.52,0.96,1.55,0.061,5.6,7.4,NORMAL,NORMAL,22,139.64
seq_05_counter_flow_a.mp4,58,2.9,13,19.1,0.48,0.89,1.56,0.07,7.1,7.5,NORMAL,NORMAL,22,132.07
seq_05_counter_flow_a.mp4,59,2.95,12,19.0,0.42,0.95,1.7,0.066,5.6,7.6,NORMAL,NORMAL,22,131.15
seq_05_counter_flow_a.mp4,60,3.0,13,19.1,0.48,0.92,1.33,0.057,5.7,7.7,NORMAL,NORMAL,22,125.72
seq_05_counter_flow_a.mp4,61,3.05,13,19.1,0.36,0.91,1.65,0.05,5.0,7.9,NORMAL,NORMAL,22,137.26
seq_05_counter_flow_a.mp4,62,3.1,13,19.1,0.38,0.88,1.34,0.061,5.9,8.0,NORMAL,NORMAL,22,134.07
seq_05_counter_flow_a.mp4,63,3.15,13,19.1,0.34,0.92,1.9,0.043,4.1,8.1,NORMAL,NORMAL,22,144.42
seq_05_counter_flow_a.mp4,64,3.2,14,19.3,0.53,1.01,1.72,0.047,4.5,8.2,NORMAL,NORMAL,22,133.88
seq_05_counter_flow_a.mp4,65,3.25,13,19.3,0.49,1.03,1.93,0.038,3.4,8.3,NORMAL,NORMAL,22,133.81
seq_05_counter_flow_a.mp4,66,3.3,13,19.3,0.32,0.93,1.56,0.09,8.4,8.4,NORMAL,NORMAL,22,143.23
seq_05_counter_flow_a.mp4,67,3.35,13,19.3,0.25,0.95,2.02,0.026,2.6,8.5,NORMAL,NORMAL,22,132.17
seq_05_counter_flow_a.mp4,68,3.4,13,19.4,0.37,0.98,1.84,0.039,3.6,8.6,NORMAL,NORMAL,22,142.26
seq_05_counter_flow_a.mp4,69,3.45,13,17.1,-1.98,0.97,1.71,0.065,5.8,8.5,NORMAL,NORMAL,22,139.29
seq_05_counter_flow_a.mp4,70,3.5,13,17.1,-1.91,0.94,1.92,0.101,8.6,8.4,NORMAL,NORMAL,22,138.3
seq_05_counter_flow_a.mp4,71,3.55,13,17.2,-1.94,1.01,1.62,0.063,5.6,8.5,NORMAL,NORMAL,22,176.68
seq_05_counter_flow_a.mp4,72,3.6,13,17.2,-1.94,0.95,1.59,0.118,10.4,8.7,NORMAL,NORMAL,22,160.12
seq_05_counter_flow_a.mp4,73,3.65,13,16.9,-2.34,1.14,5.65,0.115,20.1,8.8,NORMAL,NORMAL,22,179.5
seq_05_counter_flow_a.mp4,74,3.7,13,17.0,-2.3,0.84,1.34,0.055,5.2,8.9,NORMAL,NORMAL,22,176.3
seq_05_counter_flow_a.mp4,75,3.75,14,19.2,-0.17,0.92,1.52,0.089,8.4,9.0,NORMAL,NORMAL,22,170.09
seq_05_counter_flow_a.mp4,76,3.8,15,19.7,0.36,0.9,1.46,0.027,2.7,9.1,NORMAL,NORMAL,22,182.99
seq_05_counter_flow_a.mp4,77,3.85,14,18.6,-0.79,1.43,10.48,0.126,25.9,9.3,NORMAL,NORMAL,22,186.55
seq_05_counter_flow_a.mp4,78,3.9,14,18.7,1.62,0.94,1.56,0.035,3.5,9.4,NORMAL,NORMAL,22,208.95
seq_05_counter_flow_a.mp4,79,3.95,14,18.7,1.54,0.98,1.8,0.03,2.9,9.5,NORMAL,NORMAL,22,183.83
seq_05_counter_flow_a.mp4,80,4.0,15,20.1,2.89,1.29,7.46,0.171,66.5,9.7,NORMAL,WARNING,23,198.4
seq_05_counter_flow_a.mp4,81,4.05,15,20.0,2.82,1.11,2.56,0.234,41.7,10.0,NORMAL,WARNING,23,177.2
seq_05_counter_flow_a.mp4,82,4.1,16,21.2,4.3,1.22,4.28,0.262,48.4,10.9,NORMAL,WARNING,24,174.75
seq_05_counter_flow_a.mp4,83,4.15,16,21.3,4.28,1.23,2.55,0.311,53.0,11.8,NORMAL,WARNING,24,199.39
seq_05_counter_flow_a.mp4,84,4.2,17,22.6,3.42,1.5,9.39,0.418,93.6,12.8,NORMAL,WARNING,25,200.46
seq_05_counter_flow_a.mp4,85,4.25,16,22.3,2.67,1.28,2.89,0.501,85.8,13.4,NORMAL,WARNING,25,191.31
seq_05_counter_flow_a.mp4,86,4.3,16,23.2,4.57,1.25,2.58,0.489,78.6,14.0,NORMAL,WARNING,26,180.79
seq_05_counter_flow_a.mp4,87,4.35,16,23.2,4.54,1.21,2.58,0.502,83.9,14.8,NORMAL,WARNING,26,178.62
seq_05_counter_flow_a.mp4,88,4.4,17,23.8,5.09,1.25,3.03,0.654,92.7,15.4,NORMAL,WARNING,27,209.2
seq_05_counter_flow_a.mp4,89,4.45,17,23.6,3.54,1.26,2.94,0.48,77.5,15.8,NORMAL,WARNING,27,169.47
seq_05_counter_flow_a.mp4,90,4.5,16,24.7,4.67,1.34,3.26,0.588,91.8,16.2,NORMAL,WARNING,28,151.41
seq_05_counter_flow_a.mp4,91,4.55,15,24.6,3.31,1.28,2.62,0.684,89.7,16.5,NORMAL,WARNING,28,164.59
seq_05_counter_flow_a.mp4,92,4.6,14,19.6,-1.67,1.37,2.96,0.674,87.8,16.6,NORMAL,WARNING,29,175.04
seq_05_counter_flow_a.mp4,93,4.65,14,19.7,-2.89,1.33,3.06,0.674,91.3,16.4,NORMAL,WARNING,29,169.48
seq_05_counter_flow_a.mp4,94,4.7,16,26.8,4.5,1.51,5.55,0.63,92.6,16.8,NORMAL,WARNING,30,147.4
seq_05_counter_flow_a.mp4,95,4.75,17,26.7,3.56,1.35,2.8,0.751,82.2,17.2,NORMAL,WARNING,30,140.46
seq_05_counter_flow_a.mp4,96,4.8,17,27.9,4.63,1.55,3.64,0.734,87.4,18.2,NORMAL,WARNING,31,151.76
seq_05_counter_flow_a.mp4,97,4.85,17,26.7,2.97,1.49,3.3,0.802,82.6,18.7,NORMAL,WARNING,31,147.18
seq_05_counter_flow_a.mp4,98,4.9,18,27.6,4.01,1.45,3.18,0.777,83.3,19.2,NORMAL,WARNING,32,154.86
seq_05_counter_flow_a.mp4,99,4.95,18,27.4,2.67,1.43,2.69,0.766,87.5,19.8,NORMAL,WARNING,32,161.38
seq_05_counter_flow_a.mp4,100,5.0,16,23.0,-1.55,1.52,3.54,0.832,69.4,19.4,NORMAL,WARNING,33,175.77
seq_05_counter_flow_a.mp4,101,5.05,15,20.0,0.35,1.54,2.98,0.875,77.9,19.9,NORMAL,WARNING,33,177.32
seq_05_counter_flow_a.mp4,102,5.1,15,21.7,2.05,1.59,4.92,0.911,71.8,20.6,NORMAL,WARNING,34,157.12
seq_05_counter_flow_a.mp4,103,5.15,14,20.7,-6.12,1.53,3.03,0.911,65.0,21.1,NORMAL,WARNING,34,175.77
seq_05_counter_flow_a.mp4,104,5.2,17,22.0,-4.79,1.76,6.63,0.973,55.8,21.4,NORMAL,WARNING,35,169.89
seq_05_counter_flow_a.mp4,105,5.25,17,22.0,-5.9,1.58,3.29,0.848,65.3,21.5,NORMAL,WARNING,35,134.92
seq_05_counter_flow_a.mp4,106,5.3,19,24.2,-2.52,1.57,3.14,0.968,59.4,21.8,NORMAL,WARNING,36,148.0
seq_05_counter_flow_a.mp4,107,5.35,20,25.5,-2.14,1.55,3.01,0.963,63.1,22.2,NORMAL,WARNING,36,147.48
seq_05_counter_flow_a.mp4,108,5.4,19,25.6,-1.73,1.57,3.01,0.994,63.4,22.6,NORMAL,WARNING,37,150.96
seq_05_counter_flow_a.mp4,109,5.45,19,25.5,2.47,1.74,3.34,0.854,43.6,23.1,NORMAL,WARNING,37,133.43
seq_05_counter_flow_a.mp4,110,5.5,20,26.4,6.4,1.68,3.76,0.935,66.4,23.5,NORMAL,WARNING,38,133.0
seq_05_counter_flow_a.mp4,111,5.55,22,32.6,10.81,1.65,3.03,0.962,57.7,23.9,NORMAL,WARNING,38,126.22
seq_05_counter_flow_a.mp4,112,5.6,21,34.1,13.35,1.74,3.64,0.975,60.6,24.7,NORMAL,WARNING,39,137.58
seq_05_counter_flow_a.mp4,113,5.65,20,33.7,11.75,1.65,3.19,0.884,44.6,25.6,NORMAL,WARNING,39,141.34
seq_05_counter_flow_a.mp4,114,5.7,17,34.3,12.35,1.58,3.07,0.93,72.4,26.4,NORMAL,WARNING,40,139.52
seq_05_counter_flow_a.mp4,115,5.75,14,24.9,0.69,1.71,3.13,0.84,48.2,27.2,NORMAL,WARNING,40,140.95
seq_05_counter_flow_a.mp4,116,5.8,14,24.3,-1.14,1.75,3.87,0.935,56.4,27.8,NORMAL,WARNING,41,135.28
seq_05_counter_flow_a.mp4,117,5.85,15,25.3,-0.29,1.66,3.13,0.807,50.7,28.2,NORMAL,WARNING,41,145.76
seq_05_counter_flow_a.mp4,118,5.9,16,30.3,4.79,1.77,3.97,0.839,54.8,28.8,NORMAL,WARNING,42,136.41
seq_05_counter_flow_a.mp4,119,5.95,16,30.9,4.56,1.71,2.99,0.821,48.6,29.1,NORMAL,WARNING,42,142.42
seq_05_counter_flow_a.mp4,120,6.0,19,37.5,4.97,1.87,4.97,0.771,41.8,29.5,NORMAL,WARNING,43,138.13
seq_05_counter_flow_a.mp4,121,6.05,19,38.2,4.18,1.67,3.02,0.72,40.1,29.5,NORMAL,WARNING,43,136.54
seq_05_counter_flow_a.mp4,122,6.1,19,37.8,4.12,1.76,3.31,0.731,40.7,29.5,NORMAL,WARNING,44,142.22
seq_05_counter_flow_a.mp4,123,6.15,18,37.1,2.78,1.73,3.0,0.682,39.8,29.7,NORMAL,WARNING,44,129.98
seq_05_counter_flow_a.mp4,124,6.2,18,29.9,4.99,1.93,7.91,0.717,38.7,29.9,NORMAL,WARNING,45,132.95
seq_05_counter_flow_a.mp4,125,6.25,18,29.6,5.3,1.75,3.08,0.72,40.1,30.3,NORMAL,WARNING,45,131.7
seq_05_counter_flow_a.mp4,126,6.3,20,31.5,6.2,1.92,4.47,0.708,44.4,31.0,NORMAL,WARNING,46,123.63
seq_05_counter_flow_a.mp4,127,6.35,20,40.9,10.62,1.78,3.08,0.668,36.2,31.6,WARNING,WARNING,46,132.05
seq_05_counter_flow_a.mp4,128,6.4,20,42.4,11.47,1.8,3.02,0.656,38.1,32.3,WARNING,WARNING,47,137.88
seq_05_counter_flow_a.mp4,129,6.45,17,35.4,-2.13,1.72,3.01,0.634,32.8,32.2,WARNING,WARNING,47,132.58
seq_05_counter_flow_a.mp4,130,6.5,19,27.5,-10.73,1.8,3.51,0.672,39.5,31.9,WARNING,WARNING,48,140.2
seq_05_counter_flow_a.mp4,131,6.55,21,33.3,-4.58,1.86,3.22,0.542,27.2,32.0,WARNING,WARNING,48,128.97
seq_05_counter_flow_a.mp4,132,6.6,22,41.8,4.69,1.89,3.96,0.604,38.2,32.4,WARNING,WARNING,49,129.36
seq_05_counter_flow_a.mp4,133,6.65,20,36.6,6.68,1.83,3.07,0.532,27.2,32.5,WARNING,WARNING,49,125.68
seq_05_counter_flow_a.mp4,134,6.7,21,42.4,12.83,1.89,3.06,0.488,25.9,33.0,WARNING,WARNING,50,131.2
seq_05_counter_flow_a.mp4,135,6.75,22,42.8,11.28,1.94,3.33,0.586,31.1,33.6,WARNING,WARNING,50,134.83
seq_05_counter_flow_a.mp4,136,6.8,25,42.5,1.61,1.99,4.89,0.529,29.5,33.6,WARNING,WARNING,51,128.04
seq_05_counter_flow_a.mp4,137,6.85,19,35.4,-7.01,1.91,3.09,0.412,17.7,33.2,WARNING,WARNING,51,144.78
seq_05_counter_flow_a.mp4,138,6.9,21,36.2,0.85,1.98,4.1,0.52,30.2,33.2,WARNING,WARNING,52,171.57
seq_05_counter_flow_a.mp4,139,6.95,25,44.9,17.37,1.98,3.13,0.391,18.0,34.4,WARNING,WARNING,52,136.64
seq_05_counter_flow_a.mp4,140,7.0,20,38.4,5.2,1.89,3.1,0.469,25.4,35.1,WARNING,CRITICAL,53,138.56
seq_05_counter_flow_a.mp4,141,7.05,18,30.7,-11.09,1.91,3.07,0.402,20.0,35.0,WARNING,CRITICAL,53,136.85
seq_05_counter_flow_a.mp4,142,7.1,17,26.8,-9.77,1.89,3.08,0.465,25.3,34.6,WARNING,CRITICAL,54,144.47
seq_05_counter_flow_a.mp4,143,7.15,24,38.5,-3.98,1.94,3.29,0.453,23.2,34.5,WARNING,CRITICAL,54,146.89
seq_05_counter_flow_a.mp4,144,7.2,20,32.5,-10.29,1.9,3.21,0.47,23.5,34.0,WARNING,CRITICAL,55,139.88
seq_05_counter_flow_a.mp4,145,7.25,17,31.3,-11.22,1.9,3.13,0.419,21.4,34.1,WARNING,CRITICAL,55,136.06
seq_05_counter_flow_a.mp4,146,7.3,16,33.2,-2.2,1.93,3.47,0.48,24.4,34.2,WARNING,CRITICAL,56,126.56
seq_05_counter_flow_a.mp4,147,7.35,21,42.7,6.5,1.85,3.05,0.449,24.3,34.2,WARNING,CRITICAL,56,124.89
seq_05_counter_flow_a.mp4,148,7.4,21,38.4,-6.51,1.95,3.4,0.521,29.0,34.2,WARNING,CRITICAL,57,133.77
seq_05_counter_flow_a.mp4,149,7.45,18,32.3,-6.13,1.91,2.94,0.395,18.2,34.3,WARNING,CRITICAL,57,122.74
seq_05_counter_flow_a.mp4,150,7.5,18,28.0,-2.75,1.95,3.12,0.359,18.5,34.5,WARNING,CRITICAL,58,128.47
seq_05_counter_flow_a.mp4,151,7.55,17,24.7,-2.13,1.93,3.19,0.41,20.6,34.7,WARNING,CRITICAL,58,133.12
seq_05_counter_flow_a.mp4,152,7.6,24,42.5,4.07,1.95,3.22,0.436,27.1,34.9,WARNING,CRITICAL,59,131.16
seq_05_counter_flow_a.mp4,153,7.65,26,49.4,16.83,1.92,3.32,0.387,17.8,35.1,WARNING,CRITICAL,59,147.75
seq_05_counter_flow_a.mp4,154,7.7,27,51.0,19.71,2.0,3.47,0.377,19.5,35.9,WARNING,CRITICAL,60,129.18
seq_05_counter_flow_a.mp4,155,7.75,29,51.6,18.4,1.86,2.95,0.406,21.5,37.2,WARNING,CRITICAL,60,140.36
seq_05_counter_flow_a.mp4,156,7.8,31,54.0,11.29,1.93,3.19,0.471,27.1,38.0,WARNING,CRITICAL,61,128.8
seq_05_counter_flow_a.mp4,157,7.85,31,54.5,16.13,1.96,3.21,0.425,21.4,38.7,WARNING,CRITICAL,61,134.37
seq_05_counter_flow_a.mp4,158,7.9,30,52.3,19.96,1.94,3.08,0.453,25.5,39.9,WARNING,CRITICAL,62,139.38
seq_05_counter_flow_a.mp4,159,7.95,32,53.3,25.34,1.91,3.05,0.432,23.4,41.3,WARNING,CRITICAL,62,135.72
seq_05_counter_flow_a.mp4,160,8.0,32,53.0,28.29,2.03,3.34,0.413,20.3,42.7,WARNING,CRITICAL,63,128.4
seq_05_counter_flow_a.mp4,161,8.05,32,47.4,4.9,1.94,3.13,0.479,24.0,43.1,WARNING,CRITICAL,63,136.03
seq_05_counter_flow_a.mp4,162,8.1,33,48.9,-0.42,1.97,3.41,0.455,25.7,43.2,WARNING,CRITICAL,64,124.93
seq_05_counter_flow_a.mp4,163,8.15,33,52.7,1.69,2.03,3.32,0.425,22.7,43.0,WARNING,CRITICAL,64,134.27
seq_05_counter_flow_a.mp4,164,8.2,34,55.1,3.47,2.0,3.31,0.39,21.1,42.6,WARNING,CRITICAL,65,128.24
seq_05_counter_flow_a.mp4,165,8.25,33,55.1,1.05,1.96,3.0,0.396,19.9,42.3,WARNING,CRITICAL,65,126.22
seq_05_counter_flow_a.mp4,166,8.3,30,48.9,-5.65,2.03,3.32,0.363,19.0,41.9,WARNING,CRITICAL,66,128.38
seq_05_counter_flow_a.mp4,167,8.35,29,49.9,-2.43,2.04,3.1,0.293,13.6,41.5,WARNING,CRITICAL,66,136.64
seq_05_counter_flow_a.mp4,168,8.4,30,49.1,-4.14,2.03,3.28,0.297,14.6,40.9,WARNING,CRITICAL,67,131.44
seq_05_counter_flow_a.mp4,169,8.45,30,48.3,-4.65,2.07,3.22,0.274,13.5,40.0,WARNING,CRITICAL,67,128.49
seq_05_counter_flow_a.mp4,170,8.5,29,48.6,1.15,2.2,4.69,0.201,10.5,39.5,WARNING,CRITICAL,68,130.33
seq_05_counter_flow_a.mp4,171,8.55,28,44.2,-4.71,2.1,3.18,0.257,12.8,39.7,WARNING,CRITICAL,68,125.84
seq_05_counter_flow_a.mp4,172,8.6,28,44.9,-7.78,2.14,3.31,0.24,13.5,39.9,WARNING,CRITICAL,69,142.45
seq_05_counter_flow_a.mp4,173,8.65,26,40.5,-14.56,2.09,3.24,0.223,10.1,40.0,WARNING,CRITICAL,69,131.5
seq_05_counter_flow_a.mp4,174,8.7,29,45.7,-9.34,2.16,3.72,0.254,13.1,40.2,WARNING,CRITICAL,70,135.47
seq_05_counter_flow_a.mp4,175,8.75,29,51.9,3.0,2.11,3.14,0.231,11.0,40.4,WARNING,CRITICAL,70,142.37
seq_05_counter_flow_a.mp4,176,8.8,30,53.2,3.34,2.15,3.5,0.229,10.0,40.5,WARNING,CRITICAL,70,147.58
seq_05_counter_flow_a.mp4,177,8.85,31,57.5,8.4,2.08,3.18,0.265,12.6,40.6,WARNING,CRITICAL,70,131.61
seq_05_counter_flow_a.mp4,178,8.9,32,52.0,3.63,2.17,3.32,0.275,14.2,40.7,WARNING,CRITICAL,70,137.24
seq_05_counter_flow_a.mp4,179,8.95,31,53.6,4.97,2.12,3.27,0.235,11.3,40.8,WARNING,CRITICAL,70,133.86
seq_05_counter_flow_a.mp4,180,9.0,29,54.2,9.95,2.08,3.07,0.241,11.5,40.4,WARNING,CRITICAL,70,160.15
seq_05_counter_flow_a.mp4,181,9.05,30,52.4,7.48,2.05,3.22,0.253,11.4,40.6,WARNING,CRITICAL,70,154.44
seq_05_counter_flow_a.mp4,182,9.1,31,58.0,17.52,2.11,3.19,0.241,11.5,41.3,WARNING,CRITICAL,70,141.71
seq_05_counter_flow_a.mp4,183,9.15,32,57.2,11.49,2.1,3.3,0.235,11.5,42.1,WARNING,CRITICAL,70,135.4
seq_05_counter_flow_a.mp4,184,9.2,34,57.6,5.72,2.1,3.3,0.244,12.4,42.2,WARNING,CRITICAL,70,133.12
seq_05_counter_flow_a.mp4,185,9.25,28,51.5,-1.67,2.06,3.17,0.237,11.7,41.7,WARNING,CRITICAL,70,134.78
seq_05_counter_flow_a.mp4,186,9.3,27,46.1,-11.41,2.13,3.25,0.234,11.1,40.9,WARNING,CRITICAL,70,136.4
seq_05_counter_flow_a.mp4,187,9.35,28,44.8,-7.15,2.12,3.24,0.233,10.6,40.0,WARNING,CRITICAL,70,128.74
seq_05_counter_flow_a.mp4,188,9.4,30,54.3,0.78,2.08,3.17,0.267,12.5,39.6,WARNING,CRITICAL,70,132.41
seq_05_counter_flow_a.mp4,189,9.45,29,46.5,-7.7,2.1,3.13,0.289,14.1,38.9,WARNING,CRITICAL,70,131.57
seq_05_counter_flow_a.mp4,190,9.5,31,52.2,-0.14,2.11,3.32,0.271,12.6,38.3,WARNING,CRITICAL,70,133.15
seq_05_counter_flow_a.mp4,191,9.55,33,52.7,-5.28,2.08,3.22,0.274,14.4,37.5,WARNING,CRITICAL,70,132.06
seq_05_counter_flow_a.mp4,192,9.6,32,51.5,-5.74,2.04,3.05,0.329,15.5,37.1,WARNING,CRITICAL,70,128.25
seq_05_counter_flow_a.mp4,193,9.65,32,54.3,-3.25,2.17,3.27,0.296,16.1,36.8,WARNING,CRITICAL,70,141.3
seq_05_counter_flow_a.mp4,194,9.7,34,54.8,3.29,2.05,3.09,0.317,14.7,36.5,WARNING,CRITICAL,70,147.48
seq_05_counter_flow_a.mp4,195,9.75,34,56.4,10.22,2.1,3.34,0.316,14.2,36.2,WARNING,CRITICAL,70,135.73
seq_05_counter_flow_a.mp4,196,9.8,34,56.1,11.33,2.11,3.3,0.281,13.3,35.9,WARNING,CRITICAL,70,139.26
seq_05_counter_flow_a.mp4,197,9.85,32,55.0,0.66,2.28,8.23,0.356,21.6,35.9,WARNING,CRITICAL,70,156.92
seq_05_counter_flow_a.mp4,198,9.9,32,54.4,7.96,2.03,3.2,0.36,16.5,35.8,WARNING,CRITICAL,70,157.65
seq_05_counter_flow_a.mp4,199,9.95,33,53.1,0.88,2.07,3.19,0.337,15.0,35.7,WARNING,CRITICAL,70,158.33
seq_05_dense_standstill.mp4,0,0.0,24,52.6,-0.14,8.83,21.89,0.677,51.9,41.3,WARNING,WARNING,55,139.53
seq_05_dense_standstill.mp4,1,0.05,24,52.6,1.13,0.55,0.85,0.777,76.0,40.3,WARNING,WARNING,55,149.69
seq_05_dense_standstill.mp4,2,0.1,22,43.8,-10.53,0.59,0.87,0.809,79.3,38.9,WARNING,WARNING,55,142.57
seq_05_dense_standstill.mp4,3,0.15,22,43.7,-11.11,0.6,0.93,0.795,78.7,37.4,WARNING,WARNING,55,135.16
seq_05_dense_standstill.mp4,4,0.2,23,43.4,-12.98,0.6,0.85,0.808,78.5,35.8,WARNING,WARNING,55,131.27
seq_05_dense_standstill.mp4,5,0.25,22,43.2,-12.95,0.61,0.89,0.759,78.2,35.1,WARNING,WARNING,55,170.91
seq_05_dense_standstill.mp4,6,0.3,22,49.0,-6.02,0.6,0.8,0.787,81.1,35.2,WARNING,WARNING,55,129.97
seq_05_dense_standstill.mp4,7,0.35,22,49.2,-5.25,0.55,0.73,0.553,55.8,35.0,WARNING,WARNING,55,131.39
seq_05_dense_standstill.mp4,8,0.4,22,49.2,-3.88,0.6,0.95,0.659,66.6,35.0,WARNING,WARNING,55,129.92
seq_05_dense_standstill.mp4,9,0.45,22,49.2,-3.39,0.63,0.98,0.605,55.3,34.9,WARNING,WARNING,55,138.19
seq_05_dense_standstill.mp4,10,0.5,23,48.7,-3.93,0.59,0.84,0.638,64.3,34.9,WARNING,WARNING,55,121.42
seq_05_dense_standstill.mp4,11,0.55,23,48.8,5.01,0.6,0.84,0.651,66.7,34.8,WARNING,WARNING,55,120.64
seq_05_dense_standstill.mp4,12,0.6,23,48.9,5.19,0.64,1.02,0.547,52.3,34.6,WARNING,WARNING,55,123.83
seq_05_dense_standstill.mp4,13,0.65,21,43.7,0.32,0.59,0.83,0.532,51.8,34.6,WARNING,WARNING,55,123.92
seq_05_dense_standstill.mp4,14,0.7,23,49.5,6.26,0.65,0.95,0.81,84.6,34.6,WARNING,WARNING,55,133.31
seq_05_dense_standstill.mp4,15,0.75,23,49.2,0.22,0.6,0.82,0.765,78.1,34.7,WARNING,WARNING,55,123.23
seq_05_dense_standstill.mp4,16,0.8,24,49.0,-0.15,0.58,0.78,0.758,72.8,34.7,WARNING,WARNING,55,125.73
seq_05_dense_standstill.mp4,17,0.85,24,49.0,-0.22,0.6,0.91,0.717,69.4,34.9,WARNING,WARNING,55,119.26
seq_05_dense_standstill.mp4,18,0.9,24,48.9,-0.33,0.57,0.85,0.947,93.6,35.2,WARNING,WARNING,55,123.56
seq_05_dense_standstill.mp4,19,0.95,24,49.0,0.27,0.62,0.86,0.837,85.0,35.6,WARNING,WARNING,55,119.31
seq_05_dense_standstill.mp4,20,1.0,23,49.4,0.53,0.57,0.84,0.683,69.4,35.7,WARNING,WARNING,55,117.15
seq_05_dense_standstill.mp4,21,1.05,23,49.3,0.37,0.59,0.82,0.662,61.6,35.6,WARNING,WARNING,55,125.26
seq_05_dense_standstill.mp4,22,1.1,23,49.2,5.51,0.62,0.86,0.775,79.1,35.7,WARNING,WARNING,55,131.41
seq_05_dense_standstill.mp4,23,1.15,21,43.6,-5.87,0.61,0.94,0.927,96.9,35.8,WARNING,WARNING,55,125.53
seq_05_dense_standstill.mp4,24,1.2,24,48.9,-0.25,0.59,0.96,0.863,82.7,35.7,WARNING,WARNING,55,128.47
seq_05_dense_standstill.mp4,25,1.25,22,43.1,-5.91,0.6,0.91,0.591,57.2,35.8,WARNING,WARNING,55,138.28
seq_05_dense_standstill.mp4,26,1.3,22,43.1,-5.89,0.63,0.99,0.64,69.7,35.8,WARNING,WARNING,55,133.75
seq_05_dense_standstill.mp4,27,1.35,22,43.1,-5.74,0.62,1.01,0.928,97.6,36.1,WARNING,WARNING,55,122.57
seq_05_dense_standstill.mp4,28,1.4,22,43.1,-5.82,0.6,0.94,0.657,62.5,36.2,WARNING,WARNING,55,125.43
seq_05_dense_standstill.mp4,29,1.45,23,42.7,-6.62,0.61,0.97,0.725,70.3,36.3,WARNING,WARNING,55,133.95
seq_05_dense_standstill.mp4,30,1.5,23,42.9,-6.32,0.64,1.03,0.782,80.2,36.6,WARNING,WARNING,55,125.72
seq_05_dense_standstill.mp4,31,1.55,23,42.9,-6.3,0.6,0.82,0.904,92.3,36.9,WARNING,WARNING,55,132.08
seq_05_dense_standstill.mp4,32,1.6,23,43.1,-0.44,0.61,0.92,0.814,79.4,37.1,WARNING,WARNING,55,125.81
seq_05_dense_standstill.mp4,33,1.65,24,48.6,-0.34,0.62,1.01,0.887,87.2,37.4,WARNING,WARNING,55,125.95
seq_05_dense_standstill.mp4,34,1.7,25,48.7,5.53,0.56,0.79,0.821,79.6,37.7,WARNING,WARNING,55,136.56
seq_05_dense_standstill.mp4,35,1.75,21,43.3,0.19,0.58,0.79,0.723,72.4,37.8,WARNING,WARNING,55,129.68
seq_05_dense_standstill.mp4,36,1.8,23,49.0,5.82,0.64,0.94,0.82,83.9,38.0,WARNING,WARNING,55,128.16
seq_05_dense_standstill.mp4,37,1.85,21,43.0,-0.12,0.59,0.85,0.506,48.4,38.1,WARNING,WARNING,55,128.38
seq_05_dense_standstill.mp4,38,1.9,24,49.0,6.29,0.59,0.96,0.736,74.7,38.3,WARNING,WARNING,55,130.56
seq_05_dense_standstill.mp4,39,1.95,25,49.0,6.03,0.64,0.93,0.855,87.8,39.0,WARNING,WARNING,55,125.83
seq_05_dense_standstill.mp4,40,2.0,25,49.0,6.06,0.63,0.93,0.904,87.7,39.8,WARNING,WARNING,55,141.49
seq_05_dense_standstill.mp4,41,2.05,24,48.8,5.66,0.61,0.82,0.772,74.7,40.5,WARNING,WARNING,55,133.98
seq_05_dense_standstill.mp4,42,2.1,24,48.9,0.31,0.57,0.76,0.81,80.3,40.9,WARNING,WARNING,55,152.29
seq_05_dense_standstill.mp4,43,2.15,25,48.8,0.17,0.6,0.85,0.616,59.4,41.0,WARNING,WARNING,55,121.59
seq_05_dense_standstill.mp4,44,2.2,24,48.7,5.35,0.61,0.87,0.755,76.2,41.3,WARNING,WARNING,55,136.2
seq_05_dense_standstill.mp4,45,2.25,25,48.8,-0.16,0.55,0.81,0.826,82.3,41.6,WARNING,WARNING,55,137.86
seq_05_dense_standstill.mp4,46,2.3,25,48.8,5.82,0.54,0.67,0.742,72.9,41.9,WARNING,WARNING,55,126.05
seq_05_dense_standstill.mp4,47,2.35,25,48.8,-0.23,0.6,0.79,0.781,74.1,42.1,WARNING,WARNING,55,125.29
seq_05_dense_standstill.mp4,48,2.4,25,48.7,-0.28,0.59,0.81,0.846,83.8,42.1,WARNING,WARNING,55,123.69
seq_05_dense_standstill.mp4,49,2.45,25,48.7,-0.29,0.6,0.81,0.658,64.3,42.1,WARNING,WARNING,55,120.91
seq_05_dense_standstill.mp4,50,2.5,25,48.6,-0.18,0.58,0.77,0.782,75.0,42.2,WARNING,WARNING,55,137.48
seq_05_dense_standstill.mp4,51,2.55,25,48.5,-0.43,0.6,0.86,0.688,66.7,42.3,WARNING,WARNING,55,130.3
seq_05_dense_standstill.mp4,52,2.6,26,52.2,3.36,0.6,0.97,0.889,91.9,42.7,WARNING,WARNING,55,111.43
seq_05_dense_standstill.mp4,53,2.65,26,52.3,3.67,0.6,0.79,0.599,60.0,43.0,WARNING,WARNING,55,128.03
seq_05_dense_standstill.mp4,54,2.7,25,48.0,-0.76,0.62,0.97,0.981,96.6,43.2,WARNING,WARNING,55,121.18
seq_05_dense_standstill.mp4,55,2.75,25,48.2,-0.65,0.58,0.9,0.743,73.8,43.5,WARNING,WARNING,55,141.95
seq_05_dense_standstill.mp4,56,2.8,26,52.3,3.5,0.6,0.8,0.685,67.7,43.6,WARNING,WARNING,55,139.75
seq_05_dense_standstill.mp4,57,2.85,25,49.0,0.32,0.62,0.93,0.684,66.5,43.8,WARNING,WARNING,55,140.14
seq_05_dense_standstill.mp4,58,2.9,24,44.7,-4.0,0.57,0.76,0.708,71.2,43.9,WARNING,WARNING,55,140.89
seq_05_dense_standstill.mp4,59,2.95,25,48.0,-0.59,0.63,0.88,0.945,95.7,44.3,WARNING,WARNING,55,135.74
seq_05_dense_standstill.mp4,60,3.0,26,52.3,3.81,0.58,0.86,0.796,80.5,44.8,WARNING,WARNING,55,150.17
seq_05_dense_standstill.mp4,61,3.05,26,52.2,-0.01,0.62,1.09,0.816,82.2,45.1,WARNING,WARNING,55,138.82
seq_05_dense_standstill.mp4,62,3.1,27,51.4,-0.91,0.58,0.97,0.842,84.6,45.2,WARNING,WARNING,55,131.81
seq_05_dense_standstill.mp4,63,3.15,26,47.8,-0.19,0.56,0.73,0.703,71.3,45.2,WARNING,WARNING,55,136.24
seq_05_dense_standstill.mp4,64,3.2,26,48.1,-0.1,0.6,0.85,0.802,79.4,45.5,WARNING,HIGH RISK,55,135.31
seq_05_dense_standstill.mp4,65,3.25,26,47.9,-4.44,0.57,0.81,0.693,70.4,45.6,WARNING,HIGH RISK,55,130.92
seq_05_dense_standstill.mp4,66,3.3,27,47.7,-1.31,0.59,0.78,0.861,83.6,46.0,WARNING,HIGH RISK,55,129.32
seq_05_dense_standstill.mp4,67,3.35,26,48.0,3.33,0.6,0.77,0.803,76.0,46.3,WARNING,HIGH RISK,55,124.51
seq_05_dense_standstill.mp4,68,3.4,26,47.8,-0.22,0.62,0.99,0.781,78.0,46.6,WARNING,HIGH RISK,55,139.0
seq_05_dense_standstill.mp4,69,3.45,26,47.8,-4.49,0.62,0.94,0.548,53.7,46.8,WARNING,HIGH RISK,55,130.39
seq_05_dense_standstill.mp4,70,3.5,25,47.6,-4.6,0.59,0.82,0.791,79.4,47.2,WARNING,HIGH RISK,55,137.45
seq_05_dense_standstill.mp4,71,3.55,26,47.8,-3.61,0.58,0.9,0.516,50.8,47.4,WARNING,HIGH RISK,55,137.07
seq_05_dense_standstill.mp4,72,3.6,25,48.7,0.91,0.57,0.78,0.806,80.4,47.8,WARNING,HIGH RISK,55,142.66
seq_05_dense_standstill.mp4,73,3.65,23,48.5,0.41,0.59,0.84,0.916,92.3,48.2,WARNING,HIGH RISK,55,146.4
seq_05_dense_standstill.mp4,74,3.7,24,52.1,4.23,0.59,0.76,0.845,85.6,48.6,WARNING,HIGH RISK,55,122.74
seq_05_dense_standstill.mp4,75,3.75,23,51.5,3.8,0.61,0.91,0.842,84.9,49.1,WARNING,HIGH RISK,55,126.91
seq_05_dense_standstill.mp4,76,3.8,22,47.9,-0.08,0.62,0.86,0.905,91.2,49.6,WARNING,HIGH RISK,55,130.32
seq_05_dense_standstill.mp4,77,3.85,22,48.0,0.15,0.63,1.01,0.813,84.7,49.9,WARNING,HIGH RISK,55,151.73
seq_05_dense_standstill.mp4,78,3.9,21,48.6,0.82,0.6,1.02,0.793,82.7,50.3,WARNING,HIGH RISK,55,124.9
seq_05_dense_standstill.mp4,79,3.95,22,49.3,1.73,0.57,0.92,0.83,81.9,50.7,WARNING,HIGH RISK,55,128.15
seq_05_dense_standstill.mp4,80,4.0,21,48.6,0.85,0.66,1.04,0.649,61.4,51.3,HIGH RISK,HIGH RISK,55,128.47
seq_05_dense_standstill.mp4,81,4.05,22,47.9,-0.82,0.62,0.85,0.692,65.4,51.7,HIGH RISK,HIGH RISK,55,138.73
seq_05_dense_standstill.mp4,82,4.1,22,47.9,-0.58,0.59,0.84,0.86,82.3,52.0,HIGH RISK,HIGH RISK,55,138.99
seq_05_dense_standstill.mp4,83,4.15,23,47.2,-4.84,0.59,0.83,0.73,70.5,52.2,HIGH RISK,HIGH RISK,55,135.33
seq_05_dense_standstill.mp4,84,4.2,21,48.9,-2.64,0.59,0.79,0.725,73.9,52.2,HIGH RISK,HIGH RISK,55,142.99
seq_05_dense_standstill.mp4,85,4.25,24,52.3,4.37,0.65,0.95,0.895,90.8,52.7,HIGH RISK,HIGH RISK,55,129.36
seq_05_dense_standstill.mp4,86,4.3,23,47.2,-0.75,0.62,0.87,0.604,58.8,52.9,HIGH RISK,HIGH RISK,55,135.35
seq_05_dense_standstill.mp4,87,4.35,23,47.2,-1.44,0.61,0.79,0.704,66.7,53.2,HIGH RISK,HIGH RISK,55,129.98
seq_05_dense_standstill.mp4,88,4.4,25,50.9,1.53,0.61,0.92,0.744,75.1,53.6,HIGH RISK,HIGH RISK,55,124.57
seq_05_dense_standstill.mp4,89,4.45,22,41.7,-6.89,0.62,0.84,0.449,45.0,53.7,HIGH RISK,HIGH RISK,55,129.84
seq_05_dense_standstill.mp4,90,4.5,23,47.2,-0.73,0.6,0.92,0.75,73.7,53.9,HIGH RISK,HIGH RISK,55,128.11
seq_05_dense_standstill.mp4,91,4.55,24,47.0,-0.89,0.6,0.82,0.596,56.5,54.1,HIGH RISK,HIGH RISK,55,123.03
seq_05_dense_standstill.mp4,92,4.6,23,48.0,0.72,0.61,1.04,0.594,57.9,54.3,HIGH RISK,HIGH RISK,55,129.78
seq_05_dense_standstill.mp4,93,4.65,24,47.2,-1.64,0.61,0.9,0.821,82.4,54.7,HIGH RISK,HIGH RISK,55,123.76
seq_05_dense_standstill.mp4,94,4.7,25,51.7,-0.61,0.64,0.93,0.836,81.4,55.0,HIGH RISK,HIGH RISK,55,128.84
seq_05_dense_standstill.mp4,95,4.75,23,48.0,0.75,0.62,0.86,0.673,62.9,55.2,HIGH RISK,HIGH RISK,55,137.95
seq_05_dense_standstill.mp4,96,4.8,23,48.0,0.8,0.61,0.87,0.54,53.7,55.4,HIGH RISK,HIGH RISK,55,130.93
seq_05_dense_standstill.mp4,97,4.85,24,51.6,0.79,0.6,0.82,0.69,69.7,55.6,HIGH RISK,HIGH RISK,55,133.51
seq_05_dense_standstill.mp4,98,4.9,25,51.8,10.04,0.59,0.96,0.753,72.9,56.0,HIGH RISK,HIGH RISK,55,128.16
seq_05_dense_standstill.mp4,99,4.95,23,48.3,1.1,0.6,0.97,0.623,62.2,56.5,HIGH RISK,HIGH RISK,55,134.39
seq_05_dense_standstill.mp4,100,5.0,25,51.8,4.76,0.62,0.95,0.833,83.6,56.7,HIGH RISK,HIGH RISK,55,135.35
seq_05_dense_standstill.mp4,101,5.05,25,51.9,3.91,0.58,0.76,0.724,71.1,56.8,HIGH RISK,HIGH RISK,55,138.3
seq_05_dense_standstill.mp4,102,5.1,25,51.8,4.59,0.63,1.01,0.795,80.3,57.0,HIGH RISK,HIGH RISK,55,134.55
seq_05_dense_standstill.mp4,103,5.15,26,51.1,-0.54,0.58,0.77,0.633,62.7,56.9,HIGH RISK,HIGH RISK,55,126.3
seq_05_dense_standstill.mp4,104,5.2,26,50.9,2.98,0.6,0.99,0.617,61.6,56.9,HIGH RISK,HIGH RISK,55,135.39
seq_05_dense_standstill.mp4,105,5.25,25,51.3,3.29,0.62,0.85,0.726,70.1,57.0,HIGH RISK,HIGH RISK,55,134.05
seq_05_dense_standstill.mp4,106,5.3,26,51.3,-0.33,0.6,0.89,0.748,71.7,56.9,HIGH RISK,HIGH RISK,55,130.07
seq_05_dense_standstill.mp4,107,5.35,25,51.1,-0.67,0.59,0.91,0.758,79.2,57.0,HIGH RISK,HIGH RISK,55,127.78
seq_05_dense_standstill.mp4,108,5.4,26,51.3,2.96,0.6,0.78,0.758,72.0,56.8,HIGH RISK,HIGH RISK,55,117.77
seq_05_dense_standstill.mp4,109,5.45,25,52.1,0.31,0.65,1.04,0.651,68.2,56.8,HIGH RISK,HIGH RISK,55,126.87
seq_05_dense_standstill.mp4,110,5.5,25,52.0,0.13,0.6,0.8,0.742,71.0,56.7,HIGH RISK,HIGH RISK,55,118.9
seq_05_dense_standstill.mp4,111,5.55,26,52.2,0.36,0.61,0.93,0.508,50.2,56.5,HIGH RISK,HIGH RISK,55,127.58
seq_05_dense_standstill.mp4,112,5.6,26,51.9,0.77,0.61,0.84,0.774,81.4,56.6,HIGH RISK,HIGH RISK,55,156.61
seq_05_dense_standstill.mp4,113,5.65,26,52.0,1.06,0.64,0.87,0.755,69.4,56.8,HIGH RISK,HIGH RISK,55,129.18
seq_05_dense_standstill.mp4,114,5.7,26,52.0,0.71,0.56,0.8,0.658,65.8,56.6,HIGH RISK,HIGH RISK,55,131.15
seq_05_dense_standstill.mp4,115,5.75,27,51.3,-0.04,0.61,0.89,0.841,85.3,56.5,HIGH RISK,HIGH RISK,55,134.52
seq_05_dense_standstill.mp4,116,5.8,27,51.0,-0.12,0.6,0.82,0.587,58.9,56.5,HIGH RISK,HIGH RISK,55,130.11
seq_05_dense_standstill.mp4,117,5.85,27,51.2,-0.09,0.62,0.88,0.778,76.9,56.5,HIGH RISK,HIGH RISK,55,126.73
seq_05_dense_standstill.mp4,118,5.9,26,51.9,-0.16,0.56,0.75,0.648,62.9,56.2,HIGH RISK,HIGH RISK,55,137.38
seq_05_dense_standstill.mp4,119,5.95,26,51.9,-0.14,0.56,0.78,0.754,75.2,56.1,HIGH RISK,HIGH RISK,55,122.11
seq_05_dense_standstill.mp4,120,6.0,26,51.7,-0.45,0.62,0.94,0.612,56.0,56.0,HIGH RISK,HIGH RISK,55,128.1
seq_05_dense_standstill.mp4,121,6.05,26,51.8,-0.12,0.6,0.83,0.958,92.0,56.2,HIGH RISK,HIGH RISK,55,130.13
seq_05_dense_standstill.mp4,122,6.1,26,51.9,-0.14,0.55,0.72,0.779,77.4,56.2,HIGH RISK,HIGH RISK,55,132.67
seq_05_dense_standstill.mp4,123,6.15,26,52.2,0.17,0.56,0.84,0.81,80.5,56.1,HIGH RISK,HIGH RISK,55,128.17
seq_05_dense_standstill.mp4,124,6.2,25,51.5,0.26,0.62,0.93,0.919,94.2,56.1,HIGH RISK,HIGH RISK,55,133.25
seq_05_dense_standstill.mp4,125,6.25,25,51.6,0.65,0.59,0.83,0.734,74.6,56.2,HIGH RISK,HIGH RISK,55,130.8
seq_05_dense_standstill.mp4,126,6.3,26,51.9,0.73,0.6,0.94,0.839,83.6,56.4,HIGH RISK,HIGH RISK,55,136.4
seq_05_dense_standstill.mp4,127,6.35,26,51.8,-0.11,0.59,1.01,0.753,72.8,56.3,HIGH RISK,HIGH RISK,55,131.18
seq_05_dense_standstill.mp4,128,6.4,25,51.7,-0.18,0.65,1.15,0.755,77.0,56.4,HIGH RISK,HIGH RISK,55,131.22
seq_05_dense_standstill.mp4,129,6.45,25,51.5,-0.19,0.56,0.71,0.885,86.8,56.5,HIGH RISK,HIGH RISK,55,129.74
seq_05_dense_standstill.mp4,130,6.5,25,51.7,-0.08,0.57,0.84,0.471,46.2,56.3,HIGH RISK,HIGH RISK,55,120.18
seq_05_dense_standstill.mp4,131,6.55,25,51.7,-0.13,0.55,0.78,0.701,70.5,56.2,HIGH RISK,HIGH RISK,55,140.63
seq_05_dense_standstill.mp4,132,6.6,25,51.6,-0.61,0.62,0.94,0.713,70.5,56.2,HIGH RISK,HIGH RISK,55,138.15
seq_05_dense_standstill.mp4,133,6.65,24,51.5,-0.03,0.58,0.84,0.617,59.0,55.9,HIGH RISK,HIGH RISK,55,127.08
seq_05_dense_standstill.mp4,134,6.7,24,51.5,-0.1,0.58,0.86,0.582,56.8,55.8,HIGH RISK,HIGH RISK,55,120.44
seq_05_dense_standstill.mp4,135,6.75,24,51.7,-0.17,0.59,0.89,0.854,90.9,55.9,HIGH RISK,HIGH RISK,55,122.12
seq_05_dense_standstill.mp4,136,6.8,25,51.9,0.07,0.65,1.07,0.751,74.1,55.9,HIGH RISK,HIGH RISK,55,121.54
seq_05_dense_standstill.mp4,137,6.85,24,51.5,-0.17,0.57,0.77,0.804,80.4,56.0,HIGH RISK,HIGH RISK,55,125.37
seq_05_dense_standstill.mp4,138,6.9,26,52.1,0.54,0.63,0.99,0.504,47.2,55.9,HIGH RISK,HIGH RISK,55,122.77
seq_05_dense_standstill.mp4,139,6.95,26,52.2,0.53,0.61,0.98,0.686,65.7,55.8,HIGH RISK,HIGH RISK,55,128.04
seq_05_dense_standstill.mp4,140,7.0,25,52.2,0.44,0.61,0.81,0.691,64.7,55.8,HIGH RISK,HIGH RISK,55,120.72
seq_05_dense_standstill.mp4,141,7.05,25,52.1,0.5,0.64,0.89,0.87,86.2,55.9,HIGH RISK,HIGH RISK,55,128.41
seq_05_dense_standstill.mp4,142,7.1,23,51.6,0.13,0.55,0.69,0.933,92.7,55.9,HIGH RISK,HIGH RISK,55,125.5
seq_05_dense_standstill.mp4,143,7.15,25,52.0,0.44,0.62,0.9,0.602,57.5,56.0,HIGH RISK,HIGH RISK,55,135.43
seq_05_dense_standstill.mp4,144,7.2,26,52.5,0.78,0.62,1.16,0.667,66.0,56.0,HIGH RISK,HIGH RISK,55,121.39
seq_05_dense_standstill.mp4,145,7.25,25,52.0,0.09,0.59,0.8,0.56,52.7,55.8,HIGH RISK,HIGH RISK,55,121.41
seq_05_dense_standstill.mp4,146,7.3,24,51.9,0.4,0.59,0.85,0.71,70.7,55.8,HIGH RISK,HIGH RISK,55,122.75
seq_05_dense_standstill.mp4,147,7.35,22,45.9,-6.15,0.59,0.95,0.901,92.1,55.7,HIGH RISK,HIGH RISK,55,128.89
seq_05_dense_standstill.mp4,148,7.4,22,45.8,-6.42,0.57,0.82,0.479,48.4,55.4,HIGH RISK,HIGH RISK,55,164.85
seq_05_dense_standstill.mp4,149,7.45,22,45.7,-6.5,0.6,0.82,0.841,84.2,55.5,HIGH RISK,HIGH RISK,55,136.35
seq_05_dense_standstill.mp4,150,7.5,23,45.7,-6.33,0.61,1.02,0.881,85.2,55.6,HIGH RISK,HIGH RISK,55,139.41
seq_05_dense_standstill.mp4,151,7.55,23,45.6,-6.03,0.62,0.96,0.718,65.7,55.6,HIGH RISK,HIGH RISK,55,137.24
seq_05_dense_standstill.mp4,152,7.6,23,45.7,-6.23,0.61,0.99,0.702,70.0,55.4,HIGH RISK,HIGH RISK,55,130.27
seq_05_dense_standstill.mp4,153,7.65,26,52.0,-0.52,0.61,0.9,0.793,78.3,55.5,HIGH RISK,HIGH RISK,55,128.94
seq_05_dense_standstill.mp4,154,7.7,25,51.8,-0.22,0.57,0.83,0.819,82.9,55.5,HIGH RISK,HIGH RISK,55,139.05
seq_05_dense_standstill.mp4,155,7.75,27,51.9,-0.02,0.59,0.83,0.78,76.8,55.5,HIGH RISK,HIGH RISK,55,134.11
seq_05_dense_standstill.mp4,156,7.8,27,51.8,5.92,0.59,0.82,0.849,86.6,55.6,HIGH RISK,HIGH RISK,55,136.77
seq_05_dense_standstill.mp4,157,7.85,28,52.1,6.25,0.6,0.96,0.748,77.0,55.7,HIGH RISK,HIGH RISK,55,121.24
seq_05_dense_standstill.mp4,158,7.9,27,51.8,6.08,0.58,0.83,0.706,70.0,55.7,HIGH RISK,HIGH RISK,55,124.56
seq_05_dense_standstill.mp4,159,7.95,26,52.1,6.41,0.62,0.96,0.858,82.8,55.8,HIGH RISK,HIGH RISK,55,139.63
seq_06_counter_flow_b.mp4,0,0.0,19,24.0,-21.63,6.77,16.03,0.854,83.7,60.8,HIGH RISK,NORMAL,22,129.49
seq_06_counter_flow_b.mp4,1,0.05,19,24.0,-21.74,0.94,1.63,0.028,2.4,60.4,HIGH RISK,NORMAL,22,120.33
seq_06_counter_flow_b.mp4,2,0.1,19,24.0,-27.96,0.96,1.55,0.047,4.3,60.2,HIGH RISK,NORMAL,22,128.37
seq_06_counter_flow_b.mp4,3,0.15,19,24.0,-27.79,0.97,1.6,0.052,5.0,60.1,HIGH RISK,NORMAL,22,139.26
seq_06_counter_flow_b.mp4,4,0.2,19,24.1,-27.84,0.96,1.79,0.04,3.6,59.9,HIGH RISK,NORMAL,22,124.31
seq_06_counter_flow_b.mp4,5,0.25,19,24.1,-27.77,0.93,1.69,0.073,6.1,59.7,HIGH RISK,NORMAL,22,138.86
seq_06_counter_flow_b.mp4,6,0.3,19,24.1,-27.94,1.02,1.99,0.044,4.3,59.5,HIGH RISK,NORMAL,22,136.85
seq_06_counter_flow_b.mp4,7,0.35,19,24.2,-27.57,1.07,2.08,0.077,7.0,59.4,HIGH RISK,NORMAL,22,140.6
seq_06_counter_flow_b.mp4,8,0.4,19,24.2,-27.9,1.02,1.87,0.067,6.0,59.3,HIGH RISK,NORMAL,22,139.04
seq_06_counter_flow_b.mp4,9,0.45,19,24.3,0.29,1.07,2.13,0.051,4.7,54.3,HIGH RISK,NORMAL,22,138.65
seq_06_counter_flow_b.mp4,10,0.5,18,23.8,-0.21,0.91,1.47,0.042,3.8,50.9,WARNING,NORMAL,22,132.84
seq_06_counter_flow_b.mp4,11,0.55,18,23.8,-0.23,0.97,1.58,0.071,6.7,50.5,WARNING,NORMAL,22,145.96
seq_06_counter_flow_b.mp4,12,0.6,18,23.9,-0.06,0.92,1.7,0.068,6.5,50.0,WARNING,NORMAL,22,125.1
seq_06_counter_flow_b.mp4,13,0.65,19,24.3,0.24,0.95,1.61,0.064,5.8,49.5,WARNING,NORMAL,22,132.4
seq_06_counter_flow_b.mp4,14,0.7,19,24.3,0.2,0.93,1.63,0.091,7.9,48.9,WARNING,NORMAL,22,126.24
seq_06_counter_flow_b.mp4,15,0.75,18,24.1,-0.02,0.97,1.57,0.068,5.5,48.4,WARNING,NORMAL,22,126.51
seq_06_counter_flow_b.mp4,16,0.8,18,24.2,-0.03,0.93,1.41,0.037,3.1,47.8,WARNING,NORMAL,22,125.87
seq_06_counter_flow_b.mp4,17,0.85,18,24.1,-0.14,1.02,1.71,0.046,4.5,47.3,WARNING,NORMAL,22,120.4
seq_06_counter_flow_b.mp4,18,0.9,18,24.2,-0.07,0.93,1.71,0.078,6.9,46.8,WARNING,NORMAL,22,126.97
seq_06_counter_flow_b.mp4,19,0.95,18,24.2,0.38,0.95,1.6,0.048,4.7,46.2,WARNING,NORMAL,22,118.88
seq_06_counter_flow_b.mp4,20,1.0,18,24.2,0.4,0.94,1.71,0.036,3.1,45.9,WARNING,NORMAL,22,117.5
seq_06_counter_flow_b.mp4,21,1.05,18,24.1,0.19,0.96,1.83,0.081,7.3,45.5,WARNING,NORMAL,22,126.9
seq_06_counter_flow_b.mp4,22,1.1,18,24.2,-0.13,1.1,2.36,0.054,4.9,44.9,WARNING,NORMAL,22,118.85
seq_06_counter_flow_b.mp4,23,1.15,18,24.2,-0.11,1.05,1.9,0.047,4.1,44.5,WARNING,NORMAL,22,134.31
seq_06_counter_flow_b.mp4,24,1.2,18,24.2,0.04,1.01,1.88,0.09,8.4,44.0,WARNING,NORMAL,22,139.26
seq_06_counter_flow_b.mp4,25,1.25,17,24.0,-0.15,0.98,1.78,0.067,6.3,43.5,WARNING,NORMAL,22,139.43
seq_06_counter_flow_b.mp4,26,1.3,18,24.1,0.03,0.93,1.5,0.03,2.7,43.2,WARNING,NORMAL,22,137.03
seq_06_counter_flow_b.mp4,27,1.35,18,24.1,-0.09,1.0,1.59,0.065,5.7,42.8,WARNING,NORMAL,22,137.84
seq_06_counter_flow_b.mp4,28,1.4,18,24.2,0.01,0.96,1.6,0.064,6.1,42.5,WARNING,NORMAL,22,157.7
seq_06_counter_flow_b.mp4,29,1.45,18,24.2,-0.02,0.94,1.65,0.071,6.8,42.2,WARNING,NORMAL,22,159.67
seq_06_counter_flow_b.mp4,30,1.5,17,23.1,-1.06,1.04,3.55,0.098,16.2,41.8,WARNING,NORMAL,22,148.65
seq_06_counter_flow_b.mp4,31,1.55,17,23.1,-1.11,1.0,1.69,0.052,4.4,41.3,WARNING,NORMAL,22,151.9
seq_06_counter_flow_b.mp4,32,1.6,17,23.1,-1.08,0.97,1.66,0.036,3.2,40.8,WARNING,NORMAL,22,196.61
seq_06_counter_flow_b.mp4,33,1.65,17,23.1,-1.06,0.93,1.9,0.037,3.4,40.2,WARNING,NORMAL,22,160.73
seq_06_counter_flow_b.mp4,34,1.7,18,23.0,-1.06,0.97,1.54,0.046,4.1,39.6,WARNING,NORMAL,22,187.27
seq_06_counter_flow_b.mp4,35,1.75,18,22.9,-1.23,0.98,1.58,0.034,3.0,39.2,WARNING,NORMAL,22,170.78
seq_06_counter_flow_b.mp4,36,1.8,18,22.9,-1.19,1.04,2.03,0.055,4.9,38.9,WARNING,NORMAL,22,227.87
seq_06_counter_flow_b.mp4,37,1.85,18,22.8,-1.33,0.9,1.91,0.061,5.7,38.4,WARNING,NORMAL,22,163.85
seq_06_counter_flow_b.mp4,38,1.9,17,22.7,-1.5,1.06,2.06,0.059,5.1,37.9,WARNING,NORMAL,22,164.89
seq_06_counter_flow_b.mp4,39,1.95,17,22.7,-0.32,1.05,1.94,0.098,8.2,37.6,WARNING,NORMAL,22,197.58
seq_06_counter_flow_b.mp4,40,2.0,17,22.7,-0.31,0.98,1.74,0.077,6.9,37.0,WARNING,NORMAL,22,145.78
seq_06_counter_flow_b.mp4,41,2.05,18,22.9,-0.2,0.98,1.83,0.065,5.9,36.6,WARNING,NORMAL,22,141.5
seq_06_counter_flow_b.mp4,42,2.1,18,22.9,-0.23,0.96,1.65,0.042,4.0,36.1,WARNING,NORMAL,22,142.39
seq_06_counter_flow_b.mp4,43,2.15,18,22.8,-0.11,1.0,1.83,0.049,4.7,35.8,WARNING,NORMAL,22,143.02
seq_06_counter_flow_b.mp4,44,2.2,18,22.8,-0.1,0.94,1.68,0.091,8.3,35.4,WARNING,NORMAL,22,139.33
seq_06_counter_flow_b.mp4,45,2.25,17,21.7,-1.24,1.58,13.57,0.124,32.1,35.5,WARNING,NORMAL,22,131.04
seq_06_counter_flow_b.mp4,46,2.3,17,21.6,-1.27,0.95,1.5,0.102,8.6,35.0,WARNING,NORMAL,22,140.55
seq_06_counter_flow_b.mp4,47,2.35,17,21.6,-1.07,0.98,1.66,0.048,4.3,34.5,WARNING,NORMAL,22,130.57
seq_06_counter_flow_b.mp4,48,2.4,17,21.6,-1.15,1.03,1.87,0.042,3.5,33.9,WARNING,NORMAL,22,123.81
seq_06_counter_flow_b.mp4,49,2.45,17,21.6,-1.14,0.92,1.5,0.056,4.8,33.4,WARNING,NORMAL,22,129.36
seq_06_counter_flow_b.mp4,50,2.5,17,21.6,-1.31,0.96,1.54,0.047,4.4,32.9,WARNING,NORMAL,22,129.31
seq_06_counter_flow_b.mp4,51,2.55,17,21.5,-1.34,0.91,1.33,0.066,5.7,32.6,WARNING,NORMAL,22,135.88
seq_06_counter_flow_b.mp4,52,2.6,17,21.5,-1.35,0.97,1.83,0.034,3.3,32.0,WARNING,NORMAL,22,141.45
seq_06_counter_flow_b.mp4,53,2.65,17,21.5,-1.27,1.07,2.07,0.048,4.0,31.6,WARNING,NORMAL,22,172.46
seq_06_counter_flow_b.mp4,54,2.7,16,20.7,-0.96,1.23,4.45,0.078,10.3,31.0,NORMAL,NORMAL,22,189.66
seq_06_counter_flow_b.mp4,55,2.75,16,20.7,-0.92,1.1,2.08,0.074,6.1,30.3,NORMAL,NORMAL,22,245.25
seq_06_counter_flow_b.mp4,56,2.8,16,20.6,-0.99,1.01,1.86,0.029,2.9,29.9,NORMAL,NORMAL,22,250.45
seq_06_counter_flow_b.mp4,57,2.85,17,20.9,-0.67,0.93,1.5,0.051,4.5,29.4,NORMAL,NORMAL,22,225.02
seq_06_counter_flow_b.mp4,58,2.9,16,19.6,-1.96,1.4,10.58,0.099,28.9,29.3,NORMAL,NORMAL,22,231.72
seq_06_counter_flow_b.mp4,59,2.95,16,19.6,-1.96,0.95,1.69,0.05,4.9,28.8,NORMAL,NORMAL,22,183.01
seq_06_counter_flow_b.mp4,60,3.0,16,19.6,-1.93,0.94,1.58,0.172,15.6,28.6,NORMAL,NORMAL,22,178.78
seq_06_counter_flow_b.mp4,61,3.05,16,19.6,-1.85,0.92,1.47,0.065,5.7,28.0,NORMAL,NORMAL,22,217.5
seq_06_counter_flow_b.mp4,62,3.1,16,19.6,-1.89,1.06,1.87,0.09,7.5,27.5,NORMAL,NORMAL,22,175.69
seq_06_counter_flow_b.mp4,63,3.15,16,19.6,-1.1,0.99,1.68,0.048,4.0,26.7,NORMAL,NORMAL,22,180.73
seq_06_counter_flow_b.mp4,64,3.2,16,19.6,-1.03,1.01,1.66,0.029,3.0,26.2,NORMAL,NORMAL,22,207.82
seq_06_counter_flow_b.mp4,65,3.25,16,19.6,-1.01,0.93,1.38,0.036,3.2,25.6,NORMAL,NORMAL,22,219.91
seq_06_counter_flow_b.mp4,66,3.3,16,19.6,-1.28,0.95,1.19,0.037,3.8,25.0,NORMAL,NORMAL,22,203.53
seq_06_counter_flow_b.mp4,67,3.35,16,19.6,-0.01,0.99,1.81,0.04,3.8,24.6,NORMAL,NORMAL,22,199.69
seq_06_counter_flow_b.mp4,68,3.4,16,19.6,0.03,0.95,1.82,0.053,4.9,24.1,NORMAL,NORMAL,22,231.48
seq_06_counter_flow_b.mp4,69,3.45,15,19.3,-0.31,1.11,2.17,0.056,4.9,23.5,NORMAL,NORMAL,22,202.33
seq_06_counter_flow_b.mp4,70,3.5,15,19.3,-0.37,1.11,2.08,0.045,4.0,23.2,NORMAL,NORMAL,22,216.4
seq_06_counter_flow_b.mp4,71,3.55,15,19.3,-0.3,1.04,1.96,0.081,7.1,22.7,NORMAL,NORMAL,22,292.37
seq_06_counter_flow_b.mp4,72,3.6,15,19.4,-0.23,1.03,1.87,0.034,3.6,22.3,NORMAL,NORMAL,22,198.49
seq_06_counter_flow_b.mp4,73,3.65,15,19.3,-0.29,0.97,1.55,0.051,5.1,21.9,NORMAL,NORMAL,22,199.94
seq_06_counter_flow_b.mp4,74,3.7,16,19.7,0.13,0.93,1.54,0.066,6.2,21.5,NORMAL,NORMAL,22,188.9
seq_06_counter_flow_b.mp4,75,3.75,16,19.8,0.17,0.93,1.59,0.062,6.2,20.9,NORMAL,NORMAL,22,178.69
seq_06_counter_flow_b.mp4,76,3.8,16,19.8,0.13,1.02,1.68,0.062,5.4,20.5,NORMAL,NORMAL,22,168.94
seq_06_counter_flow_b.mp4,77,3.85,16,19.8,0.18,0.96,1.65,0.086,8.3,20.3,NORMAL,NORMAL,22,173.68
seq_06_counter_flow_b.mp4,78,3.9,16,19.8,0.53,1.01,1.69,0.018,1.6,19.8,NORMAL,NORMAL,22,170.38
seq_06_counter_flow_b.mp4,79,3.95,16,19.8,0.56,0.98,1.66,0.078,6.7,19.2,NORMAL,NORMAL,22,164.02
seq_06_counter_flow_b.mp4,80,4.0,16,20.1,0.72,1.06,2.79,0.017,1.6,18.8,NORMAL,WARNING,23,164.54
seq_06_counter_flow_b.mp4,81,4.05,16,19.9,0.54,0.95,1.47,0.08,9.6,18.3,NORMAL,WARNING,23,159.33
seq_06_counter_flow_b.mp4,82,4.1,17,21.2,1.89,1.27,9.71,0.278,81.1,18.1,NORMAL,WARNING,24,214.74
seq_06_counter_flow_b.mp4,83,4.15,17,21.5,1.74,1.05,2.49,0.284,46.0,18.1,NORMAL,WARNING,24,158.73
seq_06_counter_flow_b.mp4,84,4.2,18,22.9,3.08,1.43,8.7,0.358,86.1,18.6,NORMAL,WARNING,25,141.62
seq_06_counter_flow_b.mp4,85,4.25,17,22.6,2.86,1.3,2.54,0.436,62.3,18.9,NORMAL,WARNING,25,146.95
seq_06_counter_flow_b.mp4,86,4.3,17,22.5,2.72,1.38,3.21,0.451,72.7,19.2,NORMAL,WARNING,26,151.05
seq_06_counter_flow_b.mp4,87,4.35,17,22.5,2.72,1.24,2.5,0.434,70.7,19.2,NORMAL,WARNING,26,152.82
seq_06_counter_flow_b.mp4,88,4.4,18,23.7,3.9,1.35,3.51,0.46,80.4,19.8,NORMAL,WARNING,27,180.82
seq_06_counter_flow_b.mp4,89,4.45,18,23.7,3.66,1.24,2.57,0.521,84.6,20.1,NORMAL,WARNING,27,158.43
seq_06_counter_flow_b.mp4,90,4.5,20,25.3,5.43,1.3,2.83,0.508,86.6,20.4,NORMAL,WARNING,28,165.61
seq_06_counter_flow_b.mp4,91,4.55,20,25.4,4.18,1.34,2.83,0.647,91.6,20.7,NORMAL,WARNING,28,187.96
seq_06_counter_flow_b.mp4,92,4.6,21,26.8,5.3,1.43,5.48,0.661,93.0,20.9,NORMAL,WARNING,29,169.58
seq_06_counter_flow_b.mp4,93,4.65,20,26.4,3.55,1.33,3.0,0.61,89.0,20.8,NORMAL,WARNING,29,164.97
seq_06_counter_flow_b.mp4,94,4.7,21,27.6,4.95,1.44,3.15,0.657,88.3,20.5,NORMAL,WARNING,30,172.12
seq_06_counter_flow_b.mp4,95,4.75,21,27.4,4.87,1.35,3.01,0.663,88.9,20.3,NORMAL,WARNING,30,144.55
seq_06_counter_flow_b.mp4,96,4.8,20,27.4,4.86,1.4,2.96,0.626,96.7,20.1,NORMAL,WARNING,31,135.19
seq_06_counter_flow_b.mp4,97,4.85,18,27.1,3.4,1.35,2.98,0.673,95.0,20.0,NORMAL,WARNING,31,150.13
seq_06_counter_flow_b.mp4,98,4.9,19,28.1,4.41,1.69,10.11,0.767,68.6,20.0,NORMAL,WARNING,32,135.04
seq_06_counter_flow_b.mp4,99,4.95,19,27.9,2.56,1.37,2.87,0.739,86.3,19.9,NORMAL,WARNING,32,177.0
seq_06_counter_flow_b.mp4,100,5.0,19,27.9,2.52,1.37,2.75,0.798,83.2,19.4,NORMAL,WARNING,33,235.81
seq_06_counter_flow_b.mp4,101,5.05,18,27.9,1.12,1.48,3.0,0.745,90.5,19.8,NORMAL,WARNING,33,222.03
seq_06_counter_flow_b.mp4,102,5.1,19,29.2,2.75,1.56,4.38,0.753,90.5,20.1,NORMAL,WARNING,34,213.21
seq_06_counter_flow_b.mp4,103,5.15,18,29.1,1.55,1.53,3.09,0.805,82.1,20.7,NORMAL,WARNING,34,203.35
seq_06_counter_flow_b.mp4,104,5.2,18,25.1,-2.3,1.52,6.73,0.765,84.9,21.0,NORMAL,WARNING,35,187.29
seq_06_counter_flow_b.mp4,105,5.25,18,25.1,-2.28,1.52,3.05,0.835,78.9,21.3,NORMAL,WARNING,35,199.98
seq_06_counter_flow_b.mp4,106,5.3,20,31.7,4.58,1.49,3.0,0.907,66.6,21.8,NORMAL,WARNING,36,174.57
seq_06_counter_flow_b.mp4,107,5.35,19,30.8,2.71,1.52,2.86,0.923,62.1,22.1,NORMAL,WARNING,36,175.88
seq_06_counter_flow_b.mp4,108,5.4,18,33.9,6.01,1.57,3.0,0.881,63.3,22.4,NORMAL,WARNING,37,158.12
seq_06_counter_flow_b.mp4,109,5.45,17,30.7,2.79,1.6,3.33,0.927,62.7,23.0,NORMAL,WARNING,37,162.52
seq_06_counter_flow_b.mp4,110,5.5,18,34.1,6.16,1.54,3.06,0.914,70.7,23.7,NORMAL,WARNING,38,152.74
seq_06_counter_flow_b.mp4,111,5.55,17,27.5,-1.73,1.54,3.0,0.847,72.3,24.0,NORMAL,WARNING,38,160.86
seq_06_counter_flow_b.mp4,112,5.6,19,28.9,-0.21,1.7,5.94,0.875,66.1,24.3,NORMAL,WARNING,39,166.77
seq_06_counter_flow_b.mp4,113,5.65,20,27.2,2.14,1.49,2.96,0.934,63.9,24.7,NORMAL,WARNING,39,159.64
seq_06_counter_flow_b.mp4,114,5.7,20,27.8,2.68,1.81,6.4,0.948,54.3,25.4,NORMAL,WARNING,40,188.64
seq_06_counter_flow_b.mp4,115,5.75,20,30.1,-1.57,1.64,3.07,0.866,54.9,25.9,NORMAL,WARNING,40,241.12
seq_06_counter_flow_b.mp4,116,5.8,22,36.6,5.71,1.71,3.43,0.956,63.9,26.5,NORMAL,WARNING,41,212.94
seq_06_counter_flow_b.mp4,117,5.85,20,29.7,-4.23,1.77,3.91,0.889,56.2,27.0,NORMAL,WARNING,41,187.63
seq_06_counter_flow_b.mp4,118,5.9,21,30.7,-0.03,1.8,4.13,0.899,55.4,27.2,NORMAL,WARNING,42,202.12
seq_06_counter_flow_b.mp4,119,5.95,18,30.9,-3.19,1.61,3.0,0.943,68.5,27.4,NORMAL,WARNING,42,184.76
seq_06_counter_flow_b.mp4,120,6.0,19,31.3,3.8,1.71,4.05,0.929,53.7,27.8,NORMAL,WARNING,43,173.53
seq_06_counter_flow_b.mp4,121,6.05,17,26.9,-2.05,1.73,3.02,0.729,40.7,28.2,NORMAL,WARNING,43,196.21
seq_06_counter_flow_b.mp4,122,6.1,19,37.1,9.89,1.83,4.09,0.82,44.2,29.1,NORMAL,WARNING,44,176.41
seq_06_counter_flow_b.mp4,123,6.15,17,31.5,3.67,1.86,3.44,0.654,34.2,29.5,NORMAL,WARNING,44,170.73
seq_06_counter_flow_b.mp4,124,6.2,16,31.1,0.92,1.78,3.22,0.742,42.2,29.7,NORMAL,WARNING,45,160.39
seq_06_counter_flow_b.mp4,125,6.25,17,28.4,-8.14,1.75,3.1,0.784,45.7,29.7,NORMAL,WARNING,45,168.36
seq_06_counter_flow_b.mp4,126,6.3,23,40.6,10.88,1.75,3.11,0.797,45.9,30.1,NORMAL,WARNING,46,163.23
seq_06_counter_flow_b.mp4,127,6.35,24,41.8,11.11,1.72,3.32,0.862,49.4,30.9,NORMAL,WARNING,46,170.03
seq_06_counter_flow_b.mp4,128,6.4,24,41.9,11.01,1.66,3.12,0.849,49.3,31.6,WARNING,WARNING,47,170.0
seq_06_counter_flow_b.mp4,129,6.45,23,36.2,4.94,1.65,2.97,0.813,44.8,32.2,WARNING,WARNING,47,194.62
seq_06_counter_flow_b.mp4,130,6.5,25,36.8,9.92,1.74,3.11,0.794,46.0,32.6,WARNING,WARNING,48,167.61
seq_06_counter_flow_b.mp4,131,6.55,23,36.6,-0.55,1.74,3.12,0.78,42.9,32.9,WARNING,WARNING,48,165.19
seq_06_counter_flow_b.mp4,132,6.6,26,44.0,12.49,1.9,3.31,0.803,51.2,33.2,WARNING,WARNING,49,148.84
seq_06_counter_flow_b.mp4,133,6.65,26,40.5,9.41,1.75,3.14,0.816,49.6,33.8,WARNING,WARNING,49,173.38
seq_06_counter_flow_b.mp4,134,6.7,25,41.1,12.7,1.83,3.68,0.797,45.8,34.6,WARNING,WARNING,50,157.08
seq_06_counter_flow_b.mp4,135,6.75,24,40.6,0.05,1.72,3.1,0.824,46.1,35.4,WARNING,WARNING,50,177.95
seq_06_counter_flow_b.mp4,136,6.8,24,38.5,-3.32,1.77,3.24,0.784,42.5,35.2,WARNING,WARNING,51,148.88
seq_06_counter_flow_b.mp4,137,6.85,24,44.4,2.56,1.69,3.0,0.707,37.8,35.3,WARNING,WARNING,51,156.54
seq_06_counter_flow_b.mp4,138,6.9,20,37.3,1.09,1.76,3.04,0.669,40.0,35.4,WARNING,WARNING,52,157.08
seq_06_counter_flow_b.mp4,139,6.95,21,42.9,6.09,1.86,3.19,0.526,25.6,35.8,WARNING,WARNING,52,178.13
seq_06_counter_flow_b.mp4,140,7.0,24,43.9,7.33,1.9,3.76,0.57,29.4,36.1,WARNING,CRITICAL,53,176.69
seq_06_counter_flow_b.mp4,141,7.05,25,42.9,-1.1,1.89,3.07,0.57,30.3,36.4,WARNING,CRITICAL,53,191.1
seq_06_counter_flow_b.mp4,142,7.1,23,43.8,3.31,1.79,3.04,0.599,33.7,36.4,WARNING,CRITICAL,54,186.19
seq_06_counter_flow_b.mp4,143,7.15,24,45.9,4.81,1.94,3.26,0.601,30.7,36.7,WARNING,CRITICAL,54,181.54
seq_06_counter_flow_b.mp4,144,7.2,24,40.4,-0.21,1.96,3.78,0.531,32.6,36.6,WARNING,CRITICAL,55,192.8
seq_06_counter_flow_b.mp4,145,7.25,25,40.7,2.26,1.84,2.99,0.525,25.9,36.9,WARNING,CRITICAL,55,183.19
seq_06_counter_flow_b.mp4,146,7.3,25,41.2,-3.27,1.98,3.42,0.408,20.4,37.3,WARNING,CRITICAL,56,215.75
seq_06_counter_flow_b.mp4,147,7.35,23,42.0,4.75,1.99,3.91,0.441,21.1,37.7,WARNING,CRITICAL,56,170.25
seq_06_counter_flow_b.mp4,148,7.4,25,47.4,4.49,2.09,3.59,0.434,24.1,38.2,WARNING,CRITICAL,57,172.33
seq_06_counter_flow_b.mp4,149,7.45,24,42.4,-1.48,2.04,3.45,0.398,22.4,38.2,WARNING,CRITICAL,57,215.0
seq_06_counter_flow_b.mp4,150,7.5,25,43.0,0.13,1.87,3.03,0.506,27.7,38.0,WARNING,CRITICAL,58,166.44
seq_06_counter_flow_b.mp4,151,7.55,21,34.6,-9.21,2.0,3.85,0.443,21.1,38.1,WARNING,CRITICAL,58,180.04
seq_06_counter_flow_b.mp4,152,7.6,22,37.9,-8.04,2.01,3.59,0.461,24.1,38.2,WARNING,CRITICAL,59,159.56
seq_06_counter_flow_b.mp4,153,7.65,20,38.0,-2.41,1.94,3.09,0.378,17.3,38.2,WARNING,CRITICAL,59,159.08
seq_06_counter_flow_b.mp4,154,7.7,22,43.4,2.7,2.11,3.58,0.294,13.7,38.4,WARNING,CRITICAL,60,163.06
seq_06_counter_flow_b.mp4,155,7.75,22,45.9,4.77,2.05,3.16,0.346,16.7,38.5,WARNING,CRITICAL,60,152.97
seq_06_counter_flow_b.mp4,156,7.8,23,47.3,5.28,2.03,3.21,0.332,15.3,38.6,WARNING,CRITICAL,61,183.38
seq_06_counter_flow_b.mp4,157,7.85,23,40.4,-6.94,2.08,3.1,0.35,19.2,38.5,WARNING,CRITICAL,61,164.09
seq_06_counter_flow_b.mp4,158,7.9,23,38.3,-4.17,2.09,3.92,0.392,22.2,38.5,WARNING,CRITICAL,62,155.76
seq_06_counter_flow_b.mp4,159,7.95,26,40.5,-2.49,1.98,3.19,0.359,17.5,38.6,WARNING,CRITICAL,62,155.19
seq_06_counter_flow_b.mp4,160,8.0,29,51.3,16.71,2.06,3.45,0.309,14.7,38.8,WARNING,CRITICAL,63,155.83
seq_06_counter_flow_b.mp4,161,8.05,29,51.1,13.23,2.01,3.19,0.314,14.4,39.5,WARNING,CRITICAL,63,179.18
seq_06_counter_flow_b.mp4,162,8.1,27,45.8,7.84,2.04,3.38,0.348,18.7,40.3,WARNING,CRITICAL,64,150.93
seq_06_counter_flow_b.mp4,163,8.15,27,47.0,3.54,2.02,3.42,0.327,16.4,40.6,WARNING,CRITICAL,64,144.19
seq_06_counter_flow_b.mp4,164,8.2,26,44.3,-1.66,2.08,3.44,0.369,20.6,40.5,WARNING,CRITICAL,65,146.15
seq_06_counter_flow_b.mp4,165,8.25,26,47.5,0.15,2.03,3.22,0.354,19.1,40.4,WARNING,CRITICAL,65,151.42
seq_06_counter_flow_b.mp4,166,8.3,27,46.4,5.96,2.1,3.75,0.358,19.3,40.7,WARNING,CRITICAL,66,170.42
seq_06_counter_flow_b.mp4,167,8.35,27,49.8,11.51,2.04,3.3,0.327,15.7,41.5,WARNING,CRITICAL,66,140.72
seq_06_counter_flow_b.mp4,168,8.4,23,46.1,5.63,2.07,3.39,0.358,17.5,42.1,WARNING,CRITICAL,67,157.39
seq_06_counter_flow_b.mp4,169,8.45,24,49.0,-2.23,2.08,3.36,0.293,14.3,42.2,WARNING,CRITICAL,67,146.31
seq_06_counter_flow_b.mp4,170,8.5,25,38.3,-12.81,2.1,3.47,0.292,14.7,41.3,WARNING,CRITICAL,68,149.0
seq_06_counter_flow_b.mp4,171,8.55,26,42.1,-3.74,2.08,3.21,0.296,14.0,40.9,WARNING,CRITICAL,68,159.12
seq_06_counter_flow_b.mp4,172,8.6,26,43.2,-3.76,2.29,6.39,0.273,22.5,40.8,WARNING,CRITICAL,69,169.3
seq_06_counter_flow_b.mp4,173,8.65,27,52.5,8.2,2.13,3.37,0.254,12.0,41.2,WARNING,CRITICAL,69,155.73
seq_06_counter_flow_b.mp4,174,8.7,30,53.6,6.16,2.14,3.4,0.285,13.4,41.7,WARNING,CRITICAL,70,149.68
seq_06_counter_flow_b.mp4,175,8.75,35,60.1,13.76,2.07,3.18,0.28,13.3,42.4,WARNING,CRITICAL,70,199.65
seq_06_counter_flow_b.mp4,176,8.8,30,58.4,8.67,2.11,3.18,0.29,12.8,42.7,WARNING,CRITICAL,70,162.79
seq_06_counter_flow_b.mp4,177,8.85,32,58.7,12.61,2.08,3.3,0.333,15.6,42.9,WARNING,CRITICAL,70,162.26
seq_06_counter_flow_b.mp4,178,8.9,30,57.5,8.46,2.08,3.35,0.328,15.9,43.2,WARNING,CRITICAL,70,183.76
seq_06_counter_flow_b.mp4,179,8.95,30,58.0,19.7,2.1,3.34,0.334,16.7,44.1,WARNING,CRITICAL,70,149.26
seq_06_counter_flow_b.mp4,180,9.0,31,57.7,15.6,2.15,3.21,0.35,18.5,45.4,WARNING,CRITICAL,70,148.0
seq_06_counter_flow_b.mp4,181,9.05,32,63.7,20.49,2.12,3.42,0.389,19.3,46.3,WARNING,CRITICAL,70,146.57
seq_06_counter_flow_b.mp4,182,9.1,35,61.4,8.93,2.04,3.3,0.377,17.9,46.4,WARNING,CRITICAL,70,143.1
seq_06_counter_flow_b.mp4,183,9.15,34,59.9,6.28,2.07,3.18,0.399,18.8,46.3,WARNING,CRITICAL,70,143.1
seq_06_counter_flow_b.mp4,184,9.2,31,57.1,-3.08,2.07,3.2,0.376,19.4,45.8,WARNING,CRITICAL,70,171.95
seq_06_counter_flow_b.mp4,185,9.25,35,60.8,2.4,2.05,3.16,0.381,18.1,45.3,WARNING,CRITICAL,70,138.1
seq_06_counter_flow_b.mp4,186,9.3,34,60.9,2.18,2.16,3.25,0.308,12.8,44.9,WARNING,CRITICAL,70,146.04
seq_06_counter_flow_b.mp4,187,9.35,33,60.4,2.91,2.27,4.82,0.342,23.6,44.4,WARNING,CRITICAL,70,145.9
seq_06_counter_flow_b.mp4,188,9.4,34,62.5,4.49,2.13,3.19,0.357,17.3,44.1,WARNING,CRITICAL,70,142.97
seq_06_counter_flow_b.mp4,189,9.45,34,54.6,-3.05,2.12,3.27,0.337,15.1,43.1,WARNING,CRITICAL,70,175.66
seq_06_counter_flow_b.mp4,190,9.5,33,55.6,-8.06,2.16,3.45,0.34,16.2,42.0,WARNING,CRITICAL,70,156.46
seq_06_counter_flow_b.mp4,191,9.55,33,54.6,-6.79,2.12,3.3,0.376,16.9,40.9,WARNING,CRITICAL,70,147.16
seq_06_counter_flow_b.mp4,192,9.6,32,52.2,-7.67,2.1,3.28,0.367,16.9,40.5,WARNING,CRITICAL,70,145.04
seq_06_counter_flow_b.mp4,193,9.65,31,48.4,-8.67,2.12,3.31,0.325,15.0,40.3,WARNING,CRITICAL,70,146.34
seq_06_counter_flow_b.mp4,194,9.7,33,51.9,-8.98,2.13,3.42,0.367,17.9,40.0,WARNING,CRITICAL,70,147.7
seq_06_counter_flow_b.mp4,195,9.75,36,63.5,2.6,2.16,3.29,0.347,17.3,39.8,WARNING,CRITICAL,70,150.18
seq_06_counter_flow_b.mp4,196,9.8,35,63.3,2.92,2.12,3.37,0.38,18.5,39.4,WARNING,CRITICAL,70,172.49
seq_06_counter_flow_b.mp4,197,9.85,35,63.4,0.9,2.12,3.22,0.39,21.4,38.9,WARNING,CRITICAL,70,153.12
seq_06_counter_flow_b.mp4,198,9.9,34,62.1,7.5,2.31,5.77,0.408,26.8,38.9,WARNING,CRITICAL,70,147.48
seq_06_counter_flow_b.mp4,199,9.95,36,61.6,5.99,2.09,3.15,0.379,18.2,38.6,WARNING,CRITICAL,70,146.62
seq_06_steady_concourse.mp4,0,0.0,16,23.0,-31.61,7.32,17.9,0.673,63.4,42.8,WARNING,NORMAL,22,154.79
seq_06_steady_concourse.mp4,1,0.05,17,22.9,-29.39,0.96,1.26,0.041,3.8,41.3,WARNING,NORMAL,22,223.18
seq_06_steady_concourse.mp4,2,0.1,17,22.9,-25.5,0.86,1.14,0.083,7.5,39.7,WARNING,NORMAL,22,159.26
seq_06_steady_concourse.mp4,3,0.15,16,22.9,-29.0,0.85,1.31,0.028,3.0,38.1,WARNING,NORMAL,22,157.14
seq_06_steady_concourse.mp4,4,0.2,17,22.8,-40.69,0.94,1.54,0.023,2.5,36.5,WARNING,NORMAL,22,182.16
seq_06_steady_concourse.mp4,5,0.25,17,22.8,-40.58,0.92,1.44,0.044,4.5,35.8,WARNING,NORMAL,22,153.33
seq_06_steady_concourse.mp4,6,0.3,16,22.8,-40.63,0.91,1.62,0.045,4.4,35.3,WARNING,NORMAL,22,170.62
seq_06_steady_concourse.mp4,7,0.35,17,22.8,-39.36,1.0,1.7,0.038,3.5,34.8,WARNING,NORMAL,22,193.47
seq_06_steady_concourse.mp4,8,0.4,17,22.7,-38.93,0.92,1.51,0.057,5.2,34.3,WARNING,NORMAL,22,161.8
seq_06_steady_concourse.mp4,9,0.45,16,22.7,-0.27,0.91,1.51,0.034,3.3,33.8,WARNING,NORMAL,22,159.58
seq_06_steady_concourse.mp4,10,0.5,17,22.7,-0.17,0.96,1.63,0.044,4.1,33.3,WARNING,NORMAL,22,175.5
seq_06_steady_concourse.mp4,11,0.55,17,22.7,-0.2,0.95,1.58,0.023,2.3,32.8,WARNING,NORMAL,22,150.56
seq_06_steady_concourse.mp4,12,0.6,17,22.7,-0.19,0.94,1.45,0.053,5.2,32.3,WARNING,NORMAL,22,152.55
seq_06_steady_concourse.mp4,13,0.65,17,22.6,-0.17,0.96,1.65,0.05,4.6,31.9,WARNING,NORMAL,22,154.77
seq_06_steady_concourse.mp4,14,0.7,17,22.6,-0.17,0.9,1.47,0.068,5.7,31.4,WARNING,NORMAL,22,162.54
seq_06_steady_concourse.mp4,15,0.75,17,22.7,-0.11,0.84,1.42,0.079,7.0,31.0,NORMAL,NORMAL,22,187.95
seq_06_steady_concourse.mp4,16,0.8,17,22.7,-0.1,0.91,1.32,0.029,2.6,30.5,NORMAL,NORMAL,22,148.58
seq_06_steady_concourse.mp4,17,0.85,17,22.7,0.03,0.89,1.43,0.073,6.9,30.0,NORMAL,NORMAL,22,152.05
seq_06_steady_concourse.mp4,18,0.9,17,22.7,0.02,0.88,1.41,0.058,5.0,29.6,NORMAL,NORMAL,22,157.57
seq_06_steady_concourse.mp4,19,0.95,17,22.8,0.06,0.91,1.44,0.055,5.1,29.1,NORMAL,NORMAL,22,143.81
seq_06_steady_concourse.mp4,20,1.0,17,22.8,0.11,0.94,1.63,0.054,4.5,28.6,NORMAL,NORMAL,22,140.87
seq_06_steady_concourse.mp4,21,1.05,17,22.9,0.19,0.89,1.35,0.031,3.1,28.2,NORMAL,NORMAL,22,149.38
seq_06_steady_concourse.mp4,22,1.1,17,23.0,0.32,0.82,1.31,0.052,5.2,27.9,NORMAL,NORMAL,22,141.27
seq_06_steady_concourse.mp4,23,1.15,17,23.0,0.37,0.91,1.35,0.067,6.3,27.6,NORMAL,NORMAL,22,160.3
seq_06_steady_concourse.mp4,24,1.2,17,23.0,0.33,0.96,1.46,0.036,3.1,27.2,NORMAL,NORMAL,22,138.63
seq_06_steady_concourse.mp4,25,1.25,17,23.1,0.39,0.92,1.48,0.043,4.1,26.8,NORMAL,NORMAL,22,142.33
seq_06_steady_concourse.mp4,26,1.3,16,22.7,-0.02,0.85,1.22,0.027,2.6,26.4,NORMAL,NORMAL,22,142.63
seq_06_steady_concourse.mp4,27,1.35,16,22.7,-0.03,0.92,1.4,0.048,4.6,26.0,NORMAL,NORMAL,22,139.72
seq_06_steady_concourse.mp4,28,1.4,16,22.8,0.03,0.86,1.24,0.045,3.9,25.6,NORMAL,NORMAL,22,142.3
seq_06_steady_concourse.mp4,29,1.45,16,22.8,-0.02,0.91,1.39,0.037,3.4,25.5,NORMAL,NORMAL,22,130.73
seq_06_steady_concourse.mp4,30,1.5,17,23.1,0.2,0.89,1.46,0.084,7.4,25.4,NORMAL,NORMAL,22,148.69
seq_06_steady_concourse.mp4,31,1.55,17,23.1,0.14,0.9,1.47,0.018,1.8,25.2,NORMAL,NORMAL,22,164.06
seq_06_steady_concourse.mp4,32,1.6,17,23.1,0.13,0.99,1.89,0.077,6.6,25.0,NORMAL,NORMAL,22,148.82
seq_06_steady_concourse.mp4,33,1.65,16,23.1,0.1,0.98,1.81,0.03,2.7,24.8,NORMAL,NORMAL,22,154.09
seq_06_steady_concourse.mp4,34,1.7,16,23.1,0.08,0.89,1.45,0.067,6.3,24.6,NORMAL,NORMAL,22,194.54
seq_06_steady_concourse.mp4,35,1.75,16,23.1,0.39,0.96,1.66,0.043,3.8,24.5,NORMAL,NORMAL,22,148.94
seq_06_steady_concourse.mp4,36,1.8,16,23.2,0.49,0.95,1.62,0.036,3.3,24.4,NORMAL,NORMAL,22,142.46
seq_06_steady_concourse.mp4,37,1.85,16,23.1,0.31,0.97,1.49,0.041,3.8,24.3,NORMAL,NORMAL,22,155.4
seq_06_steady_concourse.mp4,38,1.9,16,23.2,0.38,0.9,1.5,0.024,2.5,24.2,NORMAL,NORMAL,22,149.82
seq_06_steady_concourse.mp4,39,1.95,16,23.2,0.12,0.94,1.49,0.056,5.4,24.1,NORMAL,NORMAL,22,136.69
seq_06_steady_concourse.mp4,40,2.0,17,23.2,0.15,0.87,1.39,0.052,4.8,23.9,NORMAL,NORMAL,22,136.66
seq_06_steady_concourse.mp4,41,2.05,17,23.3,0.22,0.86,1.28,0.068,6.7,23.7,NORMAL,NORMAL,22,148.97
seq_06_steady_concourse.mp4,42,2.1,17,23.3,0.21,0.94,1.31,0.034,3.1,23.5,NORMAL,NORMAL,22,140.16
seq_06_steady_concourse.mp4,43,2.15,17,23.3,0.16,0.87,1.35,0.041,4.1,23.4,NORMAL,NORMAL,22,147.66
seq_06_steady_concourse.mp4,44,2.2,17,23.3,0.19,0.9,1.52,0.062,5.2,23.2,NORMAL,NORMAL,22,168.09
seq_06_steady_concourse.mp4,45,2.25,17,23.3,0.15,0.89,1.45,0.026,2.4,23.0,NORMAL,NORMAL,22,146.53
seq_06_steady_concourse.mp4,46,2.3,17,23.4,0.31,0.9,1.34,0.075,7.1,22.9,NORMAL,NORMAL,22,143.49
seq_06_steady_concourse.mp4,47,2.35,17,23.4,0.21,0.92,1.38,0.054,5.7,22.8,NORMAL,NORMAL,22,155.01
seq_06_steady_concourse.mp4,48,2.4,17,23.4,0.21,0.9,1.21,0.06,5.8,22.6,NORMAL,NORMAL,22,149.72
seq_06_steady_concourse.mp4,49,2.45,17,23.4,0.17,0.92,1.26,0.039,3.6,22.4,NORMAL,NORMAL,22,157.4
seq_06_steady_concourse.mp4,50,2.5,17,23.4,0.11,0.9,1.36,0.038,3.1,22.3,NORMAL,NORMAL,22,146.59
seq_06_steady_concourse.mp4,51,2.55,17,23.5,0.16,0.85,1.25,0.075,6.7,22.2,NORMAL,NORMAL,22,153.74
seq_06_steady_concourse.mp4,52,2.6,17,23.5,0.17,0.88,1.23,0.063,6.2,22.1,NORMAL,NORMAL,22,144.21
seq_06_steady_concourse.mp4,53,2.65,17,23.5,0.17,0.88,1.2,0.029,2.6,21.9,NORMAL,NORMAL,22,148.74
seq_06_steady_concourse.mp4,54,2.7,17,23.5,0.17,0.91,1.24,0.033,3.4,21.8,NORMAL,NORMAL,22,148.53
seq_06_steady_concourse.mp4,55,2.75,17,23.5,0.07,0.87,1.62,0.02,2.1,21.7,NORMAL,NORMAL,22,149.95
seq_06_steady_concourse.mp4,56,2.8,16,22.6,-0.78,0.99,1.63,0.045,5.6,21.4,NORMAL,NORMAL,22,189.48
seq_06_steady_concourse.mp4,57,2.85,16,22.6,-0.81,0.94,1.68,0.049,5.1,21.2,NORMAL,NORMAL,22,145.95
seq_06_steady_concourse.mp4,58,2.9,16,22.6,-0.81,0.95,1.61,0.037,3.5,21.1,NORMAL,NORMAL,22,150.12
seq_06_steady_concourse.mp4,59,2.95,16,22.6,-0.84,0.9,1.49,0.09,7.7,21.0,NORMAL,NORMAL,22,146.76
seq_06_steady_concourse.mp4,60,3.0,16,22.6,-0.89,0.98,1.55,0.025,2.4,20.8,NORMAL,NORMAL,22,150.05
seq_06_steady_concourse.mp4,61,3.05,16,22.6,-0.88,0.89,1.45,0.036,3.0,20.6,NORMAL,NORMAL,22,132.35
seq_06_steady_concourse.mp4,62,3.1,16,22.6,-0.87,0.95,1.51,0.045,4.0,20.5,NORMAL,NORMAL,22,150.85
seq_06_steady_concourse.mp4,63,3.15,16,22.5,-0.97,0.92,1.46,0.063,5.5,20.3,NORMAL,NORMAL,22,146.98
seq_06_steady_concourse.mp4,64,3.2,17,22.7,-0.76,0.91,1.45,0.08,7.0,20.2,NORMAL,NORMAL,22,143.3
seq_06_steady_concourse.mp4,65,3.25,16,22.9,0.32,0.96,1.46,0.035,3.4,20.0,NORMAL,NORMAL,22,175.81
seq_06_steady_concourse.mp4,66,3.3,16,21.7,-0.92,0.94,2.21,0.096,11.4,19.9,NORMAL,NORMAL,22,159.89
seq_06_steady_concourse.mp4,67,3.35,16,21.6,-1.02,0.84,1.38,0.061,5.6,19.7,NORMAL,NORMAL,22,146.82
seq_06_steady_concourse.mp4,68,3.4,17,21.7,-0.89,0.96,1.53,0.035,3.3,19.5,NORMAL,NORMAL,22,145.29
seq_06_steady_concourse.mp4,69,3.45,17,21.7,-0.88,0.92,1.45,0.073,6.5,19.3,NORMAL,NORMAL,22,173.56
seq_06_steady_concourse.mp4,70,3.5,17,21.7,-0.88,0.88,1.55,0.072,6.5,19.2,NORMAL,NORMAL,22,146.3
seq_06_steady_concourse.mp4,71,3.55,17,21.7,-0.87,0.84,1.34,0.04,3.9,19.1,NORMAL,NORMAL,22,157.15
seq_06_steady_concourse.mp4,72,3.6,17,21.7,-0.81,0.89,1.2,0.031,3.6,18.9,NORMAL,NORMAL,22,154.45
seq_06_steady_concourse.mp4,73,3.65,17,21.6,-1.08,0.89,1.37,0.088,7.3,18.7,NORMAL,NORMAL,22,160.1
seq_06_steady_concourse.mp4,74,3.7,17,21.7,-1.23,0.9,1.34,0.045,4.0,18.5,NORMAL,NORMAL,22,224.9
seq_06_steady_concourse.mp4,75,3.75,16,20.4,-1.31,0.96,2.17,0.075,9.1,18.3,NORMAL,NORMAL,22,162.01
seq_06_steady_concourse.mp4,76,3.8,15,19.2,-2.42,1.5,12.17,0.065,24.4,18.2,NORMAL,NORMAL,22,158.75
seq_06_steady_concourse.mp4,77,3.85,15,19.2,-2.53,0.86,1.16,0.073,6.6,17.9,NORMAL,NORMAL,22,161.45
seq_06_steady_concourse.mp4,78,3.9,15,19.2,-2.54,0.89,1.22,0.029,2.6,17.7,NORMAL,NORMAL,22,159.89
seq_06_steady_concourse.mp4,79,3.95,15,19.1,-2.57,0.82,1.37,0.022,1.9,17.4,NORMAL,NORMAL,22,151.58
seq_06_steady_concourse.mp4,80,4.0,15,19.1,-2.6,0.94,1.64,0.073,7.1,17.2,NORMAL,NORMAL,22,181.49
seq_06_steady_concourse.mp4,81,4.05,14,19.1,-2.67,1.0,1.61,0.023,2.2,17.0,NORMAL,NORMAL,22,166.05
seq_06_steady_concourse.mp4,82,4.1,14,19.1,-2.56,0.89,1.72,0.062,5.5,16.8,NORMAL,NORMAL,22,155.64
seq_06_steady_concourse.mp4,83,4.15,14,19.0,-2.67,0.97,1.57,0.076,7.2,16.5,NORMAL,NORMAL,22,171.1
seq_06_steady_concourse.mp4,84,4.2,14,19.0,-1.36,0.93,1.75,0.043,4.4,16.3,NORMAL,NORMAL,22,166.75
seq_06_steady_concourse.mp4,85,4.25,14,18.9,-0.22,0.97,1.5,0.047,4.2,16.0,NORMAL,NORMAL,22,187.64
seq_06_steady_concourse.mp4,86,4.3,13,18.9,-0.3,0.92,1.45,0.065,5.8,15.7,NORMAL,NORMAL,22,177.25
seq_06_steady_concourse.mp4,87,4.35,13,18.9,-0.3,0.94,1.53,0.015,1.6,15.4,NORMAL,NORMAL,22,176.19
seq_06_steady_concourse.mp4,88,4.4,13,19.1,-0.04,0.95,1.45,0.07,6.1,15.2,NORMAL,NORMAL,22,177.49
seq_06_steady_concourse.mp4,89,4.45,12,18.9,-0.23,0.89,1.39,0.067,6.4,15.0,NORMAL,NORMAL,22,179.72
seq_06_steady_concourse.mp4,90,4.5,12,18.8,-0.28,0.85,1.4,0.054,5.2,14.7,NORMAL,NORMAL,22,216.52
seq_06_steady_concourse.mp4,91,4.55,12,18.8,-0.26,0.93,1.45,0.084,7.2,14.5,NORMAL,NORMAL,22,194.12
seq_06_steady_concourse.mp4,92,4.6,12,18.9,-0.15,0.87,1.27,0.07,6.1,14.3,NORMAL,NORMAL,22,208.85
seq_06_steady_concourse.mp4,93,4.65,11,17.7,-1.33,1.5,10.3,0.116,30.2,14.1,NORMAL,NORMAL,22,160.77
seq_06_steady_concourse.mp4,94,4.7,11,17.7,-1.25,0.88,1.39,0.042,3.7,13.9,NORMAL,NORMAL,22,193.74
seq_06_steady_concourse.mp4,95,4.75,12,17.8,-1.1,0.84,1.41,0.065,6.2,13.7,NORMAL,NORMAL,22,174.78
seq_06_steady_concourse.mp4,96,4.8,12,17.6,-1.25,0.95,1.39,0.042,3.6,13.5,NORMAL,NORMAL,22,178.89
seq_06_steady_concourse.mp4,97,4.85,12,17.7,-1.42,0.93,1.2,0.035,3.4,13.2,NORMAL,NORMAL,22,171.9
seq_06_steady_concourse.mp4,98,4.9,12,17.7,-1.21,0.83,1.1,0.051,4.5,12.9,NORMAL,NORMAL,22,151.76
seq_06_steady_concourse.mp4,99,4.95,12,17.6,-1.17,0.9,1.52,0.075,6.0,12.6,NORMAL,NORMAL,22,175.4
seq_06_steady_concourse.mp4,100,5.0,12,17.6,-1.25,0.92,1.2,0.048,4.4,12.5,NORMAL,NORMAL,22,156.06
seq_06_steady_concourse.mp4,101,5.05,12,17.5,-1.34,0.92,1.56,0.056,4.6,12.5,NORMAL,NORMAL,22,147.44
seq_06_steady_concourse.mp4,102,5.1,12,17.5,-0.14,0.8,1.04,0.074,6.3,12.4,NORMAL,NORMAL,22,154.04
seq_06_steady_concourse.mp4,103,5.15,12,17.6,-0.12,0.92,1.25,0.044,4.0,12.4,NORMAL,NORMAL,22,146.94
seq_06_steady_concourse.mp4,104,5.2,13,18.6,0.85,1.25,7.35,0.043,8.7,12.3,NORMAL,NORMAL,22,155.7
seq_06_steady_concourse.mp4,105,5.25,13,18.6,0.97,0.93,1.73,0.038,3.9,12.3,NORMAL,NORMAL,22,171.27
seq_06_steady_concourse.mp4,106,5.3,13,18.5,0.85,0.89,1.58,0.03,2.8,12.3,NORMAL,NORMAL,22,153.9
seq_06_steady_concourse.mp4,107,5.35,13,18.5,0.86,0.93,1.53,0.107,9.3,12.3,NORMAL,NORMAL,22,148.69
seq_06_steady_concourse.mp4,108,5.4,13,18.5,0.91,0.96,1.84,0.038,3.5,12.3,NORMAL,NORMAL,22,156.92
seq_06_steady_concourse.mp4,109,5.45,13,18.6,0.98,1.0,1.82,0.043,4.1,12.5,NORMAL,NORMAL,22,155.4
seq_06_steady_concourse.mp4,110,5.5,13,18.5,0.94,0.94,1.48,0.039,3.9,12.7,NORMAL,NORMAL,22,182.95
seq_06_steady_concourse.mp4,111,5.55,13,18.5,0.92,0.95,1.59,0.047,4.6,13.0,NORMAL,NORMAL,22,152.65
seq_06_steady_concourse.mp4,112,5.6,13,18.4,0.82,0.93,1.52,0.028,3.0,13.2,NORMAL,NORMAL,22,152.26
seq_06_steady_concourse.mp4,113,5.65,13,18.5,-0.15,0.94,1.5,0.045,4.2,13.1,NORMAL,NORMAL,22,158.04
seq_06_steady_concourse.mp4,114,5.7,12,17.1,-1.48,1.72,12.8,0.123,10.1,12.9,NORMAL,NORMAL,22,155.63
seq_06_steady_concourse.mp4,115,5.75,12,17.1,-1.42,0.85,1.36,0.051,4.5,12.6,NORMAL,NORMAL,22,177.75
seq_06_steady_concourse.mp4,116,5.8,13,18.2,-0.28,1.29,6.44,0.051,5.0,12.5,NORMAL,NORMAL,22,168.41
seq_06_steady_concourse.mp4,117,5.85,13,18.3,-0.26,0.91,1.57,0.049,4.5,12.4,NORMAL,NORMAL,22,146.18
seq_06_steady_concourse.mp4,118,5.9,13,18.2,-0.36,0.88,1.4,0.114,10.3,12.2,NORMAL,NORMAL,22,140.23
seq_06_steady_concourse.mp4,119,5.95,14,18.6,0.13,0.93,1.37,0.031,2.8,12.2,NORMAL,NORMAL,22,145.1
seq_06_steady_concourse.mp4,120,6.0,14,18.5,0.08,0.9,1.5,0.072,7.5,12.1,NORMAL,NORMAL,22,141.93
seq_06_steady_concourse.mp4,121,6.05,14,18.5,0.14,0.95,1.68,0.071,6.0,12.1,NORMAL,NORMAL,22,185.73
seq_06_steady_concourse.mp4,122,6.1,14,18.5,0.04,0.81,1.19,0.079,8.2,12.0,NORMAL,NORMAL,22,156.54
seq_06_steady_concourse.mp4,123,6.15,14,19.5,2.35,0.98,1.52,0.057,8.4,12.0,NORMAL,NORMAL,22,158.11
seq_06_steady_concourse.mp4,124,6.2,14,18.7,1.59,0.98,2.18,0.073,12.2,12.2,NORMAL,NORMAL,22,157.7
seq_06_steady_concourse.mp4,125,6.25,14,18.8,0.53,0.85,1.18,0.086,8.5,12.3,NORMAL,NORMAL,22,152.99
seq_06_steady_concourse.mp4,126,6.3,14,18.8,0.56,0.91,1.26,0.067,5.9,12.4,NORMAL,NORMAL,22,158.08
seq_06_steady_concourse.mp4,127,6.35,14,18.8,0.58,0.91,1.51,0.038,3.4,12.5,NORMAL,NORMAL,22,162.15
seq_06_steady_concourse.mp4,128,6.4,14,18.8,0.24,0.87,1.33,0.036,3.1,12.5,NORMAL,NORMAL,22,176.86
seq_06_steady_concourse.mp4,129,6.45,14,18.8,0.3,0.98,1.49,0.047,4.4,12.5,NORMAL,NORMAL,22,148.4
seq_06_steady_concourse.mp4,130,6.5,14,18.8,0.27,0.91,1.63,0.036,4.1,12.5,NORMAL,NORMAL,22,142.33
seq_06_steady_concourse.mp4,131,6.55,14,19.9,1.44,1.22,7.82,0.073,12.7,12.7,NORMAL,NORMAL,22,146.2
seq_06_steady_concourse.mp4,132,6.6,14,18.8,-0.64,1.35,11.91,0.08,28.7,12.6,NORMAL,NORMAL,22,150.76
seq_06_steady_concourse.mp4,133,6.65,14,18.9,0.16,0.96,1.61,0.049,4.5,12.4,NORMAL,NORMAL,22,181.84
seq_06_steady_concourse.mp4,134,6.7,14,18.9,0.14,0.93,1.59,0.047,4.1,12.2,NORMAL,NORMAL,22,158.54
seq_06_steady_concourse.mp4,135,6.75,14,18.9,0.06,0.9,1.46,0.05,4.5,12.2,NORMAL,NORMAL,22,171.49
seq_06_steady_concourse.mp4,136,6.8,15,18.7,-0.06,0.99,1.76,0.058,5.6,12.2,NORMAL,NORMAL,22,145.33
seq_06_steady_concourse.mp4,137,6.85,15,18.8,-0.04,0.95,1.45,0.039,3.2,12.1,NORMAL,NORMAL,22,151.2
seq_06_steady_concourse.mp4,138,6.9,15,18.8,-0.08,0.88,1.39,0.047,4.4,12.0,NORMAL,NORMAL,22,148.2
seq_06_steady_concourse.mp4,139,6.95,15,18.8,-0.01,0.92,1.56,0.054,5.1,11.9,NORMAL,NORMAL,22,166.98
seq_06_steady_concourse.mp4,140,7.0,15,18.8,-1.15,0.96,1.59,0.048,4.6,11.7,NORMAL,NORMAL,22,143.97
seq_06_steady_concourse.mp4,141,7.05,15,18.8,-0.05,0.91,1.38,0.067,6.5,11.6,NORMAL,NORMAL,22,151.04
seq_06_steady_concourse.mp4,142,7.1,15,18.7,-0.12,0.9,1.54,0.03,2.9,11.6,NORMAL,NORMAL,22,144.79
seq_06_steady_concourse.mp4,143,7.15,15,18.7,-0.19,0.92,1.47,0.076,6.6,11.6,NORMAL,NORMAL,22,154.05
seq_06_steady_concourse.mp4,144,7.2,15,18.7,-0.13,0.85,1.32,0.077,7.0,11.5,NORMAL,NORMAL,22,148.88
seq_06_steady_concourse.mp4,145,7.25,15,18.7,-0.01,0.89,1.38,0.027,2.4,11.5,NORMAL,NORMAL,22,186.22
seq_06_steady_concourse.mp4,146,7.3,15,18.7,-0.07,0.83,1.36,0.07,6.3,11.5,NORMAL,NORMAL,22,151.83
seq_06_steady_concourse.mp4,147,7.35,15,18.7,-0.04,0.89,1.17,0.047,5.3,11.5,NORMAL,NORMAL,22,162.36
seq_06_steady_concourse.mp4,148,7.4,15,18.7,-0.07,0.92,1.34,0.065,5.8,11.4,NORMAL,NORMAL,22,154.34
seq_06_steady_concourse.mp4,149,7.45,15,18.8,-0.02,0.9,1.39,0.017,1.6,11.4,NORMAL,NORMAL,22,158.61
seq_06_steady_concourse.mp4,150,7.5,16,19.8,1.08,0.96,2.8,0.067,8.1,11.4,NORMAL,NORMAL,22,224.13
seq_06_steady_concourse.mp4,151,7.55,16,19.8,1.08,0.84,1.13,0.1,9.0,11.6,NORMAL,NORMAL,22,157.69
seq_06_steady_concourse.mp4,152,7.6,16,19.7,1.02,0.97,1.6,0.1,13.9,11.7,NORMAL,NORMAL,22,160.6
seq_06_steady_concourse.mp4,153,7.65,16,19.7,0.95,0.89,1.25,0.04,3.6,11.8,NORMAL,NORMAL,22,171.72
seq_06_steady_concourse.mp4,154,7.7,16,19.6,0.93,0.87,1.58,0.047,4.3,11.9,NORMAL,NORMAL,22,168.54
seq_06_steady_concourse.mp4,155,7.75,16,19.6,0.92,0.95,1.73,0.093,8.5,12.0,NORMAL,NORMAL,22,182.11
seq_06_steady_concourse.mp4,156,7.8,16,19.6,0.92,0.85,1.26,0.031,2.6,12.1,NORMAL,NORMAL,22,165.61
seq_06_steady_concourse.mp4,157,7.85,15,18.2,-0.51,2.69,33.05,0.109,23.5,12.3,NORMAL,NORMAL,22,153.77
seq_06_steady_concourse.mp4,158,7.9,15,18.2,-0.57,0.91,1.4,0.072,6.3,12.3,NORMAL,NORMAL,22,160.93
seq_06_steady_concourse.mp4,159,7.95,14,17.8,-2.08,2.23,23.21,0.125,32.6,12.3,NORMAL,NORMAL,22,155.16
seq_06_steady_concourse.mp4,160,8.0,14,17.8,-2.01,0.94,1.52,0.065,5.2,11.9,NORMAL,NORMAL,22,146.98
seq_06_steady_concourse.mp4,161,8.05,14,17.8,-1.95,0.97,1.7,0.031,2.8,11.9,NORMAL,NORMAL,22,150.62
seq_06_steady_concourse.mp4,162,8.1,14,17.8,-1.92,0.97,1.66,0.052,4.7,11.8,NORMAL,NORMAL,22,176.12
seq_06_steady_concourse.mp4,163,8.15,14,17.8,-1.89,0.94,1.8,0.029,2.8,11.8,NORMAL,NORMAL,22,147.57
seq_06_steady_concourse.mp4,164,8.2,14,17.8,-1.88,0.93,1.66,0.053,4.9,11.8,NORMAL,NORMAL,22,148.53
seq_06_steady_concourse.mp4,165,8.25,14,17.7,-1.88,0.9,1.45,0.038,3.5,11.8,NORMAL,NORMAL,22,139.8
seq_06_steady_concourse.mp4,166,8.3,14,17.8,-0.45,0.9,1.55,0.073,6.5,11.4,NORMAL,NORMAL,22,147.48
seq_06_steady_concourse.mp4,167,8.35,14,17.7,-0.49,0.91,1.3,0.024,2.1,11.1,NORMAL,NORMAL,22,146.02
seq_06_steady_concourse.mp4,168,8.4,15,19.0,1.23,1.29,7.82,0.043,7.4,11.1,NORMAL,NORMAL,22,177.72
seq_06_steady_concourse.mp4,169,8.45,15,19.0,1.21,0.82,1.28,0.071,6.7,11.1,NORMAL,NORMAL,22,148.04
seq_06_steady_concourse.mp4,170,8.5,15,19.0,1.26,0.89,1.44,0.074,6.6,11.1,NORMAL,NORMAL,22,145.81
seq_06_steady_concourse.mp4,171,8.55,15,19.0,1.25,0.92,1.38,0.038,3.4,11.1,NORMAL,NORMAL,22,138.97
seq_06_steady_concourse.mp4,172,8.6,15,19.0,1.29,0.87,1.18,0.029,3.0,11.0,NORMAL,NORMAL,22,146.43
seq_06_steady_concourse.mp4,173,8.65,15,18.7,0.94,1.17,8.26,0.082,20.8,11.3,NORMAL,NORMAL,22,146.48
seq_06_steady_concourse.mp4,174,8.7,15,18.8,1.0,1.83,12.23,0.087,28.5,11.6,NORMAL,NORMAL,22,170.21
seq_06_steady_concourse.mp4,175,8.75,15,19.1,1.35,1.1,8.49,0.115,23.9,12.0,NORMAL,NORMAL,22,189.79
seq_06_steady_concourse.mp4,176,8.8,15,19.1,1.4,0.98,1.36,0.045,4.2,12.2,NORMAL,NORMAL,22,156.38
seq_06_steady_concourse.mp4,177,8.85,14,17.7,-1.27,1.75,15.82,0.098,28.9,12.2,NORMAL,NORMAL,22,148.77
seq_06_steady_concourse.mp4,178,8.9,14,17.8,-1.22,0.83,1.17,0.045,4.1,12.1,NORMAL,NORMAL,22,140.67
seq_06_steady_concourse.mp4,179,8.95,14,17.8,-1.29,0.89,1.38,0.039,3.3,11.9,NORMAL,NORMAL,22,177.62
seq_06_steady_concourse.mp4,180,9.0,14,17.8,-1.27,0.86,1.49,0.079,7.3,11.6,NORMAL,NORMAL,22,148.19
seq_06_steady_concourse.mp4,181,9.05,14,17.1,-1.94,1.8,10.74,0.04,4.4,11.5,NORMAL,NORMAL,22,176.73
seq_06_steady_concourse.mp4,182,9.1,14,17.1,-1.61,0.92,1.56,0.047,4.2,11.5,NORMAL,NORMAL,22,141.6
seq_06_steady_concourse.mp4,183,9.15,14,17.1,-1.66,0.96,1.67,0.038,3.4,11.3,NORMAL,NORMAL,22,147.51
seq_06_steady_concourse.mp4,184,9.2,14,17.1,-2.0,0.87,1.39,0.08,7.0,11.0,NORMAL,NORMAL,22,145.47
seq_06_steady_concourse.mp4,185,9.25,14,17.1,-1.99,0.91,1.5,0.009,0.7,11.0,NORMAL,NORMAL,22,150.16
seq_06_steady_concourse.mp4,186,9.3,14,17.1,-0.61,0.98,1.66,0.069,5.7,11.0,NORMAL,NORMAL,22,148.16
seq_06_steady_concourse.mp4,187,9.35,14,17.1,-0.66,0.87,1.53,0.041,3.8,11.0,NORMAL,NORMAL,22,163.25
seq_06_steady_concourse.mp4,188,9.4,14,17.1,-0.62,0.94,1.44,0.036,3.3,11.0,NORMAL,NORMAL,22,185.88
seq_06_steady_concourse.mp4,189,9.45,14,17.2,-0.61,0.91,1.68,0.072,6.5,10.9,NORMAL,NORMAL,22,163.54
seq_06_steady_concourse.mp4,190,9.5,14,17.2,0.06,0.87,1.6,0.018,1.7,10.9,NORMAL,NORMAL,22,165.31
seq_06_steady_concourse.mp4,191,9.55,14,17.2,0.08,0.93,1.43,0.068,6.0,10.9,NORMAL,NORMAL,22,179.06
seq_06_steady_concourse.mp4,192,9.6,14,17.2,0.09,0.82,1.18,0.063,6.0,10.9,NORMAL,NORMAL,22,182.74
seq_06_steady_concourse.mp4,193,9.65,14,17.2,0.06,0.91,1.45,0.044,3.7,10.9,NORMAL,NORMAL,22,220.23
seq_06_steady_concourse.mp4,194,9.7,14,17.2,0.06,0.88,1.4,0.032,3.6,10.9,NORMAL,NORMAL,22,280.24
seq_06_steady_concourse.mp4,195,9.75,14,17.2,0.1,0.87,1.38,0.044,4.4,10.9,NORMAL,NORMAL,22,216.67
seq_06_steady_concourse.mp4,196,9.8,14,17.2,0.09,0.87,1.47,0.039,3.9,10.9,NORMAL,NORMAL,22,183.77
seq_06_steady_concourse.mp4,197,9.85,14,17.2,0.08,0.84,1.28,0.064,5.6,10.9,NORMAL,NORMAL,22,163.74
seq_06_steady_concourse.mp4,198,9.9,15,17.7,0.52,0.85,1.26,0.063,6.4,10.9,NORMAL,NORMAL,22,150.68
seq_06_steady_concourse.mp4,199,9.95,15,17.7,0.51,0.86,1.25,0.094,8.4,11.1,NORMAL,NORMAL,22,217.53
seq_07_panic_dispersion_a.mp4,0,0.0,16,22.3,5.08,8.45,24.26,0.875,74.3,15.4,NORMAL,NORMAL,22,160.13
seq_07_panic_dispersion_a.mp4,1,0.05,16,22.5,5.3,0.98,1.87,0.901,89.0,16.2,NORMAL,NORMAL,22,143.95
seq_07_panic_dispersion_a.mp4,2,0.1,17,22.5,5.27,0.95,1.77,0.805,78.4,17.0,NORMAL,NORMAL,22,147.37
seq_07_panic_dispersion_a.mp4,3,0.15,17,22.5,5.35,0.96,1.51,0.949,93.2,17.8,NORMAL,NORMAL,22,151.25
seq_07_panic_dispersion_a.mp4,4,0.2,18,23.2,5.98,0.93,1.88,0.917,88.3,18.7,NORMAL,NORMAL,22,148.11
seq_07_panic_dispersion_a.mp4,5,0.25,19,23.7,6.44,0.95,2.2,0.908,84.9,19.6,NORMAL,NORMAL,22,236.63
seq_07_panic_dispersion_a.mp4,6,0.3,19,23.8,6.58,0.97,1.84,0.92,90.1,20.5,NORMAL,NORMAL,22,154.85
seq_07_panic_dispersion_a.mp4,7,0.35,19,24.0,6.32,0.98,1.85,0.842,83.8,21.4,NORMAL,NORMAL,22,154.25
seq_07_panic_dispersion_a.mp4,8,0.4,19,24.0,6.36,0.9,1.54,0.792,74.1,22.1,NORMAL,NORMAL,22,152.76
seq_07_panic_dispersion_a.mp4,9,0.45,19,24.6,2.31,0.98,1.69,0.835,84.5,18.3,NORMAL,NORMAL,22,174.19
seq_07_panic_dispersion_a.mp4,10,0.5,20,24.6,2.08,0.93,1.63,0.96,95.8,17.9,NORMAL,NORMAL,22,149.51
seq_07_panic_dispersion_a.mp4,11,0.55,18,23.4,0.96,0.83,1.64,0.8,78.8,17.6,NORMAL,NORMAL,22,152.93
seq_07_panic_dispersion_a.mp4,12,0.6,18,23.2,0.64,0.96,1.57,0.862,80.7,17.2,NORMAL,NORMAL,22,148.4
seq_07_panic_dispersion_a.mp4,13,0.65,18,23.0,-0.23,0.99,1.68,0.873,83.0,17.5,NORMAL,NORMAL,22,139.89
seq_07_panic_dispersion_a.mp4,14,0.7,18,22.7,-0.92,0.95,1.62,0.842,84.4,17.7,NORMAL,NORMAL,22,148.26
seq_07_panic_dispersion_a.mp4,15,0.75,17,21.0,-2.77,0.94,1.6,0.904,86.0,17.9,NORMAL,NORMAL,22,179.28
seq_07_panic_dispersion_a.mp4,16,0.8,18,22.7,-1.25,0.92,1.77,0.883,88.2,18.2,NORMAL,NORMAL,22,154.42
seq_07_panic_dispersion_a.mp4,17,0.85,18,23.3,-0.71,0.94,1.53,0.828,84.0,18.4,NORMAL,NORMAL,22,157.03
seq_07_panic_dispersion_a.mp4,18,0.9,17,22.8,-1.75,0.96,1.82,0.872,88.3,18.7,NORMAL,NORMAL,22,156.92
seq_07_panic_dispersion_a.mp4,19,0.95,18,23.0,-1.53,0.94,1.69,0.884,87.4,19.2,NORMAL,NORMAL,22,158.86
seq_07_panic_dispersion_a.mp4,20,1.0,18,23.0,-0.44,0.96,2.1,0.83,78.2,19.7,NORMAL,NORMAL,22,150.9
seq_07_panic_dispersion_a.mp4,21,1.05,18,22.9,-0.3,1.02,1.88,0.89,85.8,20.4,NORMAL,NORMAL,22,181.96
seq_07_panic_dispersion_a.mp4,22,1.1,18,22.8,-0.18,0.91,1.67,0.858,86.4,20.8,NORMAL,NORMAL,22,152.25
seq_07_panic_dispersion_a.mp4,23,1.15,17,22.7,-0.01,0.91,1.6,0.876,86.6,21.3,NORMAL,NORMAL,22,159.26
seq_07_panic_dispersion_a.mp4,24,1.2,17,22.5,1.5,0.86,1.6,0.787,77.4,21.7,NORMAL,NORMAL,22,155.89
seq_07_panic_dispersion_a.mp4,25,1.25,18,22.8,0.07,0.94,1.72,0.922,96.8,22.3,NORMAL,NORMAL,22,172.89
seq_07_panic_dispersion_a.mp4,26,1.3,17,22.8,-0.51,0.92,2.37,0.798,75.3,22.7,NORMAL,NORMAL,22,168.64
seq_07_panic_dispersion_a.mp4,27,1.35,17,22.5,-0.29,0.93,1.56,0.838,84.2,23.2,NORMAL,NORMAL,22,181.68
seq_07_panic_dispersion_a.mp4,28,1.4,17,22.2,-0.84,0.95,1.84,0.865,87.7,23.8,NORMAL,NORMAL,22,141.71
seq_07_panic_dispersion_a.mp4,29,1.45,17,22.1,-0.93,0.93,1.65,0.867,84.4,24.3,NORMAL,NORMAL,22,157.24
seq_07_panic_dispersion_a.mp4,30,1.5,17,21.9,-1.0,0.94,1.59,0.927,91.3,24.9,NORMAL,NORMAL,22,147.95
seq_07_panic_dispersion_a.mp4,31,1.55,17,21.7,-1.07,0.93,1.69,0.881,87.5,25.4,NORMAL,NORMAL,22,144.78
seq_07_panic_dispersion_a.mp4,32,1.6,17,21.6,-1.13,0.99,1.89,0.888,89.8,25.8,NORMAL,NORMAL,22,133.72
seq_07_panic_dispersion_a.mp4,33,1.65,17,21.5,-0.99,0.88,1.64,0.805,75.9,26.3,NORMAL,NORMAL,22,176.13
seq_07_panic_dispersion_a.mp4,34,1.7,17,21.4,-1.41,0.98,1.92,0.913,94.7,26.9,NORMAL,NORMAL,22,152.15
seq_07_panic_dispersion_a.mp4,35,1.75,17,21.3,-1.48,0.97,1.9,0.807,83.9,27.4,NORMAL,NORMAL,22,148.8
seq_07_panic_dispersion_a.mp4,36,1.8,17,21.4,-1.16,0.91,1.95,0.891,86.1,27.9,NORMAL,NORMAL,22,137.58
seq_07_panic_dispersion_a.mp4,37,1.85,17,21.4,-0.83,0.91,1.51,0.804,77.8,28.4,NORMAL,NORMAL,22,146.35
seq_07_panic_dispersion_a.mp4,38,1.9,16,20.0,-2.02,1.35,9.93,0.896,71.0,29.3,NORMAL,NORMAL,22,143.66
seq_07_panic_dispersion_a.mp4,39,1.95,17,20.5,-1.33,0.9,1.6,0.882,84.5,29.8,NORMAL,NORMAL,22,190.39
seq_07_panic_dispersion_a.mp4,40,2.0,17,20.7,-1.05,0.98,1.8,0.841,80.7,30.4,NORMAL,NORMAL,22,174.89
seq_07_panic_dispersion_a.mp4,41,2.05,17,20.9,-0.75,1.01,1.9,0.889,85.3,30.9,NORMAL,NORMAL,22,143.93
seq_07_panic_dispersion_a.mp4,42,2.1,17,20.6,-0.94,0.94,1.71,0.987,94.2,31.5,WARNING,NORMAL,22,149.93
seq_07_panic_dispersion_a.mp4,43,2.15,17,20.7,-0.74,0.94,1.91,0.776,71.8,31.9,WARNING,NORMAL,22,141.12
seq_07_panic_dispersion_a.mp4,44,2.2,17,20.7,-0.59,0.99,1.82,0.887,91.2,32.4,WARNING,NORMAL,22,144.2
seq_07_panic_dispersion_a.mp4,45,2.25,15,19.7,-1.65,1.33,9.78,0.975,85.1,33.3,WARNING,NORMAL,22,146.77
seq_07_panic_dispersion_a.mp4,46,2.3,14,19.9,-1.49,0.97,1.66,0.8,75.4,33.8,WARNING,NORMAL,22,155.92
seq_07_panic_dispersion_a.mp4,47,2.35,14,19.7,-0.37,0.9,1.71,0.913,93.6,34.0,WARNING,NORMAL,22,175.44
seq_07_panic_dispersion_a.mp4,48,2.4,14,19.5,-1.0,0.93,1.73,0.762,76.8,34.1,WARNING,NORMAL,22,147.95
seq_07_panic_dispersion_a.mp4,49,2.45,14,19.4,-1.28,0.98,1.89,0.854,88.2,34.7,WARNING,NORMAL,22,147.68
seq_07_panic_dispersion_a.mp4,50,2.5,14,19.3,-1.57,0.89,1.41,0.825,83.9,35.1,WARNING,NORMAL,22,137.47
seq_07_panic_dispersion_a.mp4,51,2.55,14,19.1,-1.48,0.94,1.59,0.863,86.3,35.5,WARNING,NORMAL,22,159.75
seq_07_panic_dispersion_a.mp4,52,2.6,15,19.6,-1.1,0.94,1.65,0.768,76.0,36.0,WARNING,NORMAL,22,162.12
seq_07_panic_dispersion_a.mp4,53,2.65,16,19.4,-1.32,0.96,1.65,0.806,74.4,36.4,WARNING,NORMAL,22,157.48
seq_07_panic_dispersion_a.mp4,54,2.7,16,19.4,-0.28,0.98,1.96,0.801,78.0,36.9,WARNING,NORMAL,22,150.89
seq_07_panic_dispersion_a.mp4,55,2.75,16,19.6,-0.3,1.03,1.95,0.825,85.2,37.4,WARNING,NORMAL,22,146.44
seq_07_panic_dispersion_a.mp4,56,2.8,16,19.7,0.07,0.9,1.82,0.773,73.5,37.9,WARNING,NORMAL,22,162.45
seq_07_panic_dispersion_a.mp4,57,2.85,15,19.5,-0.06,1.01,1.81,0.864,86.4,38.3,WARNING,NORMAL,22,161.34
seq_07_panic_dispersion_a.mp4,58,2.9,15,19.4,0.0,0.92,1.62,0.906,94.1,38.8,WARNING,NORMAL,22,194.03
seq_07_panic_dispersion_a.mp4,59,2.95,16,19.7,0.39,0.99,1.71,0.831,80.6,39.2,WARNING,NORMAL,22,157.02
seq_07_panic_dispersion_a.mp4,60,3.0,15,18.9,-0.21,1.46,11.15,0.752,55.4,39.8,WARNING,NORMAL,22,151.6
seq_07_panic_dispersion_a.mp4,61,3.05,15,18.9,-0.66,0.93,2.08,0.959,88.7,40.4,WARNING,NORMAL,22,152.63
seq_07_panic_dispersion_a.mp4,62,3.1,15,18.6,-0.79,1.1,5.51,0.78,66.1,40.9,WARNING,NORMAL,22,158.28
seq_07_panic_dispersion_a.mp4,63,3.15,15,17.7,-1.71,1.18,5.61,0.907,88.9,41.7,WARNING,NORMAL,22,150.61
seq_07_panic_dispersion_a.mp4,64,3.2,16,18.3,-1.29,0.96,1.95,0.822,80.6,42.4,WARNING,NORMAL,22,180.28
seq_07_panic_dispersion_a.mp4,65,3.25,15,18.2,-1.55,0.96,1.73,0.747,69.2,42.8,WARNING,NORMAL,22,155.2
seq_07_panic_dispersion_a.mp4,66,3.3,14,18.1,-1.35,0.95,1.85,0.705,66.2,43.2,WARNING,NORMAL,22,143.59
seq_07_panic_dispersion_a.mp4,67,3.35,14,18.1,-1.28,0.9,1.73,0.826,86.9,43.6,WARNING,NORMAL,22,151.24
seq_07_panic_dispersion_a.mp4,68,3.4,14,18.1,-1.55,0.97,1.85,0.926,92.3,44.2,WARNING,NORMAL,22,145.69
seq_07_panic_dispersion_a.mp4,69,3.45,14,18.2,-0.74,0.96,1.62,0.854,81.1,44.2,WARNING,NORMAL,22,185.45
seq_07_panic_dispersion_a.mp4,70,3.5,15,18.1,-0.78,0.91,1.73,0.799,84.4,44.5,WARNING,NORMAL,22,171.63
seq_07_panic_dispersion_a.mp4,71,3.55,15,18.1,-0.57,0.95,1.61,0.818,83.5,45.0,WARNING,NORMAL,22,147.54
seq_07_panic_dispersion_a.mp4,72,3.6,15,17.9,0.2,1.01,1.68,0.876,84.5,45.5,WARNING,NORMAL,22,163.55
seq_07_panic_dispersion_a.mp4,73,3.65,15,17.9,-0.43,0.95,1.83,0.83,84.5,46.0,WARNING,NORMAL,22,147.2
seq_07_panic_dispersion_a.mp4,74,3.7,14,16.8,-1.41,1.22,6.91,0.877,90.0,46.4,WARNING,NORMAL,22,140.18
seq_07_panic_dispersion_a.mp4,75,3.75,14,16.8,-1.3,0.87,1.56,0.658,65.8,46.7,WARNING,NORMAL,22,142.15
seq_07_panic_dispersion_a.mp4,76,3.8,14,16.9,-1.24,0.99,1.54,0.92,89.3,47.2,WARNING,NORMAL,22,168.44
seq_07_panic_dispersion_a.mp4,77,3.85,14,16.9,-1.2,0.94,2.01,0.688,61.4,47.5,WARNING,NORMAL,22,152.63
seq_07_panic_dispersion_a.mp4,78,3.9,14,17.0,-1.13,0.95,1.63,0.834,84.2,48.0,WARNING,NORMAL,22,151.12
seq_07_panic_dispersion_a.mp4,79,3.95,13,16.5,-1.65,1.77,16.53,0.725,40.8,49.0,WARNING,NORMAL,22,157.75
seq_07_panic_dispersion_a.mp4,80,4.0,14,16.2,-1.83,3.26,4.3,0.934,93.4,51.5,HIGH RISK,CRITICAL,22,158.4
seq_07_panic_dispersion_a.mp4,81,4.05,13,15.4,-2.56,3.67,14.23,0.9,84.2,54.3,HIGH RISK,CRITICAL,22,167.9
seq_07_panic_dispersion_a.mp4,82,4.1,13,15.5,-2.39,3.22,4.48,0.873,83.6,56.9,HIGH RISK,CRITICAL,22,178.77
seq_07_panic_dispersion_a.mp4,83,4.15,12,14.5,-2.26,3.4,9.99,0.899,88.8,59.3,HIGH RISK,CRITICAL,22,142.08
seq_07_panic_dispersion_a.mp4,84,4.2,12,14.5,-2.35,3.37,4.56,0.945,95.3,61.7,HIGH RISK,CRITICAL,22,151.39
seq_07_panic_dispersion_a.mp4,85,4.25,13,14.6,-2.31,3.1,4.19,0.921,91.5,64.1,HIGH RISK,CRITICAL,22,160.38
seq_07_panic_dispersion_a.mp4,86,4.3,12,13.5,-3.44,3.29,5.48,0.926,89.8,66.6,HIGH RISK,CRITICAL,22,154.95
seq_07_panic_dispersion_a.mp4,87,4.35,12,13.5,-3.56,3.21,4.28,0.987,93.5,69.1,HIGH RISK,CRITICAL,22,152.65
seq_07_panic_dispersion_a.mp4,88,4.4,12,13.5,-2.98,3.23,4.62,0.954,98.1,70.9,HIGH RISK,CRITICAL,22,177.37
seq_07_panic_dispersion_a.mp4,89,4.45,12,13.5,-2.77,3.16,4.36,0.979,98.5,70.8,HIGH RISK,CRITICAL,22,146.19
seq_07_panic_dispersion_a.mp4,90,4.5,12,13.5,-1.9,3.12,4.38,0.944,91.1,69.0,HIGH RISK,CRITICAL,22,143.96
seq_07_panic_dispersion_a.mp4,91,4.55,11,12.3,-3.17,3.58,15.8,0.942,92.0,67.7,HIGH RISK,CRITICAL,22,166.16
seq_07_panic_dispersion_a.mp4,92,4.6,10,10.9,-3.56,3.34,8.52,0.984,97.8,66.4,HIGH RISK,CRITICAL,22,157.5
seq_07_panic_dispersion_a.mp4,93,4.65,9,10.1,-4.39,3.24,6.83,0.937,92.2,65.2,HIGH RISK,CRITICAL,22,145.12
seq_07_panic_dispersion_a.mp4,94,4.7,9,10.1,-4.52,3.22,4.45,0.903,85.1,63.8,HIGH RISK,CRITICAL,22,195.32
seq_07_panic_dispersion_a.mp4,95,4.75,8,9.0,-4.51,3.97,18.9,0.838,67.0,63.1,HIGH RISK,CRITICAL,22,155.31
seq_07_panic_dispersion_a.mp4,96,4.8,8,9.0,-4.51,3.08,4.11,0.83,86.4,61.6,HIGH RISK,CRITICAL,22,139.46
seq_07_panic_dispersion_a.mp4,97,4.85,7,8.0,-5.5,3.34,9.45,0.822,80.8,60.4,HIGH RISK,CRITICAL,22,147.31
seq_07_panic_dispersion_a.mp4,98,4.9,7,8.0,-5.5,3.15,4.27,0.89,81.1,59.7,HIGH RISK,CRITICAL,22,139.6
seq_07_panic_dispersion_a.mp4,99,4.95,7,7.9,-5.51,3.19,4.29,0.873,91.4,60.4,HIGH RISK,CRITICAL,22,165.92
seq_07_panic_dispersion_a.mp4,100,5.0,6,6.6,-5.66,4.06,14.71,0.861,84.3,61.1,HIGH RISK,CRITICAL,22,166.72
seq_07_panic_dispersion_a.mp4,101,5.05,5,5.6,-5.3,6.69,37.0,0.811,45.8,63.5,HIGH RISK,CRITICAL,22,140.01
seq_07_panic_dispersion_a.mp4,102,5.1,5,5.4,-4.68,2.96,4.11,0.668,61.1,63.2,HIGH RISK,CRITICAL,22,144.51
seq_07_panic_dispersion_a.mp4,103,5.15,3,3.3,-6.74,7.21,18.01,0.757,83.7,66.6,HIGH RISK,CRITICAL,22,140.78
seq_07_panic_dispersion_a.mp4,104,5.2,3,3.3,-5.67,3.17,4.16,0.193,18.8,65.4,HIGH RISK,CRITICAL,22,147.75
seq_07_panic_dispersion_a.mp4,105,5.25,2,2.2,-6.76,4.22,14.11,0.426,42.0,65.5,HIGH RISK,CRITICAL,22,185.61
seq_07_panic_dispersion_a.mp4,106,5.3,2,2.2,-5.77,3.63,4.47,0.135,13.3,65.4,HIGH RISK,CRITICAL,22,141.03
seq_07_panic_dispersion_a.mp4,107,5.35,2,2.2,-5.75,3.01,4.01,0.219,21.5,64.8,HIGH RISK,CRITICAL,22,142.75
seq_07_panic_dispersion_a.mp4,108,5.4,2,2.2,-5.73,2.89,3.58,0.304,29.2,64.3,HIGH RISK,CRITICAL,22,149.24
seq_07_panic_dispersion_a.mp4,109,5.45,2,2.2,-4.42,2.65,3.3,0.289,28.7,62.7,HIGH RISK,CRITICAL,22,148.79
seq_07_panic_dispersion_a.mp4,110,5.5,2,2.2,-3.43,3.3,4.25,0.178,17.8,59.0,HIGH RISK,CRITICAL,22,135.04
seq_07_panic_dispersion_a.mp4,111,5.55,2,2.2,-3.18,3.08,4.35,0.198,19.8,56.7,HIGH RISK,CRITICAL,22,142.11
seq_07_panic_dispersion_a.mp4,112,5.6,1,1.0,-2.3,8.73,23.88,0.467,21.6,57.3,HIGH RISK,CRITICAL,22,124.04
seq_07_panic_dispersion_a.mp4,113,5.65,1,1.0,-2.3,3.41,3.87,0.009,0.4,55.9,HIGH RISK,CRITICAL,22,136.8
seq_07_panic_dispersion_a.mp4,114,5.7,1,1.0,-1.2,2.92,3.28,0.015,0.9,55.4,HIGH RISK,CRITICAL,22,147.93
seq_07_panic_dispersion_a.mp4,115,5.75,1,1.0,-1.2,3.12,4.27,0.014,0.8,54.8,HIGH RISK,CRITICAL,22,131.65
seq_07_panic_dispersion_a.mp4,116,5.8,1,1.0,-1.2,3.62,4.82,0.01,0.6,54.3,HIGH RISK,CRITICAL,22,130.52
seq_07_panic_dispersion_a.mp4,117,5.85,1,1.0,-1.23,3.52,4.59,0.01,0.7,53.8,HIGH RISK,CRITICAL,22,133.37
seq_07_panic_dispersion_a.mp4,118,5.9,0,0.0,-2.22,28.14,34.08,0.015,0.1,71.8,HIGH RISK,CRITICAL,22,130.06
seq_07_panic_dispersion_a.mp4,119,5.95,0,0.0,-2.22,0.0,0.0,0.0,0.0,69.6,HIGH RISK,CRITICAL,22,128.1
seq_07_panic_dispersion_a.mp4,120,6.0,0,0.0,-2.22,0.0,0.0,0.0,0.0,69.3,HIGH RISK,CRITICAL,22,130.58
seq_07_panic_dispersion_a.mp4,121,6.05,0,0.0,-1.02,0.0,0.0,0.0,0.0,61.4,HIGH RISK,CRITICAL,22,121.05
seq_07_panic_dispersion_a.mp4,122,6.1,0,0.0,-1.02,0.0,0.0,0.0,0.0,56.8,HIGH RISK,CRITICAL,22,131.29
seq_07_panic_dispersion_a.mp4,123,6.15,0,0.0,-1.02,0.0,0.0,0.0,0.0,53.6,HIGH RISK,CRITICAL,22,122.1
seq_07_panic_dispersion_a.mp4,124,6.2,0,0.0,-1.02,0.0,0.0,0.0,0.0,51.5,HIGH RISK,CRITICAL,22,126.39
seq_07_panic_dispersion_a.mp4,125,6.25,0,0.0,-1.02,0.0,0.0,0.0,0.0,49.5,WARNING,CRITICAL,22,123.56
seq_07_panic_dispersion_a.mp4,126,6.3,0,0.0,-0.98,0.0,0.0,0.0,0.0,48.9,WARNING,CRITICAL,22,124.37
seq_07_panic_dispersion_a.mp4,127,6.35,0,0.0,0.0,0.0,0.0,0.0,0.0,48.4,WARNING,CRITICAL,22,149.36
seq_07_panic_dispersion_a.mp4,128,6.4,0,0.0,0.0,0.0,0.0,0.0,0.0,47.8,WARNING,CRITICAL,22,138.52
seq_07_panic_dispersion_a.mp4,129,6.45,0,0.0,0.0,0.0,0.0,0.0,0.0,47.2,WARNING,CRITICAL,22,121.38
seq_07_panic_dispersion_a.mp4,130,6.5,0,0.0,0.0,0.0,0.0,0.0,0.0,46.5,WARNING,CRITICAL,22,127.17
seq_07_panic_dispersion_a.mp4,131,6.55,0,0.0,0.0,0.0,0.0,0.0,0.0,45.9,WARNING,CRITICAL,22,123.73
seq_07_panic_dispersion_a.mp4,132,6.6,0,0.0,0.0,0.0,0.0,0.0,0.0,45.3,WARNING,CRITICAL,22,123.21
seq_07_panic_dispersion_a.mp4,133,6.65,0,0.0,0.0,0.0,0.0,0.0,0.0,44.7,WARNING,CRITICAL,22,117.39
seq_07_panic_dispersion_a.mp4,134,6.7,0,0.0,0.0,0.0,0.0,0.0,0.0,44.1,WARNING,CRITICAL,22,131.87
seq_07_panic_dispersion_a.mp4,135,6.75,0,0.0,0.0,0.0,0.0,0.0,0.0,43.5,WARNING,CRITICAL,22,138.7
seq_07_panic_dispersion_a.mp4,136,6.8,0,0.0,0.0,0.0,0.0,0.0,0.0,42.9,WARNING,CRITICAL,22,129.34
seq_07_panic_dispersion_a.mp4,137,6.85,0,0.0,0.0,0.0,0.0,0.0,0.0,42.3,WARNING,CRITICAL,22,130.03
seq_07_panic_dispersion_a.mp4,138,6.9,0,0.0,0.0,0.0,0.0,0.0,0.0,41.8,WARNING,CRITICAL,22,129.82
seq_07_panic_dispersion_a.mp4,139,6.95,0,0.0,0.0,0.0,0.0,0.0,0.0,41.2,WARNING,CRITICAL,22,135.4
seq_07_panic_dispersion_a.mp4,140,7.0,0,0.0,0.0,0.0,0.0,0.0,0.0,40.6,WARNING,CRITICAL,22,128.02
seq_07_panic_dispersion_a.mp4,141,7.05,0,0.0,0.0,0.0,0.0,0.0,0.0,40.0,WARNING,CRITICAL,22,144.25
seq_07_panic_dispersion_a.mp4,142,7.1,0,0.0,0.0,0.0,0.0,0.0,0.0,39.3,WARNING,CRITICAL,22,130.77
seq_07_panic_dispersion_a.mp4,143,7.15,0,0.0,0.0,0.0,0.0,0.0,0.0,38.8,WARNING,CRITICAL,22,135.8
seq_07_panic_dispersion_a.mp4,144,7.2,0,0.0,0.0,0.0,0.0,0.0,0.0,38.2,WARNING,CRITICAL,22,132.15
seq_07_panic_dispersion_a.mp4,145,7.25,0,0.0,0.0,0.0,0.0,0.0,0.0,37.5,WARNING,CRITICAL,22,127.81
seq_07_panic_dispersion_a.mp4,146,7.3,0,0.0,0.0,0.0,0.0,0.0,0.0,37.0,WARNING,CRITICAL,22,115.52
seq_07_panic_dispersion_a.mp4,147,7.35,0,0.0,0.0,0.0,0.0,0.0,0.0,36.4,WARNING,CRITICAL,22,124.72
seq_07_panic_dispersion_a.mp4,148,7.4,0,0.0,0.0,0.0,0.0,0.0,0.0,35.8,WARNING,CRITICAL,22,124.0
seq_07_panic_dispersion_a.mp4,149,7.45,0,0.0,0.0,0.0,0.0,0.0,0.0,35.2,WARNING,CRITICAL,22,127.64
seq_07_panic_dispersion_a.mp4,150,7.5,0,0.0,0.0,0.0,0.0,0.0,0.0,34.6,WARNING,CRITICAL,22,118.76
seq_07_panic_dispersion_a.mp4,151,7.55,0,0.0,0.0,0.0,0.0,0.0,0.0,34.0,WARNING,CRITICAL,22,125.63
seq_07_panic_dispersion_a.mp4,152,7.6,0,0.0,0.0,0.0,0.0,0.0,0.0,33.5,WARNING,CRITICAL,22,140.06
seq_07_panic_dispersion_a.mp4,153,7.65,0,0.0,0.0,0.0,0.0,0.0,0.0,33.0,WARNING,CRITICAL,22,131.17
seq_07_panic_dispersion_a.mp4,154,7.7,0,0.0,0.0,0.0,0.0,0.0,0.0,32.4,WARNING,CRITICAL,22,119.98
seq_07_panic_dispersion_a.mp4,155,7.75,0,0.0,0.0,0.0,0.0,0.0,0.0,31.8,WARNING,CRITICAL,22,131.68
seq_07_panic_dispersion_a.mp4,156,7.8,0,0.0,0.0,0.0,0.0,0.0,0.0,31.3,WARNING,CRITICAL,22,128.74
seq_07_panic_dispersion_a.mp4,157,7.85,0,0.0,0.0,0.0,0.0,0.0,0.0,30.7,NORMAL,CRITICAL,22,127.03
seq_07_panic_dispersion_a.mp4,158,7.9,0,0.0,0.0,0.0,0.0,0.0,0.0,30.1,NORMAL,CRITICAL,22,133.74
seq_07_panic_dispersion_a.mp4,159,7.95,0,0.0,0.0,0.0,0.0,0.0,0.0,29.5,NORMAL,CRITICAL,22,123.25
seq_07_panic_dispersion_a.mp4,160,8.0,0,0.0,0.0,0.0,0.0,0.0,0.0,29.0,NORMAL,CRITICAL,22,131.53
seq_07_panic_dispersion_a.mp4,161,8.05,0,0.0,0.0,0.0,0.0,0.0,0.0,28.4,NORMAL,CRITICAL,22,119.24
seq_07_panic_dispersion_a.mp4,162,8.1,0,0.0,0.0,0.0,0.0,0.0,0.0,27.9,NORMAL,CRITICAL,22,148.71
seq_07_panic_dispersion_a.mp4,163,8.15,0,0.0,0.0,0.0,0.0,0.0,0.0,27.3,NORMAL,CRITICAL,22,125.22
seq_07_panic_dispersion_a.mp4,164,8.2,0,0.0,0.0,0.0,0.0,0.0,0.0,26.7,NORMAL,CRITICAL,22,135.37
seq_07_panic_dispersion_a.mp4,165,8.25,0,0.0,0.0,0.0,0.0,0.0,0.0,26.2,NORMAL,CRITICAL,22,136.94
seq_07_panic_dispersion_a.mp4,166,8.3,0,0.0,0.0,0.0,0.0,0.0,0.0,25.7,NORMAL,CRITICAL,22,147.34
seq_07_panic_dispersion_a.mp4,167,8.35,0,0.0,0.0,0.0,0.0,0.0,0.0,25.1,NORMAL,CRITICAL,22,131.93
seq_07_panic_dispersion_a.mp4,168,8.4,0,0.0,0.0,0.0,0.0,0.0,0.0,24.5,NORMAL,CRITICAL,22,129.37
seq_07_panic_dispersion_a.mp4,169,8.45,0,0.0,0.0,0.0,0.0,0.0,0.0,23.9,NORMAL,CRITICAL,22,145.44
seq_07_panic_dispersion_a.mp4,170,8.5,0,0.0,0.0,0.0,0.0,0.0,0.0,23.3,NORMAL,CRITICAL,22,137.15
seq_07_panic_dispersion_a.mp4,171,8.55,0,0.0,0.0,0.0,0.0,0.0,0.0,22.8,NORMAL,CRITICAL,22,139.27
seq_07_panic_dispersion_a.mp4,172,8.6,0,0.0,0.0,0.0,0.0,0.0,0.0,22.2,NORMAL,CRITICAL,22,141.37
seq_07_panic_dispersion_a.mp4,173,8.65,0,0.0,0.0,0.0,0.0,0.0,0.0,21.6,NORMAL,CRITICAL,22,122.32
seq_07_panic_dispersion_a.mp4,174,8.7,0,0.0,0.0,0.0,0.0,0.0,0.0,21.0,NORMAL,CRITICAL,22,123.67
seq_07_panic_dispersion_a.mp4,175,8.75,0,0.0,0.0,0.0,0.0,0.0,0.0,20.5,NORMAL,CRITICAL,22,124.61
seq_07_panic_dispersion_a.mp4,176,8.8,0,0.0,0.0,0.0,0.0,0.0,0.0,19.9,NORMAL,CRITICAL,22,137.56
seq_07_panic_dispersion_a.mp4,177,8.85,0,0.0,0.0,0.0,0.0,0.0,0.0,19.4,NORMAL,CRITICAL,22,120.92
seq_07_panic_dispersion_a.mp4,178,8.9,0,0.0,0.0,0.0,0.0,0.0,0.0,18.8,NORMAL,CRITICAL,22,120.77
seq_07_panic_dispersion_a.mp4,179,8.95,0,0.0,0.0,0.0,0.0,0.0,0.0,18.4,NORMAL,CRITICAL,22,113.98
seq_07_panic_dispersion_a.mp4,180,9.0,0,0.0,0.0,0.0,0.0,0.0,0.0,17.7,NORMAL,CRITICAL,22,136.86
seq_07_panic_dispersion_a.mp4,181,9.05,0,0.0,0.0,0.0,0.0,0.0,0.0,17.1,NORMAL,CRITICAL,22,122.28
seq_07_panic_dispersion_a.mp4,182,9.1,0,0.0,0.0,0.0,0.0,0.0,0.0,16.5,NORMAL,CRITICAL,22,123.37
seq_07_panic_dispersion_a.mp4,183,9.15,0,0.0,0.0,0.0,0.0,0.0,0.0,15.8,NORMAL,CRITICAL,22,123.65
seq_07_panic_dispersion_a.mp4,184,9.2,0,0.0,0.0,0.0,0.0,0.0,0.0,15.1,NORMAL,CRITICAL,22,138.06
seq_07_panic_dispersion_a.mp4,185,9.25,0,0.0,0.0,0.0,0.0,0.0,0.0,14.4,NORMAL,CRITICAL,22,117.42
seq_07_panic_dispersion_a.mp4,186,9.3,0,0.0,0.0,0.0,0.0,0.0,0.0,13.8,NORMAL,CRITICAL,22,114.36
seq_07_panic_dispersion_a.mp4,187,9.35,0,0.0,0.0,0.0,0.0,0.0,0.0,13.1,NORMAL,CRITICAL,22,112.27
seq_07_panic_dispersion_a.mp4,188,9.4,0,0.0,0.0,0.0,0.0,0.0,0.0,12.4,NORMAL,CRITICAL,22,167.12
seq_07_panic_dispersion_a.mp4,189,9.45,0,0.0,0.0,0.0,0.0,0.0,0.0,11.7,NORMAL,CRITICAL,22,161.48
seq_07_panic_dispersion_a.mp4,190,9.5,0,0.0,0.0,0.0,0.0,0.0,0.0,11.0,NORMAL,CRITICAL,22,158.4
seq_07_panic_dispersion_a.mp4,191,9.55,0,0.0,0.0,0.0,0.0,0.0,0.0,10.3,NORMAL,CRITICAL,22,149.69
seq_07_panic_dispersion_a.mp4,192,9.6,0,0.0,0.0,0.0,0.0,0.0,0.0,9.6,NORMAL,CRITICAL,22,166.46
seq_07_panic_dispersion_a.mp4,193,9.65,0,0.0,0.0,0.0,0.0,0.0,0.0,9.0,NORMAL,CRITICAL,22,144.96
seq_07_panic_dispersion_a.mp4,194,9.7,0,0.0,0.0,0.0,0.0,0.0,0.0,8.3,NORMAL,CRITICAL,22,143.6
seq_07_panic_dispersion_a.mp4,195,9.75,0,0.0,0.0,0.0,0.0,0.0,0.0,7.8,NORMAL,CRITICAL,22,163.5
seq_07_panic_dispersion_a.mp4,196,9.8,0,0.0,0.0,0.0,0.0,0.0,0.0,7.1,NORMAL,CRITICAL,22,158.3
seq_07_panic_dispersion_a.mp4,197,9.85,0,0.0,0.0,0.0,0.0,0.0,0.0,6.5,NORMAL,CRITICAL,22,141.88
seq_07_panic_dispersion_a.mp4,198,9.9,0,0.0,0.0,0.0,0.0,0.0,0.0,5.9,NORMAL,CRITICAL,22,161.66
seq_07_panic_dispersion_a.mp4,199,9.95,0,0.0,0.0,0.0,0.0,0.0,0.0,5.3,NORMAL,CRITICAL,22,148.22
seq_08_panic_dispersion_b.mp4,0,0.0,18,24.9,24.89,4.9,10.69,0.917,88.2,10.3,NORMAL,NORMAL,22,151.53
seq_08_panic_dispersion_b.mp4,1,0.05,17,26.4,26.38,1.04,1.83,0.873,88.2,12.2,NORMAL,NORMAL,22,153.73
seq_08_panic_dispersion_b.mp4,2,0.1,17,26.5,26.5,0.95,1.67,0.944,91.2,14.1,NORMAL,NORMAL,22,159.75
seq_08_panic_dispersion_b.mp4,3,0.15,18,24.8,24.79,0.94,1.84,0.86,83.8,15.7,NORMAL,NORMAL,22,148.66
seq_08_panic_dispersion_b.mp4,4,0.2,18,24.8,24.8,0.96,1.78,0.948,95.3,17.8,NORMAL,NORMAL,22,149.42
seq_08_panic_dispersion_b.mp4,5,0.25,18,24.8,24.81,0.97,1.57,0.919,90.6,20.6,NORMAL,NORMAL,22,145.11
seq_08_panic_dispersion_b.mp4,6,0.3,19,25.0,25.01,0.99,1.85,0.903,87.0,23.6,NORMAL,NORMAL,22,147.35
seq_08_panic_dispersion_b.mp4,7,0.35,20,24.7,24.67,0.96,1.62,0.82,77.5,26.6,NORMAL,NORMAL,22,143.35
seq_08_panic_dispersion_b.mp4,8,0.4,20,24.5,24.54,0.97,2.03,0.939,85.4,29.6,NORMAL,NORMAL,22,152.9
seq_08_panic_dispersion_b.mp4,9,0.45,20,24.4,-0.52,0.99,2.07,0.894,81.3,29.0,NORMAL,NORMAL,22,145.28
seq_08_panic_dispersion_b.mp4,10,0.5,20,24.2,-2.14,1.05,2.34,0.899,88.0,25.4,NORMAL,NORMAL,22,146.07
seq_08_panic_dispersion_b.mp4,11,0.55,20,24.1,-2.36,0.9,1.71,0.871,85.1,22.3,NORMAL,NORMAL,22,154.16
seq_08_panic_dispersion_b.mp4,12,0.6,20,24.1,-0.7,0.97,1.97,0.882,83.4,19.3,NORMAL,NORMAL,22,151.98
seq_08_panic_dispersion_b.mp4,13,0.65,20,24.1,-0.71,0.96,2.06,0.906,87.5,16.6,NORMAL,NORMAL,22,156.32
seq_08_panic_dispersion_b.mp4,14,0.7,20,24.1,-0.69,0.92,1.73,0.843,83.3,13.9,NORMAL,NORMAL,22,161.57
seq_08_panic_dispersion_b.mp4,15,0.75,19,24.0,-0.96,1.05,1.94,0.921,90.7,13.0,NORMAL,NORMAL,22,156.23
seq_08_panic_dispersion_b.mp4,16,0.8,19,24.2,-0.51,0.9,1.83,0.927,91.3,12.7,NORMAL,NORMAL,22,170.59
seq_08_panic_dispersion_b.mp4,17,0.85,18,23.7,-0.86,0.95,1.78,0.933,90.6,12.3,NORMAL,NORMAL,22,182.45
seq_08_panic_dispersion_b.mp4,18,0.9,18,23.7,-0.68,0.94,1.91,0.805,80.6,11.8,NORMAL,NORMAL,22,163.59
seq_08_panic_dispersion_b.mp4,19,0.95,18,23.7,-0.51,0.99,1.84,0.85,82.4,12.4,NORMAL,NORMAL,22,166.98
seq_08_panic_dispersion_b.mp4,20,1.0,17,23.6,-0.58,1.06,1.8,0.895,90.7,13.0,NORMAL,NORMAL,22,165.8
seq_08_panic_dispersion_b.mp4,21,1.05,17,23.5,-0.55,0.98,2.17,0.833,76.5,13.6,NORMAL,NORMAL,22,154.9
seq_08_panic_dispersion_b.mp4,22,1.1,16,23.0,-1.04,0.99,2.1,0.903,81.5,14.2,NORMAL,NORMAL,22,147.27
seq_08_panic_dispersion_b.mp4,23,1.15,16,22.9,-1.19,0.94,1.86,0.788,76.0,14.8,NORMAL,NORMAL,22,146.97
seq_08_panic_dispersion_b.mp4,24,1.2,15,22.9,-1.14,0.92,1.77,0.865,82.4,15.3,NORMAL,NORMAL,22,145.1
seq_08_panic_dispersion_b.mp4,25,1.25,16,22.9,-1.28,0.98,1.79,0.828,87.3,15.9,NORMAL,NORMAL,22,144.63
seq_08_panic_dispersion_b.mp4,26,1.3,15,22.9,-0.81,0.88,1.52,0.956,98.0,16.6,NORMAL,NORMAL,22,138.09
seq_08_panic_dispersion_b.mp4,27,1.35,13,21.2,-2.52,1.7,14.09,0.807,63.3,17.7,NORMAL,NORMAL,22,136.28
seq_08_panic_dispersion_b.mp4,28,1.4,13,21.0,-2.77,0.91,1.73,0.899,85.1,18.3,NORMAL,NORMAL,22,139.35
seq_08_panic_dispersion_b.mp4,29,1.45,13,20.8,-2.74,1.01,1.68,0.857,83.1,18.9,NORMAL,NORMAL,22,142.72
seq_08_panic_dispersion_b.mp4,30,1.5,13,20.8,-2.73,0.91,1.78,0.978,95.4,19.4,NORMAL,NORMAL,22,141.12
seq_08_panic_dispersion_b.mp4,31,1.55,14,21.0,-2.08,0.97,1.77,0.701,67.6,19.9,NORMAL,NORMAL,22,146.48
seq_08_panic_dispersion_b.mp4,32,1.6,14,21.0,-1.98,0.94,1.79,0.733,71.4,20.4,NORMAL,NORMAL,22,141.82
seq_08_panic_dispersion_b.mp4,33,1.65,15,21.0,-1.95,0.97,1.68,0.798,75.1,20.9,NORMAL,NORMAL,22,141.61
seq_08_panic_dispersion_b.mp4,34,1.7,15,20.8,-2.11,1.0,1.79,0.908,85.3,21.7,NORMAL,NORMAL,22,147.12
seq_08_panic_dispersion_b.mp4,35,1.75,15,20.8,-2.08,0.94,2.1,0.77,70.6,22.2,NORMAL,NORMAL,22,147.03
seq_08_panic_dispersion_b.mp4,36,1.8,15,20.8,-0.4,0.91,1.67,0.858,83.6,22.3,NORMAL,NORMAL,22,140.95
seq_08_panic_dispersion_b.mp4,37,1.85,14,19.1,-1.9,0.9,1.6,0.9,89.4,22.9,NORMAL,NORMAL,22,144.73
seq_08_panic_dispersion_b.mp4,38,1.9,14,19.2,-1.6,0.98,1.75,0.903,91.9,23.5,NORMAL,NORMAL,22,138.23
seq_08_panic_dispersion_b.mp4,39,1.95,13,19.7,-1.13,1.02,2.01,0.921,91.1,24.2,NORMAL,NORMAL,22,141.15
seq_08_panic_dispersion_b.mp4,40,2.0,13,21.2,0.19,1.04,1.84,0.906,90.8,24.8,NORMAL,NORMAL,22,148.39
seq_08_panic_dispersion_b.mp4,41,2.05,13,21.2,0.2,0.91,1.53,0.951,92.3,25.4,NORMAL,NORMAL,22,147.9
seq_08_panic_dispersion_b.mp4,42,2.1,14,21.3,0.36,0.97,2.1,0.909,90.1,26.1,NORMAL,NORMAL,22,151.3
seq_08_panic_dispersion_b.mp4,43,2.15,14,21.3,0.49,0.89,1.69,0.765,76.1,26.6,NORMAL,NORMAL,22,154.08
seq_08_panic_dispersion_b.mp4,44,2.2,15,21.4,0.59,1.02,1.88,0.831,83.0,27.2,NORMAL,NORMAL,22,154.92
seq_08_panic_dispersion_b.mp4,45,2.25,15,21.4,0.65,0.97,1.59,0.83,81.2,27.8,NORMAL,NORMAL,22,161.99
seq_08_panic_dispersion_b.mp4,46,2.3,15,21.5,2.48,0.9,1.64,0.949,88.0,28.5,NORMAL,NORMAL,22,157.78
seq_08_panic_dispersion_b.mp4,47,2.35,16,21.4,2.2,1.02,1.9,0.887,86.0,29.3,NORMAL,NORMAL,22,156.32
seq_08_panic_dispersion_b.mp4,48,2.4,17,21.9,2.2,0.92,1.76,0.849,77.4,29.9,NORMAL,NORMAL,22,149.81
seq_08_panic_dispersion_b.mp4,49,2.45,17,21.9,0.69,0.94,1.81,0.974,92.5,30.6,NORMAL,NORMAL,22,143.19
seq_08_panic_dispersion_b.mp4,50,2.5,17,21.9,0.78,0.97,1.93,0.821,86.3,31.2,WARNING,NORMAL,22,149.44
seq_08_panic_dispersion_b.mp4,51,2.55,16,22.2,0.91,0.93,1.5,0.855,83.9,31.8,WARNING,NORMAL,22,149.64
seq_08_panic_dispersion_b.mp4,52,2.6,16,22.1,0.83,0.93,1.66,0.928,87.9,32.5,WARNING,NORMAL,22,143.12
seq_08_panic_dispersion_b.mp4,53,2.65,16,22.2,0.81,1.0,1.79,0.873,84.9,33.1,WARNING,NORMAL,22,145.52
seq_08_panic_dispersion_b.mp4,54,2.7,16,22.2,0.73,0.98,1.52,0.938,91.2,33.7,WARNING,NORMAL,22,140.41
seq_08_panic_dispersion_b.mp4,55,2.75,16,22.1,0.54,0.94,1.73,0.961,89.5,34.4,WARNING,NORMAL,22,149.2
seq_08_panic_dispersion_b.mp4,56,2.8,16,22.0,0.53,0.94,1.81,0.847,82.4,34.9,WARNING,NORMAL,22,150.96
seq_08_panic_dispersion_b.mp4,57,2.85,16,21.9,0.05,0.91,1.64,0.758,76.0,35.3,WARNING,NORMAL,22,145.32
seq_08_panic_dispersion_b.mp4,58,2.9,17,21.9,0.01,1.01,1.67,0.841,80.4,35.8,WARNING,NORMAL,22,141.12
seq_08_panic_dispersion_b.mp4,59,2.95,18,22.3,0.33,1.01,1.79,0.921,88.2,36.6,WARNING,NORMAL,22,149.17
seq_08_panic_dispersion_b.mp4,60,3.0,18,22.3,0.03,0.93,1.95,0.911,88.8,37.1,WARNING,NORMAL,22,141.06
seq_08_panic_dispersion_b.mp4,61,3.05,18,22.2,0.08,0.9,1.7,0.789,77.8,37.6,WARNING,NORMAL,22,152.24
seq_08_panic_dispersion_b.mp4,62,3.1,18,22.2,0.03,0.93,1.7,0.854,79.7,38.1,WARNING,NORMAL,22,146.44
seq_08_panic_dispersion_b.mp4,63,3.15,19,22.6,0.48,0.99,1.69,0.89,87.2,38.7,WARNING,NORMAL,22,144.59
seq_08_panic_dispersion_b.mp4,64,3.2,18,21.9,-0.16,2.43,32.37,0.854,38.7,40.4,WARNING,NORMAL,22,144.74
seq_08_panic_dispersion_b.mp4,65,3.25,18,22.0,0.08,0.98,1.72,0.92,95.3,41.0,WARNING,NORMAL,22,140.17
seq_08_panic_dispersion_b.mp4,66,3.3,18,22.1,0.18,0.94,1.57,0.876,82.3,41.6,WARNING,NORMAL,22,148.67
seq_08_panic_dispersion_b.mp4,67,3.35,16,21.7,-0.18,0.92,1.69,0.85,83.6,42.2,WARNING,NORMAL,22,143.57
seq_08_panic_dispersion_b.mp4,68,3.4,15,21.1,-1.13,0.92,1.79,0.93,90.8,42.6,WARNING,NORMAL,22,142.94
seq_08_panic_dispersion_b.mp4,69,3.45,15,21.0,-1.31,1.07,2.12,0.762,71.0,43.2,WARNING,NORMAL,22,143.45
seq_08_panic_dispersion_b.mp4,70,3.5,16,21.1,-1.06,1.01,1.88,0.884,86.3,43.9,WARNING,NORMAL,22,140.06
seq_08_panic_dispersion_b.mp4,71,3.55,16,21.0,-1.19,0.99,1.73,0.885,83.1,44.6,WARNING,NORMAL,22,136.34
seq_08_panic_dispersion_b.mp4,72,3.6,15,20.7,-1.95,1.01,1.91,0.865,82.4,45.3,WARNING,NORMAL,22,147.2
seq_08_panic_dispersion_b.mp4,73,3.65,15,20.8,-1.1,0.92,1.97,0.842,76.3,44.6,WARNING,NORMAL,22,162.3
seq_08_panic_dispersion_b.mp4,74,3.7,16,21.3,-0.72,0.94,1.64,0.949,91.5,45.1,WARNING,NORMAL,22,170.56
seq_08_panic_dispersion_b.mp4,75,3.75,16,21.5,-0.61,1.01,1.9,0.847,82.3,45.7,WARNING,NORMAL,22,182.05
seq_08_panic_dispersion_b.mp4,76,3.8,16,21.7,-0.03,0.92,1.64,0.93,92.4,46.3,WARNING,NORMAL,22,170.72
seq_08_panic_dispersion_b.mp4,77,3.85,16,22.0,0.82,0.98,1.64,0.893,88.9,46.9,WARNING,NORMAL,22,164.44
seq_08_panic_dispersion_b.mp4,78,3.9,16,22.1,1.13,0.91,1.71,0.929,89.7,47.6,WARNING,NORMAL,22,153.21
seq_08_panic_dispersion_b.mp4,79,3.95,17,22.3,1.18,1.0,1.8,0.901,92.8,48.2,WARNING,NORMAL,22,180.65
seq_08_panic_dispersion_b.mp4,80,4.0,17,22.4,1.39,3.14,4.56,0.977,96.3,49.5,WARNING,CRITICAL,22,174.54
seq_08_panic_dispersion_b.mp4,81,4.05,16,21.6,0.9,3.38,8.9,0.959,87.3,52.1,HIGH RISK,CRITICAL,22,170.27
seq_08_panic_dispersion_b.mp4,82,4.1,16,21.8,0.96,3.19,4.6,0.956,91.1,54.7,HIGH RISK,CRITICAL,22,163.52
seq_08_panic_dispersion_b.mp4,83,4.15,16,20.6,-0.76,4.58,36.45,0.934,66.9,59.5,HIGH RISK,CRITICAL,22,158.93
seq_08_panic_dispersion_b.mp4,84,4.2,16,20.6,-0.84,3.07,4.14,0.911,88.0,61.9,HIGH RISK,CRITICAL,22,170.71
seq_08_panic_dispersion_b.mp4,85,4.25,16,20.5,-1.12,3.22,4.31,0.924,93.5,64.4,HIGH RISK,CRITICAL,22,171.52
seq_08_panic_dispersion_b.mp4,86,4.3,16,20.5,-1.48,3.01,4.13,0.902,88.0,66.7,HIGH RISK,CRITICAL,22,164.23
seq_08_panic_dispersion_b.mp4,87,4.35,16,19.3,-2.83,4.63,32.85,0.944,68.1,70.2,HIGH RISK,CRITICAL,22,152.23
seq_08_panic_dispersion_b.mp4,88,4.4,14,18.3,-4.05,3.4,11.49,0.875,89.6,73.0,HIGH RISK,CRITICAL,22,148.97
seq_08_panic_dispersion_b.mp4,89,4.45,14,18.2,-4.23,3.23,4.38,0.842,83.8,73.7,HIGH RISK,CRITICAL,22,141.04
seq_08_panic_dispersion_b.mp4,90,4.5,14,18.1,-3.5,3.33,4.37,0.826,82.3,72.5,HIGH RISK,CRITICAL,22,143.93
seq_08_panic_dispersion_b.mp4,91,4.55,14,18.0,-3.8,3.11,4.49,0.793,79.8,71.1,HIGH RISK,CRITICAL,22,145.29
seq_08_panic_dispersion_b.mp4,92,4.6,13,16.9,-3.68,3.36,8.72,0.829,80.1,68.8,HIGH RISK,CRITICAL,22,135.03
seq_08_panic_dispersion_b.mp4,93,4.65,13,16.7,-3.91,3.19,4.32,0.857,85.1,66.6,HIGH RISK,CRITICAL,22,135.7
seq_08_panic_dispersion_b.mp4,94,4.7,13,15.9,-4.66,3.29,4.83,0.858,92.2,65.6,HIGH RISK,CRITICAL,22,140.64
seq_08_panic_dispersion_b.mp4,95,4.75,12,14.6,-5.85,3.4,6.35,0.857,85.8,64.7,HIGH RISK,CRITICAL,22,144.69
seq_08_panic_dispersion_b.mp4,96,4.8,12,14.7,-4.53,3.23,4.49,0.915,93.5,62.5,HIGH RISK,CRITICAL,22,138.05
seq_08_panic_dispersion_b.mp4,97,4.85,12,14.8,-3.47,3.23,4.44,0.915,90.4,60.0,HIGH RISK,CRITICAL,22,142.2
seq_08_panic_dispersion_b.mp4,98,4.9,12,14.7,-3.48,3.31,4.67,0.877,88.3,60.5,HIGH RISK,CRITICAL,22,136.52
seq_08_panic_dispersion_b.mp4,99,4.95,11,13.7,-4.34,3.19,8.48,0.922,89.5,61.2,HIGH RISK,CRITICAL,22,149.35
seq_08_panic_dispersion_b.mp4,100,5.0,11,13.7,-4.31,2.97,3.94,0.917,91.3,61.2,HIGH RISK,CRITICAL,22,141.6
seq_08_panic_dispersion_b.mp4,101,5.05,10,11.7,-5.13,3.67,19.07,0.877,70.4,61.1,HIGH RISK,CRITICAL,22,143.38
seq_08_panic_dispersion_b.mp4,102,5.1,10,11.7,-5.03,2.99,4.27,0.949,95.6,61.2,HIGH RISK,CRITICAL,22,137.18
seq_08_panic_dispersion_b.mp4,103,5.15,10,11.6,-4.27,2.86,4.2,0.97,96.6,61.3,HIGH RISK,CRITICAL,22,140.84
seq_08_panic_dispersion_b.mp4,104,5.2,9,10.7,-3.89,4.54,29.53,0.928,62.5,61.2,HIGH RISK,CRITICAL,22,142.18
seq_08_panic_dispersion_b.mp4,105,5.25,9,10.7,-3.99,3.32,4.49,0.956,92.9,61.2,HIGH RISK,CRITICAL,22,141.68
seq_08_panic_dispersion_b.mp4,106,5.3,8,9.5,-5.31,3.45,5.44,0.989,97.7,62.0,HIGH RISK,CRITICAL,22,139.8
seq_08_panic_dispersion_b.mp4,107,5.35,7,7.8,-6.87,3.8,12.79,0.964,85.7,62.6,HIGH RISK,CRITICAL,22,139.25
seq_08_panic_dispersion_b.mp4,108,5.4,5,5.8,-7.99,6.63,36.75,0.83,54.7,65.3,HIGH RISK,CRITICAL,22,130.48
seq_08_panic_dispersion_b.mp4,109,5.45,4,4.7,-9.0,4.35,11.22,0.845,63.9,66.5,HIGH RISK,CRITICAL,22,134.12
seq_08_panic_dispersion_b.mp4,110,5.5,4,4.7,-7.07,3.24,4.22,0.95,87.7,66.3,HIGH RISK,CRITICAL,22,135.98
seq_08_panic_dispersion_b.mp4,111,5.55,3,3.4,-8.33,4.33,11.36,0.939,87.4,67.2,HIGH RISK,CRITICAL,22,136.27
seq_08_panic_dispersion_b.mp4,112,5.6,2,2.2,-9.42,4.91,13.24,0.744,52.8,68.9,HIGH RISK,CRITICAL,22,140.54
seq_08_panic_dispersion_b.mp4,113,5.65,2,2.2,-8.55,3.39,4.18,0.962,95.9,68.4,HIGH RISK,CRITICAL,22,143.45
seq_08_panic_dispersion_b.mp4,114,5.7,2,2.2,-8.55,2.9,4.27,0.885,74.7,67.1,HIGH RISK,CRITICAL,22,147.55
seq_08_panic_dispersion_b.mp4,115,5.75,2,2.2,-7.29,2.85,4.18,0.832,76.6,66.4,HIGH RISK,CRITICAL,22,140.76
seq_08_panic_dispersion_b.mp4,116,5.8,2,2.2,-5.66,3.39,4.72,0.792,76.5,65.8,HIGH RISK,CRITICAL,22,144.64
seq_08_panic_dispersion_b.mp4,117,5.85,1,1.1,-4.68,7.74,16.91,0.832,38.2,66.2,HIGH RISK,CRITICAL,22,144.53
seq_08_panic_dispersion_b.mp4,118,5.9,1,1.1,-3.59,2.73,3.0,0.018,0.9,61.6,HIGH RISK,CRITICAL,22,145.9
seq_08_panic_dispersion_b.mp4,119,5.95,1,1.1,-3.59,3.23,4.14,0.023,1.3,60.1,HIGH RISK,CRITICAL,22,148.74
seq_08_panic_dispersion_b.mp4,120,6.0,1,1.1,-2.3,2.4,3.42,0.039,2.2,59.5,HIGH RISK,CRITICAL,22,141.8
seq_08_panic_dispersion_b.mp4,121,6.05,1,1.1,-1.1,3.1,3.62,0.009,0.5,59.0,HIGH RISK,CRITICAL,22,158.44
seq_08_panic_dispersion_b.mp4,122,6.1,1,1.1,-1.1,3.48,4.32,0.015,0.7,58.5,HIGH RISK,CRITICAL,22,155.11
seq_08_panic_dispersion_b.mp4,123,6.15,1,1.1,-1.1,2.7,2.85,0.01,0.5,58.0,HIGH RISK,CRITICAL,22,154.06
seq_08_panic_dispersion_b.mp4,124,6.2,1,1.1,-1.1,3.05,3.29,0.009,0.5,57.4,HIGH RISK,CRITICAL,22,144.39
seq_08_panic_dispersion_b.mp4,125,6.25,0,0.0,-2.18,25.46,34.11,0.019,0.2,71.7,HIGH RISK,CRITICAL,22,148.45
seq_08_panic_dispersion_b.mp4,126,6.3,0,0.0,-1.09,0.0,0.0,0.0,0.0,65.0,HIGH RISK,CRITICAL,22,143.76
seq_08_panic_dispersion_b.mp4,127,6.35,0,0.0,-1.09,0.0,0.0,0.0,0.0,61.3,HIGH RISK,CRITICAL,22,143.03
seq_08_panic_dispersion_b.mp4,128,6.4,0,0.0,-1.09,0.0,0.0,0.0,0.0,59.4,HIGH RISK,CRITICAL,22,138.56
seq_08_panic_dispersion_b.mp4,129,6.45,0,0.0,-1.09,0.0,0.0,0.0,0.0,56.8,HIGH RISK,CRITICAL,22,142.93
seq_08_panic_dispersion_b.mp4,130,6.5,0,0.0,-1.09,0.0,0.0,0.0,0.0,55.2,HIGH RISK,CRITICAL,22,137.59
seq_08_panic_dispersion_b.mp4,131,6.55,0,0.0,-1.09,0.0,0.0,0.0,0.0,53.8,HIGH RISK,CRITICAL,22,138.77
seq_08_panic_dispersion_b.mp4,132,6.6,0,0.0,-1.09,0.0,0.0,0.0,0.0,53.3,HIGH RISK,CRITICAL,22,143.53
seq_08_panic_dispersion_b.mp4,133,6.65,0,0.0,-1.09,0.0,0.0,0.0,0.0,52.7,HIGH RISK,CRITICAL,22,135.94
seq_08_panic_dispersion_b.mp4,134,6.7,0,0.0,0.0,0.0,0.0,0.0,0.0,52.1,HIGH RISK,CRITICAL,22,135.53
seq_08_panic_dispersion_b.mp4,135,6.75,0,0.0,0.0,0.0,0.0,0.0,0.0,51.6,HIGH RISK,CRITICAL,22,148.82
seq_08_panic_dispersion_b.mp4,136,6.8,0,0.0,0.0,0.0,0.0,0.0,0.0,51.0,HIGH RISK,CRITICAL,22,142.54
seq_08_panic_dispersion_b.mp4,137,6.85,0,0.0,0.0,0.0,0.0,0.0,0.0,50.4,WARNING,CRITICAL,22,142.03
seq_08_panic_dispersion_b.mp4,138,6.9,0,0.0,0.0,0.0,0.0,0.0,0.0,49.8,WARNING,CRITICAL,22,139.05
seq_08_panic_dispersion_b.mp4,139,6.95,0,0.0,0.0,0.0,0.0,0.0,0.0,49.1,WARNING,CRITICAL,22,139.51
seq_08_panic_dispersion_b.mp4,140,7.0,0,0.0,0.0,0.0,0.0,0.0,0.0,48.5,WARNING,CRITICAL,22,141.94
seq_08_panic_dispersion_b.mp4,141,7.05,0,0.0,0.0,0.0,0.0,0.0,0.0,47.8,WARNING,CRITICAL,22,143.16
seq_08_panic_dispersion_b.mp4,142,7.1,0,0.0,0.0,0.0,0.0,0.0,0.0,47.2,WARNING,CRITICAL,22,134.17
seq_08_panic_dispersion_b.mp4,143,7.15,0,0.0,0.0,0.0,0.0,0.0,0.0,46.7,WARNING,CRITICAL,22,140.96
seq_08_panic_dispersion_b.mp4,144,7.2,0,0.0,0.0,0.0,0.0,0.0,0.0,46.1,WARNING,CRITICAL,22,135.06
seq_08_panic_dispersion_b.mp4,145,7.25,0,0.0,0.0,0.0,0.0,0.0,0.0,45.5,WARNING,CRITICAL,22,138.35
seq_08_panic_dispersion_b.mp4,146,7.3,0,0.0,0.0,0.0,0.0,0.0,0.0,44.9,WARNING,CRITICAL,22,141.83
seq_08_panic_dispersion_b.mp4,147,7.35,0,0.0,0.0,0.0,0.0,0.0,0.0,44.3,WARNING,CRITICAL,22,144.91
seq_08_panic_dispersion_b.mp4,148,7.4,0,0.0,0.0,0.0,0.0,0.0,0.0,43.7,WARNING,CRITICAL,22,140.45
seq_08_panic_dispersion_b.mp4,149,7.45,0,0.0,0.0,0.0,0.0,0.0,0.0,43.0,WARNING,CRITICAL,22,142.21
seq_08_panic_dispersion_b.mp4,150,7.5,0,0.0,0.0,0.0,0.0,0.0,0.0,42.5,WARNING,CRITICAL,22,147.85
seq_08_panic_dispersion_b.mp4,151,7.55,0,0.0,0.0,0.0,0.0,0.0,0.0,41.9,WARNING,CRITICAL,22,142.93
seq_08_panic_dispersion_b.mp4,152,7.6,0,0.0,0.0,0.0,0.0,0.0,0.0,41.2,WARNING,CRITICAL,22,139.32
seq_08_panic_dispersion_b.mp4,153,7.65,0,0.0,0.0,0.0,0.0,0.0,0.0,40.6,WARNING,CRITICAL,22,147.51
seq_08_panic_dispersion_b.mp4,154,7.7,0,0.0,0.0,0.0,0.0,0.0,0.0,40.0,WARNING,CRITICAL,22,146.11
seq_08_panic_dispersion_b.mp4,155,7.75,0,0.0,0.0,0.0,0.0,0.0,0.0,39.3,WARNING,CRITICAL,22,148.67
seq_08_panic_dispersion_b.mp4,156,7.8,0,0.0,0.0,0.0,0.0,0.0,0.0,38.8,WARNING,CRITICAL,22,137.45
seq_08_panic_dispersion_b.mp4,157,7.85,0,0.0,0.0,0.0,0.0,0.0,0.0,38.2,WARNING,CRITICAL,22,136.18
seq_08_panic_dispersion_b.mp4,158,7.9,0,0.0,0.0,0.0,0.0,0.0,0.0,37.6,WARNING,CRITICAL,22,132.94
seq_08_panic_dispersion_b.mp4,159,7.95,0,0.0,0.0,0.0,0.0,0.0,0.0,37.0,WARNING,CRITICAL,22,141.35
seq_08_panic_dispersion_b.mp4,160,8.0,0,0.0,0.0,0.0,0.0,0.0,0.0,36.4,WARNING,CRITICAL,22,145.34
seq_08_panic_dispersion_b.mp4,161,8.05,0,0.0,0.0,0.0,0.0,0.0,0.0,35.8,WARNING,CRITICAL,22,140.4
seq_08_panic_dispersion_b.mp4,162,8.1,0,0.0,0.0,0.0,0.0,0.0,0.0,35.3,WARNING,CRITICAL,22,144.24
seq_08_panic_dispersion_b.mp4,163,8.15,0,0.0,0.0,0.0,0.0,0.0,0.0,34.6,WARNING,CRITICAL,22,141.93
seq_08_panic_dispersion_b.mp4,164,8.2,0,0.0,0.0,0.0,0.0,0.0,0.0,34.2,WARNING,CRITICAL,22,142.98
seq_08_panic_dispersion_b.mp4,165,8.25,0,0.0,0.0,0.0,0.0,0.0,0.0,33.5,WARNING,CRITICAL,22,142.35
seq_08_panic_dispersion_b.mp4,166,8.3,0,0.0,0.0,0.0,0.0,0.0,0.0,32.9,WARNING,CRITICAL,22,149.27
seq_08_panic_dispersion_b.mp4,167,8.35,0,0.0,0.0,0.0,0.0,0.0,0.0,32.3,WARNING,CRITICAL,22,153.29
seq_08_panic_dispersion_b.mp4,168,8.4,0,0.0,0.0,0.0,0.0,0.0,0.0,31.7,WARNING,CRITICAL,22,149.97
seq_08_panic_dispersion_b.mp4,169,8.45,0,0.0,0.0,0.0,0.0,0.0,0.0,31.2,WARNING,CRITICAL,22,153.07
seq_08_panic_dispersion_b.mp4,170,8.5,0,0.0,0.0,0.0,0.0,0.0,0.0,30.6,NORMAL,CRITICAL,22,158.27
seq_08_panic_dispersion_b.mp4,171,8.55,0,0.0,0.0,0.0,0.0,0.0,0.0,30.0,NORMAL,CRITICAL,22,144.38
seq_08_panic_dispersion_b.mp4,172,8.6,0,0.0,0.0,0.0,0.0,0.0,0.0,29.4,NORMAL,CRITICAL,22,151.3
seq_08_panic_dispersion_b.mp4,173,8.65,0,0.0,0.0,0.0,0.0,0.0,0.0,28.8,NORMAL,CRITICAL,22,149.29
seq_08_panic_dispersion_b.mp4,174,8.7,0,0.0,0.0,0.0,0.0,0.0,0.0,28.2,NORMAL,CRITICAL,22,148.49
seq_08_panic_dispersion_b.mp4,175,8.75,0,0.0,0.0,0.0,0.0,0.0,0.0,27.6,NORMAL,CRITICAL,22,149.63
seq_08_panic_dispersion_b.mp4,176,8.8,0,0.0,0.0,0.0,0.0,0.0,0.0,27.0,NORMAL,CRITICAL,22,152.25
seq_08_panic_dispersion_b.mp4,177,8.85,0,0.0,0.0,0.0,0.0,0.0,0.0,26.3,NORMAL,CRITICAL,22,148.38
seq_08_panic_dispersion_b.mp4,178,8.9,0,0.0,0.0,0.0,0.0,0.0,0.0,25.7,NORMAL,CRITICAL,22,146.09
seq_08_panic_dispersion_b.mp4,179,8.95,0,0.0,0.0,0.0,0.0,0.0,0.0,25.1,NORMAL,CRITICAL,22,143.36
seq_08_panic_dispersion_b.mp4,180,9.0,0,0.0,0.0,0.0,0.0,0.0,0.0,24.4,NORMAL,CRITICAL,22,149.65
seq_08_panic_dispersion_b.mp4,181,9.05,0,0.0,0.0,0.0,0.0,0.0,0.0,23.7,NORMAL,CRITICAL,22,149.37
seq_08_panic_dispersion_b.mp4,182,9.1,0,0.0,0.0,0.0,0.0,0.0,0.0,23.0,NORMAL,CRITICAL,22,143.88
seq_08_panic_dispersion_b.mp4,183,9.15,0,0.0,0.0,0.0,0.0,0.0,0.0,22.4,NORMAL,CRITICAL,22,146.4
seq_08_panic_dispersion_b.mp4,184,9.2,0,0.0,0.0,0.0,0.0,0.0,0.0,21.7,NORMAL,CRITICAL,22,142.71
seq_08_panic_dispersion_b.mp4,185,9.25,0,0.0,0.0,0.0,0.0,0.0,0.0,21.0,NORMAL,CRITICAL,22,143.72
seq_08_panic_dispersion_b.mp4,186,9.3,0,0.0,0.0,0.0,0.0,0.0,0.0,20.4,NORMAL,CRITICAL,22,138.07
seq_08_panic_dispersion_b.mp4,187,9.35,0,0.0,0.0,0.0,0.0,0.0,0.0,19.7,NORMAL,CRITICAL,22,143.29
seq_08_panic_dispersion_b.mp4,188,9.4,0,0.0,0.0,0.0,0.0,0.0,0.0,19.1,NORMAL,CRITICAL,22,137.67
seq_08_panic_dispersion_b.mp4,189,9.45,0,0.0,0.0,0.0,0.0,0.0,0.0,18.4,NORMAL,CRITICAL,22,138.37
seq_08_panic_dispersion_b.mp4,190,9.5,0,0.0,0.0,0.0,0.0,0.0,0.0,17.8,NORMAL,CRITICAL,22,143.11
seq_08_panic_dispersion_b.mp4,191,9.55,0,0.0,0.0,0.0,0.0,0.0,0.0,17.2,NORMAL,CRITICAL,22,142.67
seq_08_panic_dispersion_b.mp4,192,9.6,0,0.0,0.0,0.0,0.0,0.0,0.0,16.6,NORMAL,CRITICAL,22,143.25
seq_08_panic_dispersion_b.mp4,193,9.65,0,0.0,0.0,0.0,0.0,0.0,0.0,16.0,NORMAL,CRITICAL,22,150.37
seq_08_panic_dispersion_b.mp4,194,9.7,0,0.0,0.0,0.0,0.0,0.0,0.0,15.3,NORMAL,CRITICAL,22,144.66
seq_08_panic_dispersion_b.mp4,195,9.75,0,0.0,0.0,0.0,0.0,0.0,0.0,14.7,NORMAL,CRITICAL,22,153.53
seq_08_panic_dispersion_b.mp4,196,9.8,0,0.0,0.0,0.0,0.0,0.0,0.0,14.0,NORMAL,CRITICAL,22,150.41
seq_08_panic_dispersion_b.mp4,197,9.85,0,0.0,0.0,0.0,0.0,0.0,0.0,13.4,NORMAL,CRITICAL,22,163.95
seq_08_panic_dispersion_b.mp4,198,9.9,0,0.0,0.0,0.0,0.0,0.0,0.0,12.7,NORMAL,CRITICAL,22,160.3
seq_08_panic_dispersion_b.mp4,199,9.95,0,0.0,0.0,0.0,0.0,0.0,0.0,12.1,NORMAL,CRITICAL,22,154.91
seq_09_dense_standstill_a.mp4,0,0.0,35,54.8,54.84,4.91,11.47,0.868,84.4,18.1,NORMAL,WARNING,55,152.91
seq_09_dense_standstill_a.mp4,1,0.05,35,54.8,54.75,0.59,1.11,0.61,67.6,20.5,NORMAL,WARNING,55,159.42
seq_09_dense_standstill_a.mp4,2,0.1,34,54.4,54.43,0.58,0.8,0.61,59.7,22.8,NORMAL,WARNING,55,139.71
seq_09_dense_standstill_a.mp4,3,0.15,35,54.8,54.8,0.59,0.93,0.878,87.4,29.0,NORMAL,WARNING,55,155.04
seq_09_dense_standstill_a.mp4,4,0.2,34,54.5,54.46,0.6,0.84,0.736,71.4,35.2,WARNING,WARNING,55,151.41
seq_09_dense_standstill_a.mp4,5,0.25,35,54.8,54.8,0.57,0.89,0.769,74.8,41.4,WARNING,WARNING,55,152.35
seq_09_dense_standstill_a.mp4,6,0.3,35,55.0,55.04,0.58,0.99,0.792,74.7,42.2,WARNING,WARNING,55,171.62
seq_09_dense_standstill_a.mp4,7,0.35,35,55.0,54.96,0.6,0.92,0.68,70.4,42.5,WARNING,WARNING,55,183.24
seq_09_dense_standstill_a.mp4,8,0.4,34,54.6,54.57,0.56,0.78,0.951,96.6,42.8,WARNING,WARNING,55,155.25
seq_09_dense_standstill_a.mp4,9,0.45,34,54.6,-0.24,0.6,0.8,0.69,68.2,42.3,WARNING,WARNING,55,146.95
seq_09_dense_standstill_a.mp4,10,0.5,34,54.6,-0.16,0.59,0.91,0.646,61.5,41.6,WARNING,WARNING,55,151.58
seq_09_dense_standstill_a.mp4,11,0.55,35,55.0,0.57,0.59,0.88,0.695,67.2,41.7,WARNING,WARNING,55,143.24
seq_09_dense_standstill_a.mp4,12,0.6,34,54.5,-0.29,0.6,0.84,0.885,86.4,41.5,WARNING,WARNING,55,145.07
seq_09_dense_standstill_a.mp4,13,0.65,34,54.6,0.16,0.6,0.92,0.846,83.4,35.8,WARNING,WARNING,55,137.54
seq_09_dense_standstill_a.mp4,14,0.7,33,54.5,-0.31,0.6,0.89,0.875,85.7,30.2,NORMAL,WARNING,55,136.64
seq_09_dense_standstill_a.mp4,15,0.75,33,54.6,-0.46,0.62,0.9,0.561,54.4,24.4,NORMAL,WARNING,55,140.12
seq_09_dense_standstill_a.mp4,16,0.8,34,54.7,-0.26,0.58,0.83,0.743,72.6,18.7,NORMAL,WARNING,55,147.55
seq_09_dense_standstill_a.mp4,17,0.85,33,54.8,0.19,0.61,0.77,0.953,93.5,13.4,NORMAL,WARNING,55,136.43
seq_09_dense_standstill_a.mp4,18,0.9,33,54.7,0.08,0.64,1.04,0.861,83.2,12.0,NORMAL,WARNING,55,136.97
seq_09_dense_standstill_a.mp4,19,0.95,33,54.5,-0.12,0.61,0.87,0.883,85.3,12.7,NORMAL,WARNING,55,136.8
seq_09_dense_standstill_a.mp4,20,1.0,33,54.5,-0.53,0.62,0.85,0.461,45.1,13.1,NORMAL,WARNING,55,139.02
seq_09_dense_standstill_a.mp4,21,1.05,33,54.6,0.07,0.6,0.99,0.631,59.9,13.5,NORMAL,WARNING,55,135.91
seq_09_dense_standstill_a.mp4,22,1.1,33,54.5,-0.11,0.63,1.05,0.471,46.6,13.8,NORMAL,WARNING,55,148.65
seq_09_dense_standstill_a.mp4,23,1.15,32,55.0,0.54,0.61,0.9,0.705,67.4,14.3,NORMAL,WARNING,55,133.01
seq_09_dense_standstill_a.mp4,24,1.2,34,54.3,-0.28,0.61,0.91,0.82,79.3,14.9,NORMAL,WARNING,55,140.37
seq_09_dense_standstill_a.mp4,25,1.25,33,54.8,0.14,0.57,0.8,0.88,87.3,15.0,NORMAL,WARNING,55,136.81
seq_09_dense_standstill_a.mp4,26,1.3,32,54.9,0.18,0.59,0.92,0.672,66.5,15.5,NORMAL,WARNING,55,134.06
seq_09_dense_standstill_a.mp4,27,1.35,33,51.7,-3.0,0.59,0.88,0.828,82.3,16.1,NORMAL,WARNING,55,142.5
seq_09_dense_standstill_a.mp4,28,1.4,33,51.6,-2.89,0.64,1.07,0.922,90.3,16.7,NORMAL,WARNING,55,144.68
seq_09_dense_standstill_a.mp4,29,1.45,33,54.7,0.25,0.61,0.87,0.863,85.5,17.3,NORMAL,WARNING,55,142.5
seq_09_dense_standstill_a.mp4,30,1.5,33,54.8,0.19,0.61,0.92,0.842,85.0,18.0,NORMAL,WARNING,55,143.61
seq_09_dense_standstill_a.mp4,31,1.55,33,54.8,0.32,0.61,0.95,0.958,90.7,18.6,NORMAL,WARNING,55,135.64
seq_09_dense_standstill_a.mp4,32,1.6,33,51.6,-3.39,0.62,0.88,0.743,71.4,19.2,NORMAL,WARNING,55,136.28
seq_09_dense_standstill_a.mp4,33,1.65,33,54.7,0.44,0.61,0.9,0.816,81.6,19.8,NORMAL,WARNING,55,147.45
seq_09_dense_standstill_a.mp4,34,1.7,33,54.7,-0.14,0.6,0.9,0.594,59.3,20.3,NORMAL,WARNING,55,150.14
seq_09_dense_standstill_a.mp4,35,1.75,33,54.8,-0.16,0.6,0.87,0.809,80.0,20.9,NORMAL,WARNING,55,157.61
seq_09_dense_standstill_a.mp4,36,1.8,33,54.8,3.14,0.63,1.02,0.743,76.1,21.5,NORMAL,WARNING,55,150.18
seq_09_dense_standstill_a.mp4,37,1.85,33,54.8,3.26,0.58,0.96,0.842,82.7,22.1,NORMAL,WARNING,55,150.59
seq_09_dense_standstill_a.mp4,38,1.9,34,55.3,0.55,0.6,0.96,0.728,69.3,22.8,NORMAL,WARNING,55,146.8
seq_09_dense_standstill_a.mp4,39,1.95,33,54.7,-0.02,0.6,0.91,0.795,78.6,23.4,NORMAL,WARNING,55,155.11
seq_09_dense_standstill_a.mp4,40,2.0,33,54.7,-0.1,0.61,0.85,0.884,90.3,24.0,NORMAL,WARNING,55,157.24
seq_09_dense_standstill_a.mp4,41,2.05,33,51.5,-0.09,0.61,0.9,0.667,64.4,24.5,NORMAL,WARNING,55,170.74
seq_09_dense_standstill_a.mp4,42,2.1,34,55.3,0.54,0.6,1.06,0.756,74.1,25.3,NORMAL,WARNING,55,163.81
seq_09_dense_standstill_a.mp4,43,2.15,33,54.7,0.05,0.58,0.8,0.769,78.7,25.8,NORMAL,WARNING,55,142.35
seq_09_dense_standstill_a.mp4,44,2.2,33,55.1,0.29,0.61,0.92,0.859,87.0,26.5,NORMAL,WARNING,55,146.81
seq_09_dense_standstill_a.mp4,45,2.25,34,55.1,0.26,0.59,0.85,0.972,97.9,27.2,NORMAL,WARNING,55,142.6
seq_09_dense_standstill_a.mp4,46,2.3,34,55.1,0.31,0.61,0.89,0.824,81.6,27.7,NORMAL,WARNING,55,149.17
seq_09_dense_standstill_a.mp4,47,2.35,33,55.0,-0.3,0.61,0.88,0.639,64.9,28.1,NORMAL,WARNING,55,149.82
seq_09_dense_standstill_a.mp4,48,2.4,34,55.2,0.41,0.61,0.95,0.773,73.5,28.7,NORMAL,WARNING,55,145.34
seq_09_dense_standstill_a.mp4,49,2.45,35,54.5,-0.2,0.59,0.86,0.343,34.4,29.0,NORMAL,WARNING,55,147.87
seq_09_dense_standstill_a.mp4,50,2.5,35,54.4,2.9,0.59,0.83,0.796,79.9,29.7,NORMAL,WARNING,55,153.33
seq_09_dense_standstill_a.mp4,51,2.55,34,54.1,-1.16,0.59,0.79,0.69,67.7,30.2,NORMAL,WARNING,55,149.4
seq_09_dense_standstill_a.mp4,52,2.6,35,54.4,-0.37,0.59,0.85,0.744,74.0,30.7,NORMAL,WARNING,55,155.9
seq_09_dense_standstill_a.mp4,53,2.65,34,54.9,-0.14,0.61,0.95,0.946,93.6,31.4,WARNING,WARNING,55,161.14
seq_09_dense_standstill_a.mp4,54,2.7,34,53.9,-1.19,0.6,0.9,0.609,58.6,31.8,WARNING,WARNING,55,153.92
seq_09_dense_standstill_a.mp4,55,2.75,35,54.3,-0.82,0.62,0.84,0.695,68.0,32.4,WARNING,WARNING,55,141.9
seq_09_dense_standstill_a.mp4,56,2.8,35,54.2,-0.81,0.6,0.89,0.941,92.6,33.1,WARNING,WARNING,55,143.32
seq_09_dense_standstill_a.mp4,57,2.85,35,54.2,-1.0,0.65,1.01,0.6,54.4,33.5,WARNING,WARNING,55,149.01
seq_09_dense_standstill_a.mp4,58,2.9,35,54.2,-0.36,0.58,0.96,0.787,81.9,34.1,WARNING,WARNING,55,146.59
seq_09_dense_standstill_a.mp4,59,2.95,35,54.2,-0.24,0.59,0.84,0.928,97.3,34.8,WARNING,WARNING,55,149.24
seq_09_dense_standstill_a.mp4,60,3.0,35,54.2,0.11,0.6,0.95,0.801,79.3,35.4,WARNING,WARNING,55,152.54
seq_09_dense_standstill_a.mp4,61,3.05,35,54.2,-0.12,0.58,0.88,0.664,68.2,36.0,WARNING,WARNING,55,183.75
seq_09_dense_standstill_a.mp4,62,3.1,35,54.3,-0.58,0.61,0.83,0.674,65.7,36.5,WARNING,WARNING,55,179.72
seq_09_dense_standstill_a.mp4,63,3.15,36,54.7,0.79,0.6,0.92,0.452,43.2,36.9,WARNING,WARNING,55,163.23
seq_09_dense_standstill_a.mp4,64,3.2,36,54.6,0.29,0.61,0.89,0.914,90.7,37.5,WARNING,HIGH RISK,55,143.47
seq_09_dense_standstill_a.mp4,65,3.25,35,54.4,0.24,0.6,0.89,0.761,76.0,38.1,WARNING,HIGH RISK,55,150.22
seq_09_dense_standstill_a.mp4,66,3.3,35,54.2,0.02,0.63,0.95,0.666,65.7,38.6,WARNING,HIGH RISK,55,153.56
seq_09_dense_standstill_a.mp4,67,3.35,35,54.1,-0.03,0.57,0.87,0.63,65.2,39.1,WARNING,HIGH RISK,55,165.25
seq_09_dense_standstill_a.mp4,68,3.4,34,54.4,0.21,0.62,0.95,0.81,83.0,39.8,WARNING,HIGH RISK,55,198.15
seq_09_dense_standstill_a.mp4,69,3.45,35,54.4,0.21,0.58,0.79,0.77,77.0,40.4,WARNING,HIGH RISK,55,209.24
seq_09_dense_standstill_a.mp4,70,3.5,35,54.4,0.14,0.62,0.86,0.893,87.6,41.0,WARNING,HIGH RISK,55,205.12
seq_09_dense_standstill_a.mp4,71,3.55,35,54.3,-0.01,0.58,0.85,0.472,44.6,41.4,WARNING,HIGH RISK,55,211.32
seq_09_dense_standstill_a.mp4,72,3.6,35,54.4,-0.3,0.58,0.82,0.657,66.4,41.9,WARNING,HIGH RISK,55,195.95
seq_09_dense_standstill_a.mp4,73,3.65,34,54.6,-0.04,0.59,0.83,0.841,86.5,42.5,WARNING,HIGH RISK,55,187.86
seq_09_dense_standstill_a.mp4,74,3.7,35,54.6,0.22,0.55,0.74,0.945,95.6,43.2,WARNING,HIGH RISK,55,169.91
seq_09_dense_standstill_a.mp4,75,3.75,34,54.2,0.06,0.6,0.92,0.633,61.9,43.7,WARNING,HIGH RISK,55,163.38
seq_09_dense_standstill_a.mp4,76,3.8,34,54.3,0.2,0.61,0.96,0.755,74.4,44.3,WARNING,HIGH RISK,55,161.32
seq_09_dense_standstill_a.mp4,77,3.85,34,54.2,-0.2,0.61,0.86,0.376,35.3,44.6,WARNING,HIGH RISK,55,163.49
seq_09_dense_standstill_a.mp4,78,3.9,33,54.1,-0.36,0.6,0.95,0.785,77.3,45.2,WARNING,HIGH RISK,55,160.26
seq_09_dense_standstill_a.mp4,79,3.95,33,54.0,-0.4,0.61,0.93,0.595,59.0,45.7,WARNING,HIGH RISK,55,150.18
seq_09_dense_standstill_a.mp4,80,4.0,33,54.2,-0.15,0.63,0.8,0.881,86.2,46.3,WARNING,HIGH RISK,55,144.08
seq_09_dense_standstill_a.mp4,81,4.05,32,54.1,-0.24,0.59,0.8,0.72,72.5,46.9,WARNING,HIGH RISK,55,155.13
seq_09_dense_standstill_a.mp4,82,4.1,32,54.1,-0.5,0.62,0.98,0.725,71.3,47.4,WARNING,HIGH RISK,55,177.74
seq_09_dense_standstill_a.mp4,83,4.15,33,54.4,-0.26,0.61,0.86,0.751,73.0,48.1,WARNING,HIGH RISK,55,189.83
seq_09_dense_standstill_a.mp4,84,4.2,33,54.3,0.09,0.63,0.98,0.944,90.7,48.8,WARNING,HIGH RISK,55,191.53
seq_09_dense_standstill_a.mp4,85,4.25,32,54.0,-0.34,0.6,0.95,0.776,82.7,49.4,WARNING,HIGH RISK,55,175.31
seq_09_dense_standstill_a.mp4,86,4.3,32,54.0,-0.24,0.58,0.78,0.706,70.2,49.9,WARNING,HIGH RISK,55,164.34
seq_09_dense_standstill_a.mp4,87,4.35,32,54.0,-0.13,0.63,1.09,0.532,53.5,50.4,WARNING,HIGH RISK,55,148.5
seq_09_dense_standstill_a.mp4,88,4.4,32,54.0,-0.04,0.6,0.88,0.92,94.9,51.1,HIGH RISK,HIGH RISK,55,166.08
seq_09_dense_standstill_a.mp4,89,4.45,32,54.1,-0.07,0.61,0.9,0.654,65.5,51.6,HIGH RISK,HIGH RISK,55,165.8
seq_09_dense_standstill_a.mp4,90,4.5,32,54.1,-0.08,0.62,0.89,0.541,53.6,52.0,HIGH RISK,HIGH RISK,55,154.05
seq_09_dense_standstill_a.mp4,91,4.55,31,51.4,-2.69,0.6,0.94,0.707,67.9,52.5,HIGH RISK,HIGH RISK,55,158.11
seq_09_dense_standstill_a.mp4,92,4.6,30,51.3,-3.03,0.66,1.04,0.703,68.0,53.1,HIGH RISK,HIGH RISK,55,158.47
seq_09_dense_standstill_a.mp4,93,4.65,31,51.6,-2.72,0.63,0.94,0.797,79.0,53.6,HIGH RISK,HIGH RISK,55,167.58
seq_09_dense_standstill_a.mp4,94,4.7,30,51.4,-2.62,0.59,0.85,0.776,77.9,54.1,HIGH RISK,HIGH RISK,55,167.49
seq_09_dense_standstill_a.mp4,95,4.75,30,51.4,-2.57,0.6,0.86,0.778,78.6,54.8,HIGH RISK,HIGH RISK,55,174.19
seq_09_dense_standstill_a.mp4,96,4.8,30,51.2,-2.71,0.61,0.92,0.908,90.2,55.4,HIGH RISK,HIGH RISK,55,175.69
seq_09_dense_standstill_a.mp4,97,4.85,30,51.4,-2.58,0.59,0.85,0.726,71.6,55.9,HIGH RISK,HIGH RISK,55,183.3
seq_09_dense_standstill_a.mp4,98,4.9,30,51.4,-2.73,0.57,0.78,0.762,74.6,56.5,HIGH RISK,HIGH RISK,55,178.77
seq_09_dense_standstill_a.mp4,99,4.95,32,54.3,0.26,0.63,0.95,0.882,87.9,57.2,HIGH RISK,HIGH RISK,55,168.28
seq_09_dense_standstill_a.mp4,100,5.0,33,54.8,3.37,0.61,0.81,0.723,68.1,57.0,HIGH RISK,HIGH RISK,55,174.46
seq_09_dense_standstill_a.mp4,101,5.05,33,54.6,3.32,0.64,1.0,0.51,50.8,56.9,HIGH RISK,HIGH RISK,55,154.43
seq_09_dense_standstill_a.mp4,102,5.1,31,54.4,2.77,0.63,1.02,0.732,71.4,57.0,HIGH RISK,HIGH RISK,55,143.58
seq_09_dense_standstill_a.mp4,103,5.15,31,54.3,2.93,0.59,0.86,0.83,82.0,57.0,HIGH RISK,HIGH RISK,55,144.51
seq_09_dense_standstill_a.mp4,104,5.2,32,54.8,3.37,0.61,0.86,0.876,86.7,57.2,HIGH RISK,HIGH RISK,55,141.18
seq_09_dense_standstill_a.mp4,105,5.25,31,54.4,3.17,0.59,0.82,0.834,81.2,57.5,HIGH RISK,HIGH RISK,55,146.29
seq_09_dense_standstill_a.mp4,106,5.3,30,51.3,-0.11,0.62,0.97,0.678,67.6,57.5,HIGH RISK,HIGH RISK,55,133.84
seq_09_dense_standstill_a.mp4,107,5.35,31,54.4,2.98,0.62,0.91,0.629,60.6,57.7,HIGH RISK,HIGH RISK,55,136.93
seq_09_dense_standstill_a.mp4,108,5.4,31,54.4,0.05,0.58,0.91,0.899,90.5,57.7,HIGH RISK,HIGH RISK,55,136.72
seq_09_dense_standstill_a.mp4,109,5.45,32,54.5,-0.27,0.62,0.92,0.627,59.4,57.7,HIGH RISK,HIGH RISK,55,167.05
seq_09_dense_standstill_a.mp4,110,5.5,32,54.6,-0.07,0.6,0.98,0.734,66.9,57.6,HIGH RISK,HIGH RISK,55,142.78
seq_09_dense_standstill_a.mp4,111,5.55,32,54.6,0.22,0.61,0.92,0.784,76.7,57.5,HIGH RISK,HIGH RISK,55,131.41
seq_09_dense_standstill_a.mp4,112,5.6,32,54.7,0.43,0.63,1.01,0.649,66.7,57.3,HIGH RISK,HIGH RISK,55,144.53
seq_09_dense_standstill_a.mp4,113,5.65,32,55.9,1.15,0.65,0.98,0.95,96.0,57.4,HIGH RISK,HIGH RISK,55,188.16
seq_09_dense_standstill_a.mp4,114,5.7,32,56.0,1.57,0.58,0.77,0.805,80.9,57.3,HIGH RISK,HIGH RISK,55,161.48
seq_09_dense_standstill_a.mp4,115,5.75,33,55.2,3.92,0.58,0.8,0.587,57.6,57.3,HIGH RISK,HIGH RISK,55,165.47
seq_09_dense_standstill_a.mp4,116,5.8,33,55.0,0.66,0.56,0.75,0.829,84.1,57.4,HIGH RISK,HIGH RISK,55,184.03
seq_09_dense_standstill_a.mp4,117,5.85,33,55.1,0.78,0.58,0.84,0.889,90.7,57.3,HIGH RISK,HIGH RISK,55,165.77
seq_09_dense_standstill_a.mp4,118,5.9,33,55.1,0.61,0.6,0.84,0.884,87.1,57.3,HIGH RISK,HIGH RISK,55,143.74
seq_09_dense_standstill_a.mp4,119,5.95,32,55.9,1.32,0.59,0.82,0.897,91.2,57.4,HIGH RISK,HIGH RISK,55,135.49
seq_09_dense_standstill_a.mp4,120,6.0,34,55.0,0.39,0.56,0.76,0.871,87.9,57.7,HIGH RISK,HIGH RISK,55,142.4
seq_09_dense_standstill_a.mp4,121,6.05,34,55.1,0.34,0.62,0.87,0.767,75.3,57.8,HIGH RISK,HIGH RISK,55,146.44
seq_09_dense_standstill_a.mp4,122,6.1,33,55.1,-0.78,0.62,0.92,0.755,74.2,57.9,HIGH RISK,HIGH RISK,55,135.73
seq_09_dense_standstill_a.mp4,123,6.15,33,55.2,-0.77,0.62,1.1,0.834,80.2,57.9,HIGH RISK,HIGH RISK,55,129.83
seq_09_dense_standstill_a.mp4,124,6.2,33,55.2,0.06,0.58,0.86,0.585,55.3,57.7,HIGH RISK,HIGH RISK,55,122.22
seq_09_dense_standstill_a.mp4,125,6.25,32,56.0,1.02,0.61,0.94,0.719,73.3,57.5,HIGH RISK,HIGH RISK,55,126.37
seq_09_dense_standstill_a.mp4,126,6.3,32,56.1,0.94,0.6,0.93,0.807,79.4,57.6,HIGH RISK,HIGH RISK,55,146.41
seq_09_dense_standstill_a.mp4,127,6.35,32,56.0,0.92,0.62,0.93,0.758,79.4,57.6,HIGH RISK,HIGH RISK,55,139.32
seq_09_dense_standstill_a.mp4,128,6.4,32,56.1,0.21,0.59,0.94,0.953,95.3,57.6,HIGH RISK,HIGH RISK,55,136.42
seq_09_dense_standstill_a.mp4,129,6.45,34,55.4,0.37,0.56,0.78,0.874,87.8,57.6,HIGH RISK,HIGH RISK,55,127.93
seq_09_dense_standstill_a.mp4,130,6.5,34,55.4,0.33,0.64,0.91,0.633,61.8,57.5,HIGH RISK,HIGH RISK,55,121.03
seq_09_dense_standstill_a.mp4,131,6.55,33,55.3,0.18,0.59,0.87,0.668,66.8,57.3,HIGH RISK,HIGH RISK,55,138.9
seq_09_dense_standstill_a.mp4,132,6.6,33,55.2,-0.02,0.62,1.0,0.838,87.2,57.5,HIGH RISK,HIGH RISK,55,155.91
seq_09_dense_standstill_a.mp4,133,6.65,32,52.1,-3.19,0.59,0.91,0.692,66.2,57.3,HIGH RISK,HIGH RISK,55,121.91
seq_09_dense_standstill_a.mp4,134,6.7,33,55.3,-0.71,0.63,0.97,0.41,40.2,57.1,HIGH RISK,HIGH RISK,55,138.91
seq_09_dense_standstill_a.mp4,135,6.75,33,55.3,-0.83,0.58,0.85,0.59,60.4,57.0,HIGH RISK,HIGH RISK,55,139.37
seq_09_dense_standstill_a.mp4,136,6.8,33,55.3,-0.7,0.6,0.82,0.585,59.3,56.8,HIGH RISK,HIGH RISK,55,131.65
seq_09_dense_standstill_a.mp4,137,6.85,33,55.2,-0.91,0.63,0.99,0.818,79.6,56.8,HIGH RISK,HIGH RISK,55,154.47
seq_09_dense_standstill_a.mp4,138,6.9,32,54.9,-0.43,0.63,0.9,0.721,70.6,56.9,HIGH RISK,HIGH RISK,55,144.41
seq_09_dense_standstill_a.mp4,139,6.95,34,55.1,-0.26,0.6,0.94,0.845,83.1,56.9,HIGH RISK,HIGH RISK,55,141.56
seq_09_dense_standstill_a.mp4,140,7.0,34,54.7,-0.6,0.6,0.95,0.979,98.0,56.9,HIGH RISK,HIGH RISK,55,151.62
seq_09_dense_standstill_a.mp4,141,7.05,34,54.9,-0.25,0.6,0.92,0.755,71.4,57.0,HIGH RISK,HIGH RISK,55,176.03
seq_09_dense_standstill_a.mp4,142,7.1,34,54.8,2.76,0.65,0.93,0.598,58.6,56.9,HIGH RISK,HIGH RISK,55,172.32
seq_09_dense_standstill_a.mp4,143,7.15,34,54.9,-0.41,0.6,0.91,0.864,89.0,57.0,HIGH RISK,HIGH RISK,55,167.9
seq_09_dense_standstill_a.mp4,144,7.2,34,54.7,-0.57,0.64,0.91,0.497,46.2,56.8,HIGH RISK,HIGH RISK,55,156.9
seq_09_dense_standstill_a.mp4,145,7.25,33,54.8,-0.56,0.63,0.93,0.781,76.5,56.7,HIGH RISK,HIGH RISK,55,155.35
seq_09_dense_standstill_a.mp4,146,7.3,33,54.5,-0.66,0.58,0.77,0.727,71.7,56.6,HIGH RISK,HIGH RISK,55,160.58
seq_09_dense_standstill_a.mp4,147,7.35,33,54.8,-0.11,0.62,1.02,0.806,78.1,56.6,HIGH RISK,HIGH RISK,55,178.0
seq_09_dense_standstill_a.mp4,148,7.4,31,54.7,-0.45,0.61,0.86,0.702,67.8,56.5,HIGH RISK,HIGH RISK,55,162.5
seq_09_dense_standstill_a.mp4,149,7.45,31,54.5,-0.22,0.63,1.06,0.771,75.7,56.8,HIGH RISK,HIGH RISK,55,165.99
seq_09_dense_standstill_a.mp4,150,7.5,31,54.6,-0.34,0.57,0.82,0.652,69.5,56.7,HIGH RISK,HIGH RISK,55,171.98
seq_09_dense_standstill_a.mp4,151,7.55,33,54.7,-0.17,0.58,0.81,0.709,71.9,56.7,HIGH RISK,HIGH RISK,55,263.34
seq_09_dense_standstill_a.mp4,152,7.6,33,54.8,-0.07,0.58,0.83,0.689,67.0,56.7,HIGH RISK,HIGH RISK,55,239.24
seq_09_dense_standstill_a.mp4,153,7.65,33,54.6,-0.14,0.62,0.87,0.547,52.9,56.4,HIGH RISK,HIGH RISK,55,145.69
seq_09_dense_standstill_a.mp4,154,7.7,33,54.7,-0.05,0.59,0.85,0.833,82.0,56.6,HIGH RISK,HIGH RISK,55,149.18
seq_09_dense_standstill_a.mp4,155,7.75,33,54.7,0.11,0.6,0.85,0.611,58.3,56.5,HIGH RISK,HIGH RISK,55,130.07
seq_09_dense_standstill_a.mp4,156,7.8,34,54.5,-0.32,0.6,0.81,0.591,55.5,56.3,HIGH RISK,HIGH RISK,55,121.35
seq_09_dense_standstill_a.mp4,157,7.85,33,54.1,-0.65,0.62,0.91,0.792,77.4,56.4,HIGH RISK,HIGH RISK,55,167.69
seq_09_dense_standstill_a.mp4,158,7.9,34,54.4,-0.11,0.62,0.82,0.725,69.6,56.4,HIGH RISK,HIGH RISK,55,147.17
seq_09_dense_standstill_a.mp4,159,7.95,33,54.4,-0.18,0.58,0.95,0.592,63.4,56.2,HIGH RISK,HIGH RISK,55,136.52
seq_10_dense_standstill_b.mp4,0,0.0,35,55.8,1.15,8.1,19.15,0.636,62.2,62.3,HIGH RISK,WARNING,55,129.12
seq_10_dense_standstill_b.mp4,1,0.05,35,55.7,0.86,0.59,0.83,0.82,81.9,62.4,HIGH RISK,WARNING,55,129.47
seq_10_dense_standstill_b.mp4,2,0.1,36,55.5,1.0,0.58,0.86,0.703,67.5,62.5,HIGH RISK,WARNING,55,138.34
seq_10_dense_standstill_b.mp4,3,0.15,36,55.6,0.89,0.59,0.86,0.914,90.5,62.8,HIGH RISK,WARNING,55,121.0
seq_10_dense_standstill_b.mp4,4,0.2,36,56.1,1.4,0.61,1.02,0.8,77.8,62.8,HIGH RISK,WARNING,55,115.22
seq_10_dense_standstill_b.mp4,5,0.25,35,56.2,1.66,0.59,0.81,0.884,86.7,62.9,HIGH RISK,WARNING,55,122.86
seq_10_dense_standstill_b.mp4,6,0.3,35,55.7,1.62,0.6,0.9,0.74,71.4,63.1,HIGH RISK,WARNING,55,111.59
seq_10_dense_standstill_b.mp4,7,0.35,34,56.5,2.08,0.62,0.85,0.873,85.7,63.3,HIGH RISK,WARNING,55,116.79
seq_10_dense_standstill_b.mp4,8,0.4,36,55.4,1.02,0.62,0.87,0.69,68.5,63.3,HIGH RISK,WARNING,55,141.18
seq_10_dense_standstill_b.mp4,9,0.45,37,55.8,0.03,0.61,0.95,0.79,75.6,57.2,HIGH RISK,WARNING,55,137.31
seq_10_dense_standstill_b.mp4,10,0.5,37,55.8,0.09,0.64,0.93,0.804,79.0,57.0,HIGH RISK,WARNING,55,135.28
seq_10_dense_standstill_b.mp4,11,0.55,37,55.9,0.36,0.59,0.88,0.749,72.5,57.2,HIGH RISK,WARNING,55,141.88
seq_10_dense_standstill_b.mp4,12,0.6,35,55.5,-0.04,0.6,0.85,0.906,90.9,57.3,HIGH RISK,WARNING,55,129.73
seq_10_dense_standstill_b.mp4,13,0.65,36,55.9,-0.11,0.61,0.92,0.86,82.9,57.3,HIGH RISK,WARNING,55,142.68
seq_10_dense_standstill_b.mp4,14,0.7,36,56.1,-0.08,0.63,0.99,0.907,92.7,57.2,HIGH RISK,WARNING,55,136.96
seq_10_dense_standstill_b.mp4,15,0.75,36,56.1,0.46,0.58,0.81,0.83,80.2,57.3,HIGH RISK,WARNING,55,140.06
seq_10_dense_standstill_b.mp4,16,0.8,36,56.1,-0.39,0.6,0.78,0.544,52.5,57.1,HIGH RISK,WARNING,55,136.6
seq_10_dense_standstill_b.mp4,17,0.85,36,56.2,0.8,0.59,0.86,0.839,84.3,57.3,HIGH RISK,WARNING,55,138.3
seq_10_dense_standstill_b.mp4,18,0.9,36,56.3,0.5,0.58,0.84,0.877,85.8,57.4,HIGH RISK,WARNING,55,140.68
seq_10_dense_standstill_b.mp4,19,0.95,36,56.4,0.57,0.57,0.83,0.562,55.9,57.4,HIGH RISK,WARNING,55,140.04
seq_10_dense_standstill_b.mp4,20,1.0,35,55.8,-0.15,0.61,0.9,0.907,90.4,57.4,HIGH RISK,WARNING,55,136.59
seq_10_dense_standstill_b.mp4,21,1.05,35,55.8,0.27,0.57,0.81,0.932,95.3,57.5,HIGH RISK,WARNING,55,143.39
seq_10_dense_standstill_b.mp4,22,1.1,35,55.9,-0.06,0.63,1.04,0.765,73.8,57.6,HIGH RISK,WARNING,55,145.72
seq_10_dense_standstill_b.mp4,23,1.15,36,56.2,0.13,0.6,0.84,0.815,77.7,57.6,HIGH RISK,WARNING,55,145.52
seq_10_dense_standstill_b.mp4,24,1.2,36,56.1,-0.05,0.6,0.96,0.75,75.0,57.5,HIGH RISK,WARNING,55,138.48
seq_10_dense_standstill_b.mp4,25,1.25,33,48.4,-7.65,0.58,0.78,0.63,60.0,57.3,HIGH RISK,WARNING,55,132.04
seq_10_dense_standstill_b.mp4,26,1.3,35,55.9,-0.35,0.61,0.91,0.728,73.3,57.3,HIGH RISK,WARNING,55,123.01
seq_10_dense_standstill_b.mp4,27,1.35,35,55.8,-0.52,0.59,0.83,0.691,66.5,57.4,HIGH RISK,WARNING,55,139.03
seq_10_dense_standstill_b.mp4,28,1.4,35,56.0,-0.33,0.63,1.04,0.67,65.3,57.2,HIGH RISK,WARNING,55,139.26
seq_10_dense_standstill_b.mp4,29,1.45,35,56.1,0.32,0.61,0.85,0.729,71.7,57.3,HIGH RISK,WARNING,55,130.85
seq_10_dense_standstill_b.mp4,30,1.5,35,55.9,0.06,0.57,0.85,0.735,71.2,57.4,HIGH RISK,WARNING,55,149.58
seq_10_dense_standstill_b.mp4,31,1.55,35,56.0,0.07,0.61,0.91,0.55,54.3,57.4,HIGH RISK,WARNING,55,142.63
seq_10_dense_standstill_b.mp4,32,1.6,36,56.4,0.2,0.59,0.82,0.781,78.5,57.4,HIGH RISK,WARNING,55,136.35
seq_10_dense_standstill_b.mp4,33,1.65,35,55.9,-0.14,0.64,0.98,0.664,66.5,57.4,HIGH RISK,WARNING,55,137.36
seq_10_dense_standstill_b.mp4,34,1.7,36,56.3,7.9,0.63,0.96,0.613,58.4,57.3,HIGH RISK,WARNING,55,133.11
seq_10_dense_standstill_b.mp4,35,1.75,33,53.3,-2.61,0.56,0.77,0.717,70.2,57.4,HIGH RISK,WARNING,55,128.89
seq_10_dense_standstill_b.mp4,36,1.8,36,56.3,0.44,0.58,0.91,0.806,77.2,57.4,HIGH RISK,WARNING,55,139.26
seq_10_dense_standstill_b.mp4,37,1.85,36,56.2,0.19,0.59,0.86,0.903,87.7,57.5,HIGH RISK,WARNING,55,150.62
seq_10_dense_standstill_b.mp4,38,1.9,36,56.2,0.11,0.59,0.98,0.648,61.2,57.4,HIGH RISK,WARNING,55,162.21
seq_10_dense_standstill_b.mp4,39,1.95,35,55.7,-0.2,0.63,1.01,0.711,67.9,57.2,HIGH RISK,WARNING,55,158.39
seq_10_dense_standstill_b.mp4,40,2.0,36,56.2,0.22,0.6,0.79,0.811,81.1,57.3,HIGH RISK,WARNING,55,151.66
seq_10_dense_standstill_b.mp4,41,2.05,36,56.1,-0.29,0.59,0.9,0.673,65.2,57.4,HIGH RISK,WARNING,55,152.96
seq_10_dense_standstill_b.mp4,42,2.1,36,56.0,0.06,0.56,0.78,0.748,74.1,57.4,HIGH RISK,WARNING,55,127.87
seq_10_dense_standstill_b.mp4,43,2.15,34,53.4,-2.96,0.6,0.87,0.801,80.7,57.3,HIGH RISK,WARNING,55,126.98
seq_10_dense_standstill_b.mp4,44,2.2,34,53.3,-0.02,0.61,0.91,0.72,70.7,57.1,HIGH RISK,WARNING,55,136.54
seq_10_dense_standstill_b.mp4,45,2.25,34,53.4,-2.85,0.57,0.76,0.628,63.5,57.0,HIGH RISK,WARNING,55,151.92
seq_10_dense_standstill_b.mp4,46,2.3,34,53.3,-2.95,0.61,0.9,0.747,71.9,57.0,HIGH RISK,WARNING,55,143.82
seq_10_dense_standstill_b.mp4,47,2.35,34,53.5,-2.74,0.57,0.81,0.772,78.3,57.1,HIGH RISK,WARNING,55,134.76
seq_10_dense_standstill_b.mp4,48,2.4,34,53.4,-2.26,0.6,0.85,0.748,72.6,57.0,HIGH RISK,WARNING,55,142.38
seq_10_dense_standstill_b.mp4,49,2.45,35,55.7,-0.51,0.63,0.92,0.741,74.5,57.1,HIGH RISK,WARNING,55,132.04
seq_10_dense_standstill_b.mp4,50,2.5,34,53.4,-2.69,0.63,0.92,0.82,77.5,57.1,HIGH RISK,WARNING,55,136.94
seq_10_dense_standstill_b.mp4,51,2.55,34,53.5,-2.51,0.59,0.81,0.624,62.7,57.1,HIGH RISK,WARNING,55,123.8
seq_10_dense_standstill_b.mp4,52,2.6,33,53.1,-0.3,0.62,0.95,0.853,81.5,57.3,HIGH RISK,WARNING,55,127.58
seq_10_dense_standstill_b.mp4,53,2.65,33,53.1,-0.14,0.59,0.79,0.672,66.7,57.1,HIGH RISK,WARNING,55,122.07
seq_10_dense_standstill_b.mp4,54,2.7,34,53.6,0.16,0.6,0.82,0.938,90.7,57.1,HIGH RISK,WARNING,55,115.78
seq_10_dense_standstill_b.mp4,55,2.75,33,53.0,-0.26,0.6,0.85,0.943,94.6,57.3,HIGH RISK,WARNING,55,122.91
seq_10_dense_standstill_b.mp4,56,2.8,33,52.8,-0.62,0.58,0.8,0.715,75.9,57.3,HIGH RISK,WARNING,55,135.91
seq_10_dense_standstill_b.mp4,57,2.85,33,53.0,-0.44,0.6,0.93,0.921,86.7,57.3,HIGH RISK,WARNING,55,135.37
seq_10_dense_standstill_b.mp4,58,2.9,33,52.9,-2.82,0.61,0.85,0.915,92.1,57.3,HIGH RISK,WARNING,55,141.26
seq_10_dense_standstill_b.mp4,59,2.95,33,52.8,-0.6,0.58,0.76,0.876,89.0,57.2,HIGH RISK,WARNING,55,148.75
seq_10_dense_standstill_b.mp4,60,3.0,33,53.2,-0.28,0.59,0.84,0.933,93.7,57.2,HIGH RISK,WARNING,55,159.66
seq_10_dense_standstill_b.mp4,61,3.05,32,52.7,-0.36,0.62,0.85,0.728,71.9,57.2,HIGH RISK,WARNING,55,147.33
seq_10_dense_standstill_b.mp4,62,3.1,32,52.6,-0.53,0.58,0.84,0.747,74.0,57.2,HIGH RISK,WARNING,55,149.23
seq_10_dense_standstill_b.mp4,63,3.15,32,52.6,-0.94,0.61,0.95,0.754,71.3,57.1,HIGH RISK,WARNING,55,147.0
seq_10_dense_standstill_b.mp4,64,3.2,34,55.0,1.97,0.6,1.02,0.77,74.2,57.3,HIGH RISK,HIGH RISK,55,130.79
seq_10_dense_standstill_b.mp4,65,3.25,34,55.0,2.21,0.59,0.79,0.793,80.7,57.3,HIGH RISK,HIGH RISK,55,123.84
seq_10_dense_standstill_b.mp4,66,3.3,33,53.0,0.01,0.58,0.82,0.814,78.8,57.3,HIGH RISK,HIGH RISK,55,127.95
seq_10_dense_standstill_b.mp4,67,3.35,33,52.9,0.01,0.58,0.77,0.703,68.3,57.2,HIGH RISK,HIGH RISK,55,120.08
seq_10_dense_standstill_b.mp4,68,3.4,34,52.9,0.11,0.57,0.82,0.724,73.5,57.2,HIGH RISK,HIGH RISK,55,132.49
seq_10_dense_standstill_b.mp4,69,3.45,34,52.9,-0.34,0.57,0.76,0.47,44.4,56.9,HIGH RISK,HIGH RISK,55,123.95
seq_10_dense_standstill_b.mp4,70,3.5,34,53.0,0.35,0.62,0.92,0.726,69.6,57.0,HIGH RISK,HIGH RISK,55,126.53
seq_10_dense_standstill_b.mp4,71,3.55,33,53.1,0.54,0.6,0.9,0.722,67.7,57.0,HIGH RISK,HIGH RISK,55,118.66
seq_10_dense_standstill_b.mp4,72,3.6,32,53.1,0.46,0.6,0.86,0.773,71.9,57.0,HIGH RISK,HIGH RISK,55,114.59
seq_10_dense_standstill_b.mp4,73,3.65,31,52.8,-2.16,0.6,0.87,0.597,58.2,56.9,HIGH RISK,HIGH RISK,55,119.6
seq_10_dense_standstill_b.mp4,74,3.7,33,55.2,0.12,0.6,0.9,0.88,86.8,57.1,HIGH RISK,HIGH RISK,55,135.45
seq_10_dense_standstill_b.mp4,75,3.75,31,52.8,-0.21,0.6,0.87,0.935,93.4,57.3,HIGH RISK,HIGH RISK,55,138.98
seq_10_dense_standstill_b.mp4,76,3.8,29,45.2,-7.69,0.58,0.8,0.921,94.1,57.5,HIGH RISK,HIGH RISK,55,123.53
seq_10_dense_standstill_b.mp4,77,3.85,29,45.2,-7.76,0.59,0.89,0.644,65.1,57.4,HIGH RISK,HIGH RISK,55,116.24
seq_10_dense_standstill_b.mp4,78,3.9,30,45.5,-7.39,0.61,0.89,0.811,81.0,57.5,HIGH RISK,HIGH RISK,55,133.45
seq_10_dense_standstill_b.mp4,79,3.95,30,45.6,-7.45,0.6,0.84,0.769,78.3,57.4,HIGH RISK,HIGH RISK,55,123.12
seq_10_dense_standstill_b.mp4,80,4.0,30,45.6,-7.53,0.61,0.91,0.763,70.5,57.3,HIGH RISK,HIGH RISK,55,113.06
seq_10_dense_standstill_b.mp4,81,4.05,30,45.5,-7.54,0.61,0.95,0.873,87.5,57.3,HIGH RISK,HIGH RISK,55,119.76
seq_10_dense_standstill_b.mp4,82,4.1,31,46.0,-6.84,0.62,0.87,0.879,89.4,57.5,HIGH RISK,HIGH RISK,55,121.28
seq_10_dense_standstill_b.mp4,83,4.15,31,47.7,-7.49,0.62,0.9,0.716,73.1,57.4,HIGH RISK,HIGH RISK,55,123.01
seq_10_dense_standstill_b.mp4,84,4.2,30,45.6,-7.14,0.61,0.96,0.722,71.1,57.6,HIGH RISK,HIGH RISK,55,120.27
seq_10_dense_standstill_b.mp4,85,4.25,30,45.7,0.5,0.59,0.83,0.809,78.8,57.5,HIGH RISK,HIGH RISK,55,117.08
seq_10_dense_standstill_b.mp4,86,4.3,30,45.4,0.22,0.61,0.92,0.931,90.9,57.7,HIGH RISK,HIGH RISK,55,119.85
seq_10_dense_standstill_b.mp4,87,4.35,30,49.3,3.81,0.59,0.86,0.633,66.6,57.5,HIGH RISK,HIGH RISK,55,123.67
seq_10_dense_standstill_b.mp4,88,4.4,33,55.3,9.73,0.6,0.87,0.802,79.6,57.6,HIGH RISK,HIGH RISK,55,145.96
seq_10_dense_standstill_b.mp4,89,4.45,32,56.7,11.14,0.6,0.84,0.617,62.4,57.5,HIGH RISK,HIGH RISK,55,123.76
seq_10_dense_standstill_b.mp4,90,4.5,32,56.8,11.22,0.59,0.96,0.74,80.0,57.8,HIGH RISK,HIGH RISK,55,138.86
seq_10_dense_standstill_b.mp4,91,4.55,33,55.3,9.32,0.6,0.86,0.755,75.3,58.4,HIGH RISK,HIGH RISK,55,142.61
seq_10_dense_standstill_b.mp4,92,4.6,33,55.2,7.55,0.6,0.87,0.719,73.3,59.0,HIGH RISK,HIGH RISK,55,122.88
seq_10_dense_standstill_b.mp4,93,4.65,33,55.2,9.54,0.63,0.88,0.517,51.0,59.6,HIGH RISK,HIGH RISK,55,128.3
seq_10_dense_standstill_b.mp4,94,4.7,33,55.2,9.51,0.61,1.0,0.546,54.0,60.0,HIGH RISK,HIGH RISK,55,125.57
seq_10_dense_standstill_b.mp4,95,4.75,33,55.1,9.67,0.64,0.94,0.576,54.0,60.3,HIGH RISK,HIGH RISK,55,139.31
seq_10_dense_standstill_b.mp4,96,4.8,33,55.0,5.75,0.61,0.86,0.938,91.9,60.7,HIGH RISK,HIGH RISK,55,133.48
seq_10_dense_standstill_b.mp4,97,4.85,33,55.2,-0.16,0.63,0.96,0.818,80.1,60.6,HIGH RISK,HIGH RISK,55,133.29
seq_10_dense_standstill_b.mp4,98,4.9,32,56.5,-0.21,0.61,0.96,0.543,51.8,60.2,HIGH RISK,HIGH RISK,55,132.06
seq_10_dense_standstill_b.mp4,99,4.95,32,56.7,-0.08,0.61,0.99,0.89,89.5,60.0,HIGH RISK,HIGH RISK,55,117.37
seq_10_dense_standstill_b.mp4,100,5.0,33,55.2,-0.09,0.59,0.83,0.716,72.3,59.5,HIGH RISK,HIGH RISK,55,132.35
seq_10_dense_standstill_b.mp4,101,5.05,32,56.8,1.58,0.61,0.85,0.825,80.2,59.3,HIGH RISK,HIGH RISK,55,127.44
seq_10_dense_standstill_b.mp4,102,5.1,32,56.8,1.65,0.63,0.93,0.951,97.0,59.2,HIGH RISK,HIGH RISK,55,126.8
seq_10_dense_standstill_b.mp4,103,5.15,32,56.7,1.48,0.62,0.95,0.861,82.2,58.9,HIGH RISK,HIGH RISK,55,123.74
seq_10_dense_standstill_b.mp4,104,5.2,33,57.1,2.02,0.62,0.94,0.884,89.6,58.7,HIGH RISK,HIGH RISK,55,133.15
seq_10_dense_standstill_b.mp4,105,5.25,33,57.3,2.2,0.66,1.03,0.579,55.1,58.2,HIGH RISK,HIGH RISK,55,132.3
seq_10_dense_standstill_b.mp4,106,5.3,33,57.1,1.98,0.61,0.91,0.707,70.5,58.0,HIGH RISK,HIGH RISK,55,125.98
seq_10_dense_standstill_b.mp4,107,5.35,33,57.2,0.7,0.59,0.8,0.827,84.0,58.0,HIGH RISK,HIGH RISK,55,128.06
seq_10_dense_standstill_b.mp4,108,5.4,34,55.7,-1.02,0.61,0.85,0.796,79.0,58.0,HIGH RISK,HIGH RISK,55,129.6
seq_10_dense_standstill_b.mp4,109,5.45,34,55.5,0.31,0.59,0.89,0.841,87.1,58.1,HIGH RISK,HIGH RISK,55,134.5
seq_10_dense_standstill_b.mp4,110,5.5,34,55.5,-1.28,0.62,0.83,0.621,59.6,57.9,HIGH RISK,HIGH RISK,55,124.34
seq_10_dense_standstill_b.mp4,111,5.55,34,55.6,-1.18,0.59,0.83,0.9,87.2,57.9,HIGH RISK,HIGH RISK,55,128.55
seq_10_dense_standstill_b.mp4,112,5.6,35,55.3,-1.33,0.63,0.88,0.582,56.2,57.6,HIGH RISK,HIGH RISK,55,135.07
seq_10_dense_standstill_b.mp4,113,5.65,35,55.3,-1.82,0.61,0.82,0.507,49.4,57.3,HIGH RISK,HIGH RISK,55,143.36
seq_10_dense_standstill_b.mp4,114,5.7,35,55.3,-1.9,0.56,0.79,0.652,64.5,57.1,HIGH RISK,HIGH RISK,55,148.66
seq_10_dense_standstill_b.mp4,115,5.75,34,55.7,-1.49,0.6,0.82,0.822,81.8,57.1,HIGH RISK,HIGH RISK,55,146.74
seq_10_dense_standstill_b.mp4,116,5.8,34,55.7,-1.52,0.55,0.77,0.601,59.4,57.1,HIGH RISK,HIGH RISK,55,130.2
seq_10_dense_standstill_b.mp4,117,5.85,34,54.9,-0.79,0.63,0.88,0.775,74.9,57.1,HIGH RISK,HIGH RISK,55,125.34
seq_10_dense_standstill_b.mp4,118,5.9,35,55.6,0.02,0.61,0.82,0.648,65.5,56.9,HIGH RISK,HIGH RISK,55,128.73
seq_10_dense_standstill_b.mp4,119,5.95,35,55.7,0.13,0.66,0.96,0.919,85.9,57.1,HIGH RISK,HIGH RISK,55,126.16
seq_10_dense_standstill_b.mp4,120,6.0,35,55.4,-0.2,0.57,0.8,0.497,48.1,56.9,HIGH RISK,HIGH RISK,55,125.67
seq_10_dense_standstill_b.mp4,121,6.05,33,55.3,-0.05,0.58,0.75,0.712,67.7,56.7,HIGH RISK,HIGH RISK,55,136.95
seq_10_dense_standstill_b.mp4,122,6.1,36,56.0,0.73,0.61,0.79,0.822,80.2,56.7,HIGH RISK,HIGH RISK,55,128.68
seq_10_dense_standstill_b.mp4,123,6.15,35,55.5,0.1,0.58,0.78,0.765,76.8,56.7,HIGH RISK,HIGH RISK,55,135.04
seq_10_dense_standstill_b.mp4,124,6.2,35,55.4,-0.22,0.63,1.14,0.836,80.0,56.8,HIGH RISK,HIGH RISK,55,141.14
seq_10_dense_standstill_b.mp4,125,6.25,34,55.6,-0.1,0.57,0.74,0.639,62.2,56.8,HIGH RISK,HIGH RISK,55,139.74
seq_10_dense_standstill_b.mp4,126,6.3,34,55.7,0.78,0.62,1.04,0.904,92.1,57.0,HIGH RISK,HIGH RISK,55,141.02
seq_10_dense_standstill_b.mp4,127,6.35,34,55.5,-0.03,0.6,0.94,0.828,81.2,57.0,HIGH RISK,HIGH RISK,55,133.62
seq_10_dense_standstill_b.mp4,128,6.4,34,55.4,-0.22,0.61,0.89,0.795,73.7,57.1,HIGH RISK,HIGH RISK,55,144.05
seq_10_dense_standstill_b.mp4,129,6.45,34,55.7,0.28,0.59,0.79,0.721,69.7,57.1,HIGH RISK,HIGH RISK,55,135.09
seq_10_dense_standstill_b.mp4,130,6.5,33,55.4,0.16,0.59,0.87,0.862,84.3,57.2,HIGH RISK,HIGH RISK,55,165.07
seq_10_dense_standstill_b.mp4,131,6.55,34,55.7,-0.28,0.58,0.77,0.839,85.8,57.4,HIGH RISK,HIGH RISK,55,142.38
seq_10_dense_standstill_b.mp4,132,6.6,33,53.5,-1.92,0.6,0.86,0.733,70.7,57.3,HIGH RISK,HIGH RISK,55,130.29
seq_10_dense_standstill_b.mp4,133,6.65,34,55.9,0.45,0.58,0.8,0.754,74.6,57.3,HIGH RISK,HIGH RISK,55,136.29
seq_10_dense_standstill_b.mp4,134,6.7,34,55.9,0.25,0.6,0.87,0.885,87.9,57.5,HIGH RISK,HIGH RISK,55,138.58
seq_10_dense_standstill_b.mp4,135,6.75,34,56.0,0.31,0.6,0.92,0.874,87.6,57.6,HIGH RISK,HIGH RISK,55,140.58
seq_10_dense_standstill_b.mp4,136,6.8,34,55.8,0.26,0.61,0.89,0.695,66.0,57.5,HIGH RISK,HIGH RISK,55,140.16
seq_10_dense_standstill_b.mp4,137,6.85,34,56.0,0.58,0.6,0.89,0.791,77.9,57.5,HIGH RISK,HIGH RISK,55,134.69
seq_10_dense_standstill_b.mp4,138,6.9,33,47.9,-7.8,0.58,0.83,0.846,85.0,57.6,HIGH RISK,HIGH RISK,55,141.62
seq_10_dense_standstill_b.mp4,139,6.95,32,48.1,-7.31,0.63,1.03,0.716,73.4,57.6,HIGH RISK,HIGH RISK,55,129.46
seq_10_dense_standstill_b.mp4,140,7.0,32,48.2,-7.53,0.62,0.92,0.826,80.9,57.6,HIGH RISK,HIGH RISK,55,134.15
seq_10_dense_standstill_b.mp4,141,7.05,32,48.3,-5.27,0.63,0.93,0.807,81.8,57.8,HIGH RISK,HIGH RISK,55,138.39
seq_10_dense_standstill_b.mp4,142,7.1,32,48.3,-7.56,0.59,0.91,0.831,82.4,57.8,HIGH RISK,HIGH RISK,55,145.56
seq_10_dense_standstill_b.mp4,143,7.15,32,48.3,-7.6,0.62,1.01,0.555,56.4,57.7,HIGH RISK,HIGH RISK,55,141.68
seq_10_dense_standstill_b.mp4,144,7.2,32,48.4,-7.54,0.61,0.95,0.829,81.2,57.7,HIGH RISK,HIGH RISK,55,142.09
seq_10_dense_standstill_b.mp4,145,7.25,32,48.5,-7.3,0.63,0.82,0.842,83.2,57.9,HIGH RISK,HIGH RISK,55,147.78
seq_10_dense_standstill_b.mp4,146,7.3,32,48.5,-7.56,0.62,0.91,0.679,66.9,57.9,HIGH RISK,HIGH RISK,55,143.93
seq_10_dense_standstill_b.mp4,147,7.35,32,48.3,0.4,0.6,0.81,0.625,59.8,57.8,HIGH RISK,HIGH RISK,55,137.57
seq_10_dense_standstill_b.mp4,148,7.4,31,48.0,-0.12,0.63,0.94,0.814,78.7,57.8,HIGH RISK,HIGH RISK,55,135.06
seq_10_dense_standstill_b.mp4,149,7.45,32,48.4,0.24,0.6,0.93,0.911,91.8,57.9,HIGH RISK,HIGH RISK,55,138.5
seq_10_dense_standstill_b.mp4,150,7.5,32,48.3,0.02,0.6,0.82,0.858,86.5,57.8,HIGH RISK,HIGH RISK,55,138.14
seq_10_dense_standstill_b.mp4,151,7.55,31,48.1,-0.27,0.62,0.87,0.863,86.0,58.0,HIGH RISK,HIGH RISK,55,133.32
seq_10_dense_standstill_b.mp4,152,7.6,31,48.1,-0.18,0.62,0.87,0.802,78.7,57.9,HIGH RISK,HIGH RISK,55,138.1
seq_10_dense_standstill_b.mp4,153,7.65,33,55.9,7.49,0.59,0.79,0.831,79.5,58.0,HIGH RISK,HIGH RISK,55,122.71
seq_10_dense_standstill_b.mp4,154,7.7,34,55.7,7.24,0.59,0.81,0.765,75.3,57.9,HIGH RISK,HIGH RISK,55,134.71
seq_10_dense_standstill_b.mp4,155,7.75,32,47.8,-0.65,0.61,0.99,0.717,71.3,57.9,HIGH RISK,HIGH RISK,55,127.44
seq_10_dense_standstill_b.mp4,156,7.8,34,55.6,7.31,0.64,1.02,0.817,79.6,58.5,HIGH RISK,HIGH RISK,55,124.94
seq_10_dense_standstill_b.mp4,157,7.85,33,55.7,7.72,0.65,0.98,0.856,82.0,58.8,HIGH RISK,HIGH RISK,55,139.46
seq_10_dense_standstill_b.mp4,158,7.9,33,55.8,7.35,0.6,0.96,0.722,69.6,58.9,HIGH RISK,HIGH RISK,55,146.21
seq_10_dense_standstill_b.mp4,159,7.95,33,55.7,7.38,0.61,0.91,0.922,97.1,59.2,HIGH RISK,HIGH RISK,55,135.15
seq_11_steady_concourse_a.mp4,0,0.0,20,25.5,-22.54,7.23,16.96,0.624,52.6,63.7,HIGH RISK,NORMAL,22,136.8
seq_11_steady_concourse_a.mp4,1,0.05,20,25.5,-22.56,0.93,1.77,0.023,2.1,62.7,HIGH RISK,NORMAL,22,136.04
seq_11_steady_concourse_a.mp4,2,0.1,20,25.5,-30.39,0.89,1.48,0.053,4.7,62.5,HIGH RISK,NORMAL,22,171.21
seq_11_steady_concourse_a.mp4,3,0.15,20,25.5,-30.19,0.89,1.38,0.073,6.7,62.3,HIGH RISK,NORMAL,22,132.19
seq_11_steady_concourse_a.mp4,4,0.2,20,25.6,-22.25,0.95,1.55,0.034,3.4,62.1,HIGH RISK,NORMAL,22,149.51
seq_11_steady_concourse_a.mp4,5,0.25,19,25.3,-30.35,0.88,1.36,0.04,3.4,61.8,HIGH RISK,NORMAL,22,149.94
seq_11_steady_concourse_a.mp4,6,0.3,19,25.4,-30.38,0.98,1.82,0.055,5.2,61.5,HIGH RISK,NORMAL,22,128.89
seq_11_steady_concourse_a.mp4,7,0.35,19,25.4,-30.39,0.91,1.48,0.026,2.6,61.3,HIGH RISK,NORMAL,22,134.65
seq_11_steady_concourse_a.mp4,8,0.4,19,25.4,-30.3,0.93,1.51,0.024,2.4,61.0,HIGH RISK,NORMAL,22,138.16
seq_11_steady_concourse_a.mp4,9,0.45,19,25.4,-0.15,0.87,1.53,0.081,7.5,55.5,HIGH RISK,NORMAL,22,130.94
seq_11_steady_concourse_a.mp4,10,0.5,19,26.1,0.62,1.02,1.76,0.028,2.6,52.8,HIGH RISK,NORMAL,22,127.32
seq_11_steady_concourse_a.mp4,11,0.55,19,26.0,0.5,0.83,1.29,0.032,3.0,52.4,HIGH RISK,NORMAL,22,134.61
seq_11_steady_concourse_a.mp4,12,0.6,19,26.1,0.56,0.88,1.3,0.045,4.2,51.9,HIGH RISK,NORMAL,22,133.18
seq_11_steady_concourse_a.mp4,13,0.65,19,26.1,0.54,0.91,1.43,0.064,6.3,51.5,HIGH RISK,NORMAL,22,136.67
seq_11_steady_concourse_a.mp4,14,0.7,19,26.1,0.8,0.89,1.38,0.054,4.7,51.0,WARNING,NORMAL,22,131.8
seq_11_steady_concourse_a.mp4,15,0.75,19,26.1,0.72,0.91,1.51,0.107,9.3,50.4,WARNING,NORMAL,22,136.84
seq_11_steady_concourse_a.mp4,16,0.8,19,26.1,0.77,0.91,1.42,0.039,4.0,49.8,WARNING,NORMAL,22,126.5
seq_11_steady_concourse_a.mp4,17,0.85,19,26.1,0.7,0.92,1.46,0.022,1.9,49.4,WARNING,NORMAL,22,133.25
seq_11_steady_concourse_a.mp4,18,0.9,19,26.1,0.79,0.91,1.26,0.049,4.2,49.1,WARNING,NORMAL,22,129.19
seq_11_steady_concourse_a.mp4,19,0.95,19,26.1,-0.0,0.84,1.26,0.062,5.3,48.6,WARNING,NORMAL,22,150.36
seq_11_steady_concourse_a.mp4,20,1.0,19,26.2,0.13,0.95,1.54,0.049,4.5,48.1,WARNING,NORMAL,22,146.74
seq_11_steady_concourse_a.mp4,21,1.05,19,26.1,-0.02,0.86,1.33,0.072,6.6,47.5,WARNING,NORMAL,22,135.76
seq_11_steady_concourse_a.mp4,22,1.1,19,26.2,0.08,0.86,1.2,0.046,4.6,47.0,WARNING,NORMAL,22,133.01
seq_11_steady_concourse_a.mp4,23,1.15,19,26.2,0.09,0.91,1.42,0.024,2.4,46.5,WARNING,NORMAL,22,142.75
seq_11_steady_concourse_a.mp4,24,1.2,19,26.2,0.07,0.89,1.46,0.043,3.7,46.0,WARNING,NORMAL,22,146.53
seq_11_steady_concourse_a.mp4,25,1.25,19,26.2,0.03,0.92,1.48,0.032,3.1,45.5,WARNING,NORMAL,22,165.31
seq_11_steady_concourse_a.mp4,26,1.3,19,26.2,0.17,0.89,1.42,0.038,3.7,44.8,WARNING,NORMAL,22,187.04
seq_11_steady_concourse_a.mp4,27,1.35,19,26.2,0.02,0.87,1.61,0.043,4.3,44.4,WARNING,NORMAL,22,207.67
seq_11_steady_concourse_a.mp4,28,1.4,19,26.3,0.13,0.96,1.48,0.06,5.2,43.9,WARNING,NORMAL,22,144.15
seq_11_steady_concourse_a.mp4,29,1.45,18,24.7,-1.46,0.89,1.59,0.042,3.7,43.5,WARNING,NORMAL,22,152.99
seq_11_steady_concourse_a.mp4,30,1.5,17,25.6,-0.5,0.9,1.52,0.029,3.1,42.9,WARNING,NORMAL,22,168.83
seq_11_steady_concourse_a.mp4,31,1.55,18,26.1,-0.13,0.89,1.51,0.041,4.1,42.4,WARNING,NORMAL,22,178.86
seq_11_steady_concourse_a.mp4,32,1.6,17,25.5,-0.67,0.95,1.59,0.043,3.8,42.0,WARNING,NORMAL,22,230.34
seq_11_steady_concourse_a.mp4,33,1.65,16,25.2,-1.0,0.95,1.54,0.038,3.7,41.7,WARNING,NORMAL,22,201.44
seq_11_steady_concourse_a.mp4,34,1.7,16,25.3,-0.92,0.92,1.49,0.03,3.0,41.4,WARNING,NORMAL,22,197.44
seq_11_steady_concourse_a.mp4,35,1.75,17,25.5,-0.73,0.9,1.61,0.063,5.7,41.0,WARNING,NORMAL,22,201.12
seq_11_steady_concourse_a.mp4,36,1.8,17,25.6,-0.6,0.91,1.47,0.045,3.6,40.5,WARNING,NORMAL,22,220.58
seq_11_steady_concourse_a.mp4,37,1.85,18,25.6,-0.7,0.9,1.5,0.098,8.9,39.9,WARNING,NORMAL,22,219.42
seq_11_steady_concourse_a.mp4,38,1.9,18,25.6,0.93,0.88,1.32,0.052,4.4,39.5,WARNING,NORMAL,22,210.28
seq_11_steady_concourse_a.mp4,39,1.95,18,25.5,-0.1,0.88,1.48,0.049,4.4,38.9,WARNING,NORMAL,22,199.96
seq_11_steady_concourse_a.mp4,40,2.0,18,25.6,-0.44,0.92,1.4,0.037,3.7,38.5,WARNING,NORMAL,22,181.77
seq_11_steady_concourse_a.mp4,41,2.05,17,26.5,0.94,0.93,1.49,0.061,5.1,37.9,WARNING,NORMAL,22,172.32
seq_11_steady_concourse_a.mp4,42,2.1,17,26.3,1.19,0.88,1.36,0.029,2.9,37.2,WARNING,NORMAL,22,170.06
seq_11_steady_concourse_a.mp4,43,2.15,17,26.4,1.1,0.9,1.3,0.033,3.2,36.7,WARNING,NORMAL,22,159.87
seq_11_steady_concourse_a.mp4,44,2.2,17,26.2,0.67,0.89,1.39,0.067,6.4,36.2,WARNING,NORMAL,22,138.58
seq_11_steady_concourse_a.mp4,45,2.25,17,26.2,0.64,0.94,1.47,0.037,3.1,35.8,WARNING,NORMAL,22,129.02
seq_11_steady_concourse_a.mp4,46,2.3,17,26.2,0.64,0.86,1.35,0.056,5.4,35.4,WARNING,NORMAL,22,126.24
seq_11_steady_concourse_a.mp4,47,2.35,17,26.1,0.47,0.91,1.21,0.042,4.1,34.9,WARNING,NORMAL,22,131.88
seq_11_steady_concourse_a.mp4,48,2.4,17,26.0,0.54,0.89,1.26,0.024,2.3,34.4,WARNING,NORMAL,22,136.34
seq_11_steady_concourse_a.mp4,49,2.45,17,26.0,0.4,0.9,1.42,0.025,2.4,33.8,WARNING,NORMAL,22,122.27
seq_11_steady_concourse_a.mp4,50,2.5,18,26.2,-0.31,0.92,1.32,0.053,4.7,33.4,WARNING,NORMAL,22,119.53
seq_11_steady_concourse_a.mp4,51,2.55,18,26.1,-0.25,0.83,1.5,0.021,1.8,32.8,WARNING,NORMAL,22,116.73
seq_11_steady_concourse_a.mp4,52,2.6,18,26.0,-0.32,0.97,1.56,0.047,4.1,32.3,WARNING,NORMAL,22,132.04
seq_11_steady_concourse_a.mp4,53,2.65,18,26.0,-0.21,0.83,1.35,0.036,3.2,32.0,WARNING,NORMAL,22,128.79
seq_11_steady_concourse_a.mp4,54,2.7,17,25.5,-0.68,0.97,1.55,0.084,7.2,31.5,WARNING,NORMAL,22,132.53
seq_11_steady_concourse_a.mp4,55,2.75,17,25.5,-0.67,0.88,1.39,0.048,4.3,30.9,NORMAL,NORMAL,22,138.38
seq_11_steady_concourse_a.mp4,56,2.8,17,25.4,-0.69,0.9,1.51,0.047,3.9,30.5,NORMAL,NORMAL,22,132.89
seq_11_steady_concourse_a.mp4,57,2.85,17,25.3,-0.72,0.88,1.54,0.048,4.9,30.0,NORMAL,NORMAL,22,131.07
seq_11_steady_concourse_a.mp4,58,2.9,17,25.3,-0.74,0.95,1.48,0.022,1.8,29.6,NORMAL,NORMAL,22,128.24
seq_11_steady_concourse_a.mp4,59,2.95,17,25.2,-0.98,0.93,1.59,0.063,6.3,29.1,NORMAL,NORMAL,22,136.82
seq_11_steady_concourse_a.mp4,60,3.0,17,25.1,-0.97,0.88,1.52,0.042,4.2,28.8,NORMAL,NORMAL,22,131.43
seq_11_steady_concourse_a.mp4,61,3.05,17,25.2,-0.85,0.97,1.56,0.037,3.5,28.4,NORMAL,NORMAL,22,132.14
seq_11_steady_concourse_a.mp4,62,3.1,17,25.0,-1.01,0.84,1.36,0.085,7.2,27.8,NORMAL,NORMAL,22,143.7
seq_11_steady_concourse_a.mp4,63,3.15,17,24.9,-0.6,0.92,1.36,0.03,2.8,27.3,NORMAL,NORMAL,22,114.44
seq_11_steady_concourse_a.mp4,64,3.2,17,24.9,-0.67,0.92,1.49,0.056,5.1,26.8,NORMAL,NORMAL,22,117.09
seq_11_steady_concourse_a.mp4,65,3.25,16,25.1,-0.34,0.88,1.34,0.065,6.2,26.4,NORMAL,NORMAL,22,109.79
seq_11_steady_concourse_a.mp4,66,3.3,16,24.9,-0.36,0.88,1.36,0.032,3.2,25.8,NORMAL,NORMAL,22,143.68
seq_11_steady_concourse_a.mp4,67,3.35,16,24.9,-0.4,0.9,1.36,0.05,4.9,25.2,NORMAL,NORMAL,22,122.15
seq_11_steady_concourse_a.mp4,68,3.4,16,24.8,-0.41,0.89,1.22,0.076,7.0,24.7,NORMAL,NORMAL,22,131.82
seq_11_steady_concourse_a.mp4,69,3.45,16,24.6,-0.52,0.86,1.24,0.01,0.9,24.2,NORMAL,NORMAL,22,128.92
seq_11_steady_concourse_a.mp4,70,3.5,16,24.6,-0.54,0.91,1.48,0.016,1.6,23.6,NORMAL,NORMAL,22,112.47
seq_11_steady_concourse_a.mp4,71,3.55,16,24.4,-0.54,0.9,1.61,0.066,5.9,23.1,NORMAL,NORMAL,22,114.34
seq_11_steady_concourse_a.mp4,72,3.6,16,24.4,-0.54,0.92,1.33,0.041,4.1,22.6,NORMAL,NORMAL,22,153.87
seq_11_steady_concourse_a.mp4,73,3.65,16,24.3,-0.54,0.84,1.24,0.038,3.4,22.1,NORMAL,NORMAL,22,130.45
seq_11_steady_concourse_a.mp4,74,3.7,16,24.2,-0.9,0.94,1.43,0.038,3.9,21.5,NORMAL,NORMAL,22,116.3
seq_11_steady_concourse_a.mp4,75,3.75,16,24.1,-0.88,0.89,1.3,0.039,3.7,20.9,NORMAL,NORMAL,22,125.92
seq_11_steady_concourse_a.mp4,76,3.8,15,23.4,-1.45,0.89,1.35,0.033,3.1,20.5,NORMAL,NORMAL,22,122.92
seq_11_steady_concourse_a.mp4,77,3.85,15,23.3,-1.46,0.88,1.51,0.044,3.8,20.0,NORMAL,NORMAL,22,121.91
seq_11_steady_concourse_a.mp4,78,3.9,15,23.3,-1.34,0.93,1.55,0.048,4.5,19.4,NORMAL,NORMAL,22,124.72
seq_11_steady_concourse_a.mp4,79,3.95,15,23.1,-1.55,0.87,1.43,0.023,2.2,18.9,NORMAL,NORMAL,22,127.69
seq_11_steady_concourse_a.mp4,80,4.0,15,23.1,-1.34,0.93,1.53,0.029,2.9,18.5,NORMAL,NORMAL,22,128.91
seq_11_steady_concourse_a.mp4,81,4.05,15,22.9,-1.46,0.88,1.5,0.071,6.0,18.2,NORMAL,NORMAL,22,121.03
seq_11_steady_concourse_a.mp4,82,4.1,15,22.9,-1.4,0.88,1.43,0.044,3.9,18.0,NORMAL,NORMAL,22,125.23
seq_11_steady_concourse_a.mp4,83,4.15,15,22.8,-1.39,0.93,1.51,0.047,4.8,17.8,NORMAL,NORMAL,22,131.2
seq_11_steady_concourse_a.mp4,84,4.2,13,19.6,-4.48,0.9,1.53,0.029,2.9,17.6,NORMAL,NORMAL,22,130.87
seq_11_steady_concourse_a.mp4,85,4.25,14,22.2,-1.26,0.9,1.45,0.061,5.6,17.3,NORMAL,NORMAL,22,137.83
seq_11_steady_concourse_a.mp4,86,4.3,13,19.4,-3.92,0.91,1.4,0.018,1.6,17.1,NORMAL,NORMAL,22,131.89
seq_11_steady_concourse_a.mp4,87,4.35,13,19.3,-3.99,0.91,1.47,0.065,6.7,16.9,NORMAL,NORMAL,22,163.62
seq_11_steady_concourse_a.mp4,88,4.4,13,19.2,-3.86,0.94,1.48,0.064,5.4,16.7,NORMAL,NORMAL,22,152.85
seq_11_steady_concourse_a.mp4,89,4.45,13,19.1,-4.01,0.87,1.42,0.075,7.0,16.4,NORMAL,NORMAL,22,144.96
seq_11_steady_concourse_a.mp4,90,4.5,13,19.1,-3.83,0.87,1.41,0.045,4.3,16.2,NORMAL,NORMAL,22,133.08
seq_11_steady_concourse_a.mp4,91,4.55,13,19.0,-3.94,0.9,1.46,0.031,3.2,15.9,NORMAL,NORMAL,22,139.32
seq_11_steady_concourse_a.mp4,92,4.6,13,18.9,-3.86,0.86,1.39,0.066,5.8,15.7,NORMAL,NORMAL,22,129.48
seq_11_steady_concourse_a.mp4,93,4.65,13,18.8,-0.75,0.96,1.41,0.018,1.7,15.4,NORMAL,NORMAL,22,131.79
seq_11_steady_concourse_a.mp4,94,4.7,13,18.8,-3.33,0.85,1.31,0.082,7.1,15.1,NORMAL,NORMAL,22,116.24
seq_11_steady_concourse_a.mp4,95,4.75,13,18.7,-0.72,0.89,1.48,0.032,3.2,14.9,NORMAL,NORMAL,22,116.86
seq_11_steady_concourse_a.mp4,96,4.8,13,18.6,-0.64,0.97,1.49,0.022,2.0,14.6,NORMAL,NORMAL,22,113.04
seq_11_steady_concourse_a.mp4,97,4.85,13,18.6,-0.65,0.84,1.18,0.051,4.3,14.3,NORMAL,NORMAL,22,115.67
seq_11_steady_concourse_a.mp4,98,4.9,13,18.5,-0.57,0.87,1.31,0.05,4.5,14.1,NORMAL,NORMAL,22,121.03
seq_11_steady_concourse_a.mp4,99,4.95,13,18.5,-0.59,0.9,1.43,0.035,3.1,13.8,NORMAL,NORMAL,22,120.96
seq_11_steady_concourse_a.mp4,100,5.0,13,18.3,-0.62,0.84,1.29,0.043,4.0,13.6,NORMAL,NORMAL,22,116.65
seq_11_steady_concourse_a.mp4,101,5.05,13,18.3,-0.57,0.9,1.5,0.043,3.7,13.6,NORMAL,NORMAL,22,123.41
seq_11_steady_concourse_a.mp4,102,5.1,13,18.3,-0.57,0.94,1.6,0.041,3.7,13.6,NORMAL,NORMAL,22,111.8
seq_11_steady_concourse_a.mp4,103,5.15,12,17.1,-1.71,1.06,4.96,0.058,10.6,13.5,NORMAL,NORMAL,22,118.33
seq_11_steady_concourse_a.mp4,104,5.2,12,17.0,-1.62,0.95,1.4,0.035,3.5,13.5,NORMAL,NORMAL,22,152.28
seq_11_steady_concourse_a.mp4,105,5.25,12,16.7,-1.93,0.99,3.75,0.081,16.2,13.5,NORMAL,NORMAL,22,124.58
seq_11_steady_concourse_a.mp4,106,5.3,11,15.7,-2.88,1.47,9.73,0.061,20.3,13.6,NORMAL,NORMAL,22,122.67
seq_11_steady_concourse_a.mp4,107,5.35,11,15.7,-2.81,0.84,1.48,0.04,3.8,13.5,NORMAL,NORMAL,22,119.28
seq_11_steady_concourse_a.mp4,108,5.4,11,15.7,-2.79,0.99,1.68,0.044,4.1,13.5,NORMAL,NORMAL,22,120.13
seq_11_steady_concourse_a.mp4,109,5.45,10,14.3,-4.09,1.62,10.53,0.099,11.8,13.6,NORMAL,NORMAL,22,125.43
seq_11_steady_concourse_a.mp4,110,5.5,10,14.3,-4.07,0.95,1.62,0.02,2.1,13.5,NORMAL,NORMAL,22,119.77
seq_11_steady_concourse_a.mp4,111,5.55,10,14.3,-3.95,0.89,1.34,0.049,4.7,13.5,NORMAL,NORMAL,22,124.74
seq_11_steady_concourse_a.mp4,112,5.6,10,14.3,-2.85,0.91,1.37,0.023,2.2,13.4,NORMAL,NORMAL,22,122.65
seq_11_steady_concourse_a.mp4,113,5.65,10,14.3,-2.72,0.9,1.35,0.035,3.7,13.3,NORMAL,NORMAL,22,144.26
seq_11_steady_concourse_a.mp4,114,5.7,10,14.3,-2.37,0.9,1.43,0.042,3.9,13.2,NORMAL,NORMAL,22,175.7
seq_11_steady_concourse_a.mp4,115,5.75,10,14.3,-1.36,0.95,1.54,0.059,5.5,13.0,NORMAL,NORMAL,22,137.15
seq_11_steady_concourse_a.mp4,116,5.8,10,14.3,-1.37,0.88,1.41,0.035,3.6,12.8,NORMAL,NORMAL,22,131.93
seq_11_steady_concourse_a.mp4,117,5.85,10,14.3,-1.35,0.8,1.3,0.071,6.3,12.8,NORMAL,NORMAL,22,122.35
seq_11_steady_concourse_a.mp4,118,5.9,12,16.9,2.62,0.96,1.51,0.05,5.0,12.7,NORMAL,NORMAL,22,127.83
seq_11_steady_concourse_a.mp4,119,5.95,12,16.9,2.66,0.86,1.22,0.022,2.0,12.7,NORMAL,NORMAL,22,139.35
seq_11_steady_concourse_a.mp4,120,6.0,12,16.9,2.61,0.95,1.48,0.052,4.7,12.6,NORMAL,NORMAL,22,140.97
seq_11_steady_concourse_a.mp4,121,6.05,12,17.0,2.71,0.86,1.42,0.039,3.3,12.6,NORMAL,NORMAL,22,150.02
seq_11_steady_concourse_a.mp4,122,6.1,11,17.1,2.75,0.9,1.36,0.051,5.2,13.0,NORMAL,NORMAL,22,140.99
seq_11_steady_concourse_a.mp4,123,6.15,11,17.0,2.67,0.92,1.48,0.037,3.4,13.5,NORMAL,NORMAL,22,126.83
seq_11_steady_concourse_a.mp4,124,6.2,11,17.1,2.75,0.89,1.37,0.041,3.9,14.0,NORMAL,NORMAL,22,132.95
seq_11_steady_concourse_a.mp4,125,6.25,11,17.1,2.81,0.91,1.33,0.03,2.9,14.4,NORMAL,NORMAL,22,127.95
seq_11_steady_concourse_a.mp4,126,6.3,11,17.1,2.73,0.85,1.2,0.05,4.6,14.8,NORMAL,NORMAL,22,130.16
seq_11_steady_concourse_a.mp4,127,6.35,11,17.1,0.23,0.93,1.59,0.042,3.3,15.0,NORMAL,NORMAL,22,117.46
seq_11_steady_concourse_a.mp4,128,6.4,11,17.2,0.24,0.89,1.63,0.048,4.0,14.7,NORMAL,NORMAL,22,115.14
seq_11_steady_concourse_a.mp4,129,6.45,11,17.2,0.3,0.97,1.45,0.05,4.4,14.4,NORMAL,NORMAL,22,113.36
seq_11_steady_concourse_a.mp4,130,6.5,11,17.2,0.2,0.9,1.39,0.019,1.8,14.1,NORMAL,NORMAL,22,116.55
seq_11_steady_concourse_a.mp4,131,6.55,11,17.3,0.23,0.97,1.87,0.018,1.8,13.8,NORMAL,NORMAL,22,113.24
seq_11_steady_concourse_a.mp4,132,6.6,11,17.2,0.22,0.96,1.48,0.048,4.2,13.5,NORMAL,NORMAL,22,120.22
seq_11_steady_concourse_a.mp4,133,6.65,11,17.4,0.29,0.83,1.52,0.037,3.7,13.2,NORMAL,NORMAL,22,115.83
seq_11_steady_concourse_a.mp4,134,6.7,11,17.4,0.3,0.94,1.64,0.02,1.8,12.9,NORMAL,NORMAL,22,121.99
seq_11_steady_concourse_a.mp4,135,6.75,11,17.4,0.32,0.94,1.6,0.101,8.9,12.6,NORMAL,NORMAL,22,136.71
seq_11_steady_concourse_a.mp4,136,6.8,11,17.4,0.29,0.93,1.39,0.013,1.2,12.3,NORMAL,NORMAL,22,135.63
seq_11_steady_concourse_a.mp4,137,6.85,11,17.4,0.27,0.92,1.51,0.053,4.6,12.2,NORMAL,NORMAL,22,136.29
seq_11_steady_concourse_a.mp4,138,6.9,11,17.5,0.23,0.93,1.44,0.056,4.6,12.2,NORMAL,NORMAL,22,129.14
seq_11_steady_concourse_a.mp4,139,6.95,11,17.5,0.34,0.8,1.39,0.037,3.3,12.1,NORMAL,NORMAL,22,140.7
seq_11_steady_concourse_a.mp4,140,7.0,11,17.5,0.23,0.96,1.51,0.034,2.9,12.1,NORMAL,NORMAL,22,142.39
seq_11_steady_concourse_a.mp4,141,7.05,11,17.6,0.4,0.87,1.42,0.049,4.2,12.0,NORMAL,NORMAL,22,118.92
seq_11_steady_concourse_a.mp4,142,7.1,11,17.7,0.33,0.9,1.45,0.085,7.9,12.0,NORMAL,NORMAL,22,109.36
seq_11_steady_concourse_a.mp4,143,7.15,11,17.8,0.33,0.91,1.48,0.041,3.7,12.0,NORMAL,NORMAL,22,120.17
seq_11_steady_concourse_a.mp4,144,7.2,11,17.8,0.38,0.88,1.38,0.037,3.9,11.9,NORMAL,NORMAL,22,118.2
seq_11_steady_concourse_a.mp4,145,7.25,11,17.7,0.35,0.93,1.37,0.034,3.5,11.9,NORMAL,NORMAL,22,119.59
seq_11_steady_concourse_a.mp4,146,7.3,14,18.9,1.51,1.27,8.07,0.059,4.8,12.0,NORMAL,NORMAL,22,124.84
seq_11_steady_concourse_a.mp4,147,7.35,13,17.6,0.09,1.52,10.74,0.1,28.2,12.1,NORMAL,NORMAL,22,125.55
seq_11_steady_concourse_a.mp4,148,7.4,13,17.6,0.03,0.94,1.35,0.031,3.1,12.0,NORMAL,NORMAL,22,134.66
seq_11_steady_concourse_a.mp4,149,7.45,13,17.6,0.06,0.83,1.44,0.026,2.5,12.0,NORMAL,NORMAL,22,137.04
seq_11_steady_concourse_a.mp4,150,7.5,13,17.6,-0.01,1.0,1.46,0.021,2.1,11.9,NORMAL,NORMAL,22,122.99
seq_11_steady_concourse_a.mp4,151,7.55,13,17.6,-0.08,0.84,1.42,0.071,6.3,11.8,NORMAL,NORMAL,22,112.69
seq_11_steady_concourse_a.mp4,152,7.6,13,17.6,-0.12,0.92,1.46,0.021,2.1,11.7,NORMAL,NORMAL,22,127.73
seq_11_steady_concourse_a.mp4,153,7.65,13,17.7,-0.1,1.01,1.74,0.052,4.8,11.7,NORMAL,NORMAL,22,120.66
seq_11_steady_concourse_a.mp4,154,7.7,13,17.7,-0.09,0.89,1.44,0.014,1.4,11.6,NORMAL,NORMAL,22,123.12
seq_11_steady_concourse_a.mp4,155,7.75,14,18.1,-0.88,0.95,1.56,0.076,6.9,11.3,NORMAL,NORMAL,22,125.92
seq_11_steady_concourse_a.mp4,156,7.8,14,18.1,0.54,0.89,1.38,0.037,3.2,11.1,NORMAL,NORMAL,22,126.14
seq_11_steady_concourse_a.mp4,157,7.85,14,17.8,0.29,1.15,5.0,0.062,12.1,11.1,NORMAL,NORMAL,22,124.87
seq_11_steady_concourse_a.mp4,158,7.9,14,17.8,0.21,0.87,1.32,0.039,4.0,11.0,NORMAL,NORMAL,22,115.47
seq_11_steady_concourse_a.mp4,159,7.95,14,17.8,0.22,0.9,1.68,0.046,4.7,11.0,NORMAL,NORMAL,22,130.14
seq_11_steady_concourse_a.mp4,160,8.0,14,17.8,0.2,0.88,1.35,0.046,4.4,11.0,NORMAL,NORMAL,22,125.97
seq_11_steady_concourse_a.mp4,161,8.05,15,20.2,2.55,1.45,8.54,0.051,6.1,11.3,NORMAL,NORMAL,22,108.06
seq_11_steady_concourse_a.mp4,162,8.1,14,19.1,1.41,1.12,4.73,0.048,11.0,11.4,NORMAL,NORMAL,22,112.99
seq_11_steady_concourse_a.mp4,163,8.15,14,19.1,1.41,0.84,1.3,0.086,7.5,11.5,NORMAL,NORMAL,22,121.42
seq_11_steady_concourse_a.mp4,164,8.2,14,19.1,1.04,0.91,1.65,0.074,5.9,11.6,NORMAL,NORMAL,22,123.96
seq_11_steady_concourse_a.mp4,165,8.25,14,19.1,0.97,0.9,1.46,0.042,3.9,11.8,NORMAL,NORMAL,22,122.36
seq_11_steady_concourse_a.mp4,166,8.3,14,19.1,1.24,0.8,1.43,0.048,4.4,11.9,NORMAL,NORMAL,22,118.74
seq_11_steady_concourse_a.mp4,167,8.35,14,19.1,1.31,0.9,1.35,0.03,2.6,12.0,NORMAL,NORMAL,22,127.59
seq_11_steady_concourse_a.mp4,168,8.4,14,19.1,1.28,0.86,1.29,0.088,7.5,12.0,NORMAL,NORMAL,22,122.54
seq_11_steady_concourse_a.mp4,169,8.45,14,19.2,1.42,0.92,1.23,0.058,5.3,12.2,NORMAL,NORMAL,22,120.61
seq_11_steady_concourse_a.mp4,170,8.5,14,19.1,-1.09,0.85,1.39,0.041,3.8,11.9,NORMAL,NORMAL,22,121.53
seq_11_steady_concourse_a.mp4,171,8.55,14,19.1,0.01,0.84,1.41,0.021,2.1,11.6,NORMAL,NORMAL,22,120.92
seq_11_steady_concourse_a.mp4,172,8.6,14,19.2,0.12,0.9,1.47,0.051,5.0,11.5,NORMAL,NORMAL,22,121.75
seq_11_steady_concourse_a.mp4,173,8.65,14,19.2,0.09,0.82,1.28,0.066,5.9,11.3,NORMAL,NORMAL,22,130.02
seq_11_steady_concourse_a.mp4,174,8.7,14,19.3,0.19,0.9,1.31,0.035,3.2,11.2,NORMAL,NORMAL,22,123.78
seq_11_steady_concourse_a.mp4,175,8.75,14,19.3,0.17,0.91,1.61,0.058,5.5,11.1,NORMAL,NORMAL,22,127.94
seq_11_steady_concourse_a.mp4,176,8.8,12,18.0,-1.05,1.14,5.85,0.089,19.5,10.8,NORMAL,NORMAL,22,119.92
seq_11_steady_concourse_a.mp4,177,8.85,12,18.1,-1.03,0.88,1.44,0.068,5.8,10.5,NORMAL,NORMAL,22,124.5
seq_11_steady_concourse_a.mp4,178,8.9,12,18.1,-1.14,0.91,1.63,0.019,1.6,10.5,NORMAL,NORMAL,22,120.01
seq_11_steady_concourse_a.mp4,179,8.95,12,18.1,-1.04,0.92,1.42,0.03,3.0,10.5,NORMAL,NORMAL,22,115.85
seq_11_steady_concourse_a.mp4,180,9.0,12,18.0,-1.08,0.89,1.42,0.019,1.9,10.5,NORMAL,NORMAL,22,124.09
seq_11_steady_concourse_a.mp4,181,9.05,12,18.0,-1.13,0.87,1.32,0.074,6.5,10.5,NORMAL,NORMAL,22,127.79
seq_11_steady_concourse_a.mp4,182,9.1,12,17.1,-2.06,1.06,2.87,0.057,9.6,10.5,NORMAL,NORMAL,22,127.12
seq_11_steady_concourse_a.mp4,183,9.15,11,13.7,-5.56,0.81,1.26,0.012,1.1,10.5,NORMAL,NORMAL,22,128.05
seq_11_steady_concourse_a.mp4,184,9.2,12,17.1,-2.17,0.92,1.68,0.089,7.5,10.5,NORMAL,NORMAL,22,137.76
seq_11_steady_concourse_a.mp4,185,9.25,12,17.0,-1.02,0.83,1.14,0.06,5.3,10.4,NORMAL,NORMAL,22,127.04
seq_11_steady_concourse_a.mp4,186,9.3,11,13.6,-4.44,0.94,1.76,0.042,3.9,10.3,NORMAL,NORMAL,22,122.78
seq_11_steady_concourse_a.mp4,187,9.35,11,13.6,-4.46,0.91,1.36,0.069,6.3,10.3,NORMAL,NORMAL,22,126.54
seq_11_steady_concourse_a.mp4,188,9.4,11,13.6,-4.43,0.89,1.44,0.063,6.3,10.2,NORMAL,NORMAL,22,124.06
seq_11_steady_concourse_a.mp4,189,9.45,11,15.8,-2.26,1.6,12.23,0.078,21.8,10.3,NORMAL,NORMAL,22,123.56
seq_11_steady_concourse_a.mp4,190,9.5,11,15.8,-2.26,0.85,1.37,0.083,7.0,10.3,NORMAL,NORMAL,22,118.75
seq_11_steady_concourse_a.mp4,191,9.55,11,15.8,-1.37,0.91,1.6,0.026,2.4,10.3,NORMAL,NORMAL,22,120.82
seq_11_steady_concourse_a.mp4,192,9.6,11,15.8,2.05,0.9,1.46,0.034,3.6,10.2,NORMAL,NORMAL,22,132.44
seq_11_steady_concourse_a.mp4,193,9.65,11,15.8,-1.33,0.94,1.53,0.034,2.8,10.2,NORMAL,NORMAL,22,119.79
seq_11_steady_concourse_a.mp4,194,9.7,12,17.2,0.19,1.25,8.04,0.086,17.8,10.3,NORMAL,NORMAL,22,117.1
seq_11_steady_concourse_a.mp4,195,9.75,13,18.6,4.96,1.27,9.96,0.043,5.8,10.4,NORMAL,NORMAL,22,127.59
seq_11_steady_concourse_a.mp4,196,9.8,13,18.6,4.92,0.94,1.44,0.066,6.2,10.4,NORMAL,NORMAL,22,119.11
seq_11_steady_concourse_a.mp4,197,9.85,13,18.6,4.94,0.91,1.43,0.012,1.0,11.0,NORMAL,NORMAL,22,129.35
seq_11_steady_concourse_a.mp4,198,9.9,13,18.5,2.77,0.79,1.19,0.018,1.7,11.6,NORMAL,NORMAL,22,113.46
seq_11_steady_concourse_a.mp4,199,9.95,13,18.6,2.81,0.95,1.38,0.054,5.1,12.1,NORMAL,NORMAL,22,124.23
seq_12_steady_concourse_b.mp4,0,0.0,15,20.8,5.07,7.22,17.54,0.69,63.1,14.3,NORMAL,NORMAL,22,124.47
seq_12_steady_concourse_b.mp4,1,0.05,15,20.6,4.87,0.92,1.56,0.828,81.4,15.1,NORMAL,NORMAL,22,121.55
seq_12_steady_concourse_b.mp4,2,0.1,14,20.1,4.37,0.95,1.57,0.777,77.2,15.6,NORMAL,NORMAL,22,124.09
seq_12_steady_concourse_b.mp4,3,0.15,14,19.8,2.59,1.0,1.48,0.851,89.2,16.1,NORMAL,NORMAL,22,122.76
seq_12_steady_concourse_b.mp4,4,0.2,16,22.3,3.69,0.9,1.44,0.878,86.7,16.1,NORMAL,NORMAL,22,118.33
seq_12_steady_concourse_b.mp4,5,0.25,16,22.3,3.71,0.91,1.46,0.814,80.3,16.2,NORMAL,NORMAL,22,124.63
seq_12_steady_concourse_b.mp4,6,0.3,16,22.3,3.69,0.88,1.27,0.872,90.5,16.6,NORMAL,NORMAL,22,122.16
seq_12_steady_concourse_b.mp4,7,0.35,16,22.4,3.86,0.92,1.51,0.852,87.2,17.2,NORMAL,NORMAL,22,127.66
seq_12_steady_concourse_b.mp4,8,0.4,17,22.3,3.67,0.94,1.68,0.829,85.6,18.4,NORMAL,NORMAL,22,126.7
seq_12_steady_concourse_b.mp4,9,0.45,17,22.2,1.36,0.95,1.58,0.817,81.3,15.3,NORMAL,NORMAL,22,115.53
seq_12_steady_concourse_b.mp4,10,0.5,17,22.5,1.84,0.92,1.72,0.907,91.0,15.1,NORMAL,NORMAL,22,128.99
seq_12_steady_concourse_b.mp4,11,0.55,17,22.7,2.56,0.99,1.7,0.861,87.1,15.0,NORMAL,NORMAL,22,121.41
seq_12_steady_concourse_b.mp4,12,0.6,16,23.4,3.55,0.92,1.52,0.833,86.6,15.4,NORMAL,NORMAL,22,126.55
seq_12_steady_concourse_b.mp4,13,0.65,16,23.5,1.2,0.89,1.54,0.805,71.6,15.8,NORMAL,NORMAL,22,118.05
seq_12_steady_concourse_b.mp4,14,0.7,17,24.0,1.77,0.95,1.56,0.827,83.6,16.3,NORMAL,NORMAL,22,115.28
seq_12_steady_concourse_b.mp4,15,0.75,16,26.3,4.03,0.97,1.55,0.744,72.7,16.7,NORMAL,NORMAL,22,119.41
seq_12_steady_concourse_b.mp4,16,0.8,16,26.3,3.86,0.95,1.61,0.871,90.4,17.3,NORMAL,NORMAL,22,120.14
seq_12_steady_concourse_b.mp4,17,0.85,16,26.2,3.97,0.9,1.41,0.797,76.0,17.8,NORMAL,NORMAL,22,133.57
seq_12_steady_concourse_b.mp4,18,0.9,16,26.2,3.99,0.9,1.57,0.896,92.1,18.4,NORMAL,NORMAL,22,117.58
seq_12_steady_concourse_b.mp4,19,0.95,16,26.1,3.67,0.93,1.46,0.775,77.7,19.0,NORMAL,NORMAL,22,119.24
seq_12_steady_concourse_b.mp4,20,1.0,16,26.1,3.44,0.94,1.59,0.893,91.3,19.6,NORMAL,NORMAL,22,144.89
seq_12_steady_concourse_b.mp4,21,1.05,16,26.1,2.77,0.92,1.5,0.794,77.6,20.1,NORMAL,NORMAL,22,122.1
seq_12_steady_concourse_b.mp4,22,1.1,18,23.7,0.22,0.82,1.37,0.823,81.2,20.5,NORMAL,NORMAL,22,124.27
seq_12_steady_concourse_b.mp4,23,1.15,18,23.5,-0.54,0.99,1.6,0.814,77.7,20.9,NORMAL,NORMAL,22,127.61
seq_12_steady_concourse_b.mp4,24,1.2,18,23.3,-2.95,0.92,1.4,0.913,93.3,21.3,NORMAL,NORMAL,22,124.42
seq_12_steady_concourse_b.mp4,25,1.25,18,23.1,-3.17,0.86,1.38,0.839,84.4,21.6,NORMAL,NORMAL,22,114.8
seq_12_steady_concourse_b.mp4,26,1.3,18,22.9,-3.36,0.96,1.48,0.844,80.8,21.8,NORMAL,NORMAL,22,119.65
seq_12_steady_concourse_b.mp4,27,1.35,17,21.7,-4.53,1.31,7.92,0.83,80.3,22.2,NORMAL,NORMAL,22,124.95
seq_12_steady_concourse_b.mp4,28,1.4,17,21.7,-4.44,0.85,1.41,0.846,86.1,22.7,NORMAL,NORMAL,22,118.15
seq_12_steady_concourse_b.mp4,29,1.45,17,21.7,-4.44,0.99,1.52,0.891,85.7,23.3,NORMAL,NORMAL,22,119.85
seq_12_steady_concourse_b.mp4,30,1.5,17,21.7,-4.46,1.0,1.55,0.868,84.7,23.9,NORMAL,NORMAL,22,122.98
seq_12_steady_concourse_b.mp4,31,1.55,17,21.7,-2.04,0.9,1.33,0.88,89.8,24.6,NORMAL,NORMAL,22,125.75
seq_12_steady_concourse_b.mp4,32,1.6,17,21.7,-1.8,0.98,1.52,0.908,88.2,25.2,NORMAL,NORMAL,22,129.4
seq_12_steady_concourse_b.mp4,33,1.65,17,21.9,-1.48,0.97,1.64,0.852,93.8,25.7,NORMAL,NORMAL,22,125.59
seq_12_steady_concourse_b.mp4,34,1.7,17,21.9,-1.17,0.98,1.59,0.921,96.0,26.5,NORMAL,NORMAL,22,127.11
seq_12_steady_concourse_b.mp4,35,1.75,17,22.0,-0.86,0.94,1.55,0.783,72.2,26.9,NORMAL,NORMAL,22,135.43
seq_12_steady_concourse_b.mp4,36,1.8,17,22.1,0.48,1.02,1.69,0.919,96.7,27.3,NORMAL,NORMAL,22,126.0
seq_12_steady_concourse_b.mp4,37,1.85,17,22.2,0.5,0.96,1.72,0.86,87.2,27.5,NORMAL,NORMAL,22,120.86
seq_12_steady_concourse_b.mp4,38,1.9,17,22.3,0.63,0.96,1.5,0.81,77.5,28.1,NORMAL,NORMAL,22,119.11
seq_12_steady_concourse_b.mp4,39,1.95,17,22.5,0.84,0.94,1.54,0.795,80.8,28.5,NORMAL,NORMAL,22,121.09
seq_12_steady_concourse_b.mp4,40,2.0,17,22.6,0.9,0.97,1.64,0.935,90.9,29.0,NORMAL,NORMAL,22,132.5
seq_12_steady_concourse_b.mp4,41,2.05,17,22.6,0.9,0.98,1.71,0.84,77.8,29.5,NORMAL,NORMAL,22,133.55
seq_12_steady_concourse_b.mp4,42,2.1,18,22.7,0.87,0.99,1.51,0.824,84.9,30.1,NORMAL,NORMAL,22,127.76
seq_12_steady_concourse_b.mp4,43,2.15,18,22.9,0.94,0.93,1.44,0.833,81.9,30.7,NORMAL,NORMAL,22,123.02
seq_12_steady_concourse_b.mp4,44,2.2,18,22.9,0.92,0.92,1.6,0.804,81.4,31.3,WARNING,NORMAL,22,126.27
seq_12_steady_concourse_b.mp4,45,2.25,18,23.0,0.89,0.95,1.57,0.828,82.9,31.8,WARNING,NORMAL,22,124.18
seq_12_steady_concourse_b.mp4,46,2.3,18,23.1,0.87,0.98,1.65,0.849,83.0,32.4,WARNING,NORMAL,22,121.49
seq_12_steady_concourse_b.mp4,47,2.35,18,23.1,0.75,0.91,1.4,0.858,87.0,32.8,WARNING,NORMAL,22,114.12
seq_12_steady_concourse_b.mp4,48,2.4,18,23.1,0.6,0.99,1.51,0.802,81.6,33.3,WARNING,NORMAL,22,128.09
seq_12_steady_concourse_b.mp4,49,2.45,17,22.5,-0.05,2.26,30.68,0.872,37.9,34.7,WARNING,NORMAL,22,122.82
seq_12_steady_concourse_b.mp4,50,2.5,16,22.9,0.26,0.92,1.32,0.851,88.3,35.1,WARNING,NORMAL,22,121.32
seq_12_steady_concourse_b.mp4,51,2.55,15,22.9,0.12,0.97,1.56,0.718,73.2,35.5,WARNING,NORMAL,22,123.29
seq_12_steady_concourse_b.mp4,52,2.6,16,22.3,-0.56,0.93,1.46,0.859,85.5,36.0,WARNING,NORMAL,22,124.95
seq_12_steady_concourse_b.mp4,53,2.65,15,21.9,-0.99,0.93,1.46,0.741,76.7,36.4,WARNING,NORMAL,22,125.49
seq_12_steady_concourse_b.mp4,54,2.7,15,21.8,-1.21,0.97,1.45,0.848,86.8,36.9,WARNING,NORMAL,22,127.46
seq_12_steady_concourse_b.mp4,55,2.75,15,21.6,-1.44,0.96,1.49,0.851,82.3,37.4,WARNING,NORMAL,22,150.13
seq_12_steady_concourse_b.mp4,56,2.8,15,21.5,-1.61,0.95,1.55,0.764,77.7,37.9,WARNING,NORMAL,22,144.68
seq_12_steady_concourse_b.mp4,57,2.85,15,21.5,-1.55,0.93,1.34,0.815,81.0,38.4,WARNING,NORMAL,22,133.96
seq_12_steady_concourse_b.mp4,58,2.9,16,21.9,-0.67,0.96,1.63,0.853,85.0,37.9,WARNING,NORMAL,22,133.56
seq_12_steady_concourse_b.mp4,59,2.95,16,21.9,-0.93,0.95,1.37,0.782,80.7,38.4,WARNING,NORMAL,22,120.15
seq_12_steady_concourse_b.mp4,60,3.0,16,22.0,-0.85,0.96,1.67,0.808,82.6,38.9,WARNING,NORMAL,22,127.8
seq_12_steady_concourse_b.mp4,61,3.05,16,22.0,-0.28,0.87,1.49,0.921,92.7,39.4,WARNING,NORMAL,22,128.91
seq_12_steady_concourse_b.mp4,62,3.1,16,22.1,0.13,0.95,1.56,0.745,74.3,39.8,WARNING,NORMAL,22,129.29
seq_12_steady_concourse_b.mp4,63,3.15,16,22.3,0.44,0.97,1.73,0.813,86.2,40.3,WARNING,NORMAL,22,114.41
seq_12_steady_concourse_b.mp4,64,3.2,16,22.4,0.75,0.95,1.43,0.893,88.7,40.9,WARNING,NORMAL,22,126.9
seq_12_steady_concourse_b.mp4,65,3.25,16,22.4,0.92,0.98,1.68,0.715,66.3,41.3,WARNING,NORMAL,22,145.42
seq_12_steady_concourse_b.mp4,66,3.3,16,22.5,1.0,0.91,1.46,0.771,80.0,41.8,WARNING,NORMAL,22,146.19
seq_12_steady_concourse_b.mp4,67,3.35,15,22.3,0.45,0.96,1.72,0.765,70.5,42.3,WARNING,NORMAL,22,151.46
seq_12_steady_concourse_b.mp4,68,3.4,15,21.0,-0.98,1.43,13.92,0.84,69.8,43.1,WARNING,NORMAL,22,133.79
seq_12_steady_concourse_b.mp4,69,3.45,15,21.1,-0.9,1.01,1.64,0.706,68.5,43.5,WARNING,NORMAL,22,132.58
seq_12_steady_concourse_b.mp4,70,3.5,15,21.1,-0.96,0.98,1.8,0.774,73.4,44.1,WARNING,NORMAL,22,125.66
seq_12_steady_concourse_b.mp4,71,3.55,15,21.1,-0.95,0.94,1.55,0.789,80.1,44.6,WARNING,NORMAL,22,116.76
seq_12_steady_concourse_b.mp4,72,3.6,15,21.2,-1.05,0.97,1.64,0.78,78.3,45.0,WARNING,NORMAL,22,119.52
seq_12_steady_concourse_b.mp4,73,3.65,16,21.6,-0.76,0.92,1.44,0.762,69.3,45.4,WARNING,NORMAL,22,113.15
seq_12_steady_concourse_b.mp4,74,3.7,16,21.7,-0.72,0.95,1.45,0.776,74.1,45.9,WARNING,NORMAL,22,112.92
seq_12_steady_concourse_b.mp4,75,3.75,17,21.6,-0.98,0.93,1.33,0.764,80.7,46.4,WARNING,NORMAL,22,118.39
seq_12_steady_concourse_b.mp4,76,3.8,17,21.5,-0.79,0.96,1.51,0.888,88.4,46.8,WARNING,NORMAL,22,113.37
seq_12_steady_concourse_b.mp4,77,3.85,17,21.5,0.57,0.92,1.37,0.72,73.2,46.9,WARNING,NORMAL,22,114.28
seq_12_steady_concourse_b.mp4,78,3.9,17,21.6,0.48,1.0,1.6,0.757,79.7,47.3,WARNING,NORMAL,22,115.85
seq_12_steady_concourse_b.mp4,79,3.95,17,21.6,0.55,0.93,1.44,0.864,81.8,47.8,WARNING,NORMAL,22,115.92
seq_12_steady_concourse_b.mp4,80,4.0,17,21.7,0.58,0.83,1.46,0.829,79.6,48.3,WARNING,WARNING,22,119.27
seq_12_steady_concourse_b.mp4,81,4.05,18,22.8,1.6,1.28,11.88,0.798,54.8,48.7,WARNING,WARNING,23,121.68
seq_12_steady_concourse_b.mp4,82,4.1,18,22.8,1.19,0.8,1.34,0.664,61.3,49.2,WARNING,WARNING,23,114.45
seq_12_steady_concourse_b.mp4,83,4.15,18,22.9,1.21,0.85,1.33,0.873,89.5,49.8,WARNING,WARNING,23,112.24
seq_12_steady_concourse_b.mp4,84,4.2,19,23.9,2.38,1.24,10.24,0.865,63.7,50.3,WARNING,WARNING,24,125.13
seq_12_steady_concourse_b.mp4,85,4.25,19,24.0,2.49,0.84,1.28,0.826,83.7,51.0,WARNING,WARNING,24,122.63
seq_12_steady_concourse_b.mp4,86,4.3,19,24.0,2.49,0.91,1.41,0.845,78.5,51.6,HIGH RISK,WARNING,24,113.47
seq_12_steady_concourse_b.mp4,87,4.35,19,24.8,3.21,0.89,2.18,0.853,88.5,52.2,HIGH RISK,WARNING,25,118.53
seq_12_steady_concourse_b.mp4,88,4.4,19,24.8,3.16,0.86,1.45,0.777,81.2,52.8,HIGH RISK,WARNING,25,118.68
seq_12_steady_concourse_b.mp4,89,4.45,18,23.3,1.64,1.43,12.82,0.82,49.8,53.7,HIGH RISK,WARNING,25,126.35
seq_12_steady_concourse_b.mp4,90,4.5,19,24.6,1.74,1.17,6.51,0.83,63.7,54.1,HIGH RISK,WARNING,26,150.47
seq_12_steady_concourse_b.mp4,91,4.55,18,23.1,0.31,1.05,4.89,0.834,88.4,54.6,HIGH RISK,WARNING,26,124.65
seq_12_steady_concourse_b.mp4,92,4.6,18,23.0,0.15,0.86,1.34,0.812,84.0,55.2,HIGH RISK,WARNING,26,109.69
seq_12_steady_concourse_b.mp4,93,4.65,18,23.1,-0.87,0.78,1.16,0.961,97.5,55.4,HIGH RISK,WARNING,27,117.64
seq_12_steady_concourse_b.mp4,94,4.7,18,23.1,-0.94,0.84,1.41,0.776,82.4,55.5,HIGH RISK,WARNING,27,115.96
seq_12_steady_concourse_b.mp4,95,4.75,18,23.0,-1.02,0.79,1.3,0.884,84.7,55.9,HIGH RISK,WARNING,27,113.22
seq_12_steady_concourse_b.mp4,96,4.8,18,24.0,-0.81,0.9,4.35,0.975,90.1,56.3,HIGH RISK,WARNING,28,111.69
seq_12_steady_concourse_b.mp4,97,4.85,17,23.5,-1.26,0.96,1.57,0.663,72.8,56.8,HIGH RISK,WARNING,28,111.4
seq_12_steady_concourse_b.mp4,98,4.9,17,23.5,0.11,0.89,1.2,0.774,79.2,57.0,HIGH RISK,WARNING,28,115.52
seq_12_steady_concourse_b.mp4,99,4.95,19,24.9,0.33,1.06,10.32,0.872,63.8,57.5,HIGH RISK,WARNING,29,109.34
seq_12_steady_concourse_b.mp4,100,5.0,19,24.4,1.28,0.89,1.78,0.793,87.1,57.5,HIGH RISK,WARNING,29,110.61
seq_12_steady_concourse_b.mp4,101,5.05,18,24.2,1.13,0.83,1.19,0.804,81.0,57.5,HIGH RISK,WARNING,29,121.21
seq_12_steady_concourse_b.mp4,102,5.1,17,25.9,2.8,0.85,1.88,0.805,82.3,57.5,HIGH RISK,WARNING,30,113.1
seq_12_steady_concourse_b.mp4,103,5.15,17,25.7,2.64,0.78,1.15,0.619,65.1,57.5,HIGH RISK,WARNING,30,120.95
seq_12_steady_concourse_b.mp4,104,5.2,17,25.6,2.57,0.82,1.33,0.727,70.7,57.6,HIGH RISK,WARNING,30,121.48
seq_12_steady_concourse_b.mp4,105,5.25,17,25.7,1.7,0.86,1.45,0.819,83.5,57.7,HIGH RISK,WARNING,31,110.22
seq_12_steady_concourse_b.mp4,106,5.3,16,23.6,0.11,1.73,19.62,0.716,37.4,57.5,HIGH RISK,WARNING,31,117.58
seq_12_steady_concourse_b.mp4,107,5.35,16,23.5,0.01,0.82,1.64,0.702,76.0,57.5,HIGH RISK,WARNING,31,117.12
seq_12_steady_concourse_b.mp4,108,5.4,18,24.8,-0.05,1.32,15.15,0.821,50.2,57.9,HIGH RISK,WARNING,32,114.03
seq_12_steady_concourse_b.mp4,109,5.45,17,23.4,-1.02,1.31,8.61,0.628,70.0,58.2,HIGH RISK,WARNING,32,124.52
seq_12_steady_concourse_b.mp4,110,5.5,17,23.3,-0.84,0.82,1.4,0.865,89.1,58.2,HIGH RISK,WARNING,32,118.62
seq_12_steady_concourse_b.mp4,111,5.55,15,21.0,-4.88,0.78,1.26,0.758,77.1,57.9,HIGH RISK,WARNING,33,114.18
seq_12_steady_concourse_b.mp4,112,5.6,16,23.0,-2.76,0.8,1.27,0.785,77.7,57.7,HIGH RISK,WARNING,33,118.86
seq_12_steady_concourse_b.mp4,113,5.65,16,22.9,-2.67,0.82,1.24,0.702,73.9,57.7,HIGH RISK,WARNING,33,123.42
seq_12_steady_concourse_b.mp4,114,5.7,16,23.6,-2.11,0.84,1.58,0.634,59.5,57.5,HIGH RISK,WARNING,34,134.33
seq_12_steady_concourse_b.mp4,115,5.75,16,23.7,0.09,0.83,1.42,0.759,76.0,56.8,HIGH RISK,WARNING,34,125.82
seq_12_steady_concourse_b.mp4,116,5.8,16,23.7,0.24,0.78,1.2,0.606,58.8,56.3,HIGH RISK,WARNING,34,116.26
seq_12_steady_concourse_b.mp4,117,5.85,16,23.8,-1.04,0.85,1.44,0.668,68.4,56.2,HIGH RISK,WARNING,35,117.5
seq_12_steady_concourse_b.mp4,118,5.9,16,22.9,-0.48,1.37,9.4,0.605,80.2,56.1,HIGH RISK,WARNING,35,124.81
seq_12_steady_concourse_b.mp4,119,5.95,16,22.9,-0.41,0.85,1.39,0.713,70.5,56.1,HIGH RISK,WARNING,35,124.71
seq_12_steady_concourse_b.mp4,120,6.0,15,22.6,1.56,1.23,10.45,0.523,35.0,55.8,HIGH RISK,WARNING,36,122.74
seq_12_steady_concourse_b.mp4,121,6.05,15,22.4,-0.54,0.81,1.26,0.431,41.9,55.5,HIGH RISK,WARNING,36,127.61
seq_12_steady_concourse_b.mp4,122,6.1,15,22.3,-0.56,0.71,1.08,0.713,74.4,55.5,HIGH RISK,WARNING,36,123.78
seq_12_steady_concourse_b.mp4,123,6.15,15,23.2,-0.34,0.82,1.72,0.553,51.9,55.3,HIGH RISK,WARNING,37,135.12
seq_12_steady_concourse_b.mp4,124,6.2,14,23.6,-0.14,0.72,1.14,0.506,51.6,55.0,HIGH RISK,WARNING,37,138.08
seq_12_steady_concourse_b.mp4,125,6.25,14,23.7,-0.06,0.71,1.58,0.454,57.2,54.8,HIGH RISK,WARNING,37,129.0
seq_12_steady_concourse_b.mp4,126,6.3,15,24.2,0.37,0.81,1.64,0.532,49.0,54.6,HIGH RISK,WARNING,38,132.93
seq_12_steady_concourse_b.mp4,127,6.35,16,23.9,1.01,0.76,1.22,0.429,38.8,54.4,HIGH RISK,WARNING,38,126.97
seq_12_steady_concourse_b.mp4,128,6.4,16,24.1,1.21,0.79,1.19,0.535,50.2,54.2,HIGH RISK,WARNING,38,134.26
seq_12_steady_concourse_b.mp4,129,6.45,16,24.0,1.47,0.8,2.18,0.401,52.8,54.0,HIGH RISK,WARNING,39,126.58
seq_12_steady_concourse_b.mp4,130,6.5,15,23.5,1.13,0.75,1.13,0.373,37.2,53.7,HIGH RISK,WARNING,39,118.18
seq_12_steady_concourse_b.mp4,131,6.55,15,23.3,1.02,0.76,1.33,0.518,46.8,53.5,HIGH RISK,WARNING,39,122.63
seq_12_steady_concourse_b.mp4,132,6.6,15,23.7,0.44,0.84,1.87,0.456,48.0,53.3,HIGH RISK,WARNING,40,124.65
seq_12_steady_concourse_b.mp4,133,6.65,15,23.5,-0.09,0.76,1.23,0.376,35.9,52.9,HIGH RISK,WARNING,40,110.68
seq_12_steady_concourse_b.mp4,134,6.7,15,23.5,-0.18,0.75,1.16,0.552,53.1,52.7,HIGH RISK,WARNING,40,118.42
seq_12_steady_concourse_b.mp4,135,6.75,15,23.6,-0.58,0.75,1.21,0.513,46.6,52.5,HIGH RISK,WARNING,41,113.45
seq_12_steady_concourse_b.mp4,136,6.8,15,23.6,-0.29,0.79,1.24,0.384,34.8,52.1,HIGH RISK,WARNING,41,119.25
seq_12_steady_concourse_b.mp4,137,6.85,13,23.5,-0.64,0.67,1.25,0.446,50.7,51.8,HIGH RISK,WARNING,41,114.07
seq_12_steady_concourse_b.mp4,138,6.9,14,24.4,0.38,0.86,2.73,0.45,47.3,51.5,HIGH RISK,WARNING,42,122.23
seq_12_steady_concourse_b.mp4,139,6.95,14,24.5,0.99,0.74,1.11,0.542,51.1,51.3,HIGH RISK,WARNING,42,130.84
seq_12_steady_concourse_b.mp4,140,7.0,14,24.3,1.0,0.76,1.25,0.346,31.7,51.0,WARNING,HIGH RISK,42,120.93
seq_12_steady_concourse_b.mp4,141,7.05,15,25.3,1.66,0.77,1.72,0.262,32.2,50.6,WARNING,HIGH RISK,43,114.65
seq_12_steady_concourse_b.mp4,142,7.1,15,25.4,1.88,0.78,1.21,0.341,30.0,50.4,WARNING,HIGH RISK,43,110.08
seq_12_steady_concourse_b.mp4,143,7.15,14,26.2,2.73,0.76,1.19,0.296,27.8,50.1,WARNING,HIGH RISK,43,108.91
seq_12_steady_concourse_b.mp4,144,7.2,14,26.8,3.2,0.85,2.29,0.294,31.8,49.9,WARNING,HIGH RISK,44,112.37
seq_12_steady_concourse_b.mp4,145,7.25,14,26.9,3.32,0.78,1.25,0.353,32.7,49.8,WARNING,HIGH RISK,44,116.16
seq_12_steady_concourse_b.mp4,146,7.3,15,25.8,2.31,0.73,1.22,0.322,30.5,49.5,WARNING,HIGH RISK,44,113.78
seq_12_steady_concourse_b.mp4,147,7.35,15,26.2,1.77,0.76,1.3,0.333,30.8,49.3,WARNING,HIGH RISK,45,109.9
seq_12_steady_concourse_b.mp4,148,7.4,15,26.2,1.67,0.76,1.24,0.264,23.3,48.9,WARNING,HIGH RISK,45,110.86
seq_12_steady_concourse_b.mp4,149,7.45,15,26.2,1.88,0.75,1.37,0.192,18.7,48.7,WARNING,HIGH RISK,45,116.15
seq_12_steady_concourse_b.mp4,150,7.5,16,27.6,2.23,0.85,2.46,0.497,49.6,48.6,WARNING,HIGH RISK,46,110.25
seq_12_steady_concourse_b.mp4,151,7.55,17,27.6,2.21,0.81,1.2,0.193,16.3,48.3,WARNING,HIGH RISK,46,109.9
seq_12_steady_concourse_b.mp4,152,7.6,17,27.7,1.46,0.69,1.27,0.418,43.0,48.0,WARNING,HIGH RISK,46,110.78
seq_12_steady_concourse_b.mp4,153,7.65,16,29.1,2.27,0.86,3.43,0.251,37.5,47.7,WARNING,HIGH RISK,47,111.19
seq_12_steady_concourse_b.mp4,154,7.7,16,29.1,2.16,0.73,1.11,0.355,33.0,47.2,WARNING,HIGH RISK,47,109.56
seq_12_steady_concourse_b.mp4,155,7.75,16,29.1,3.32,0.78,1.15,0.36,34.0,47.0,WARNING,HIGH RISK,47,112.56
seq_12_steady_concourse_b.mp4,156,7.8,16,29.4,3.19,0.78,1.22,0.186,14.8,46.6,WARNING,HIGH RISK,48,108.33
seq_12_steady_concourse_b.mp4,157,7.85,16,29.4,3.21,0.72,1.18,0.356,35.2,46.4,WARNING,HIGH RISK,48,117.27
seq_12_steady_concourse_b.mp4,158,7.9,15,29.6,3.37,0.74,1.23,0.194,21.9,46.0,WARNING,HIGH RISK,48,127.33
seq_12_steady_concourse_b.mp4,159,7.95,15,29.8,2.2,0.81,1.69,0.301,28.4,45.7,WARNING,HIGH RISK,49,119.22
seq_12_steady_concourse_b.mp4,160,8.0,15,29.9,2.37,0.71,1.28,0.407,42.2,45.5,WARNING,HIGH RISK,49,112.53
seq_12_steady_concourse_b.mp4,161,8.05,13,30.1,2.44,0.76,1.29,0.286,26.5,45.1,WARNING,HIGH RISK,49,120.88
seq_12_steady_concourse_b.mp4,162,8.1,12,25.1,-3.95,0.76,1.15,0.286,28.2,44.6,WARNING,HIGH RISK,50,115.4
seq_12_steady_concourse_b.mp4,163,8.15,12,25.1,-3.95,0.67,1.2,0.264,26.3,44.0,WARNING,HIGH RISK,50,113.76
seq_12_steady_concourse_b.mp4,164,8.2,12,25.1,-4.02,0.78,1.24,0.244,23.5,43.3,WARNING,HIGH RISK,50,136.89
seq_12_steady_concourse_b.mp4,165,8.25,13,26.1,-3.25,0.81,2.58,0.415,38.3,42.9,WARNING,HIGH RISK,51,121.1
seq_12_steady_concourse_b.mp4,166,8.3,14,26.7,-2.75,0.77,1.32,0.298,30.6,42.6,WARNING,HIGH RISK,51,115.58
seq_12_steady_concourse_b.mp4,167,8.35,14,26.7,-2.92,0.72,1.21,0.32,33.0,42.3,WARNING,HIGH RISK,51,115.59
seq_12_steady_concourse_b.mp4,168,8.4,14,26.7,-3.09,0.74,1.12,0.257,25.3,42.0,WARNING,HIGH RISK,52,111.99
seq_12_steady_concourse_b.mp4,169,8.45,14,26.9,-3.02,0.76,1.31,0.329,31.8,41.7,WARNING,HIGH RISK,52,112.92
seq_12_steady_concourse_b.mp4,170,8.5,13,26.6,-3.48,0.72,1.12,0.322,32.6,41.5,WARNING,HIGH RISK,52,111.67
seq_12_steady_concourse_b.mp4,171,8.55,14,27.9,2.82,0.8,1.91,0.301,31.0,41.2,WARNING,HIGH RISK,53,118.37
seq_12_steady_concourse_b.mp4,172,8.6,14,28.0,2.87,0.78,1.21,0.323,31.8,40.9,WARNING,HIGH RISK,53,122.96
seq_12_steady_concourse_b.mp4,173,8.65,14,28.1,3.06,0.74,1.23,0.282,28.6,40.7,WARNING,HIGH RISK,53,130.48
seq_12_steady_concourse_b.mp4,174,8.7,14,28.0,1.89,0.74,1.36,0.354,36.4,40.4,WARNING,HIGH RISK,54,125.28
seq_12_steady_concourse_b.mp4,175,8.75,14,28.1,1.41,0.73,1.21,0.223,24.2,40.0,WARNING,HIGH RISK,54,124.63
seq_12_steady_concourse_b.mp4,176,8.8,14,28.0,1.35,0.74,1.26,0.393,39.7,39.7,WARNING,HIGH RISK,54,123.07
seq_12_steady_concourse_b.mp4,177,8.85,14,28.7,2.04,0.75,1.62,0.321,33.0,39.6,WARNING,HIGH RISK,55,121.69
seq_12_steady_concourse_b.mp4,178,8.9,14,28.7,1.75,0.76,1.22,0.273,24.8,39.5,WARNING,HIGH RISK,55,123.31
seq_12_steady_concourse_b.mp4,179,8.95,14,28.6,2.01,0.74,1.15,0.308,30.1,39.4,WARNING,HIGH RISK,55,123.34
seq_12_steady_concourse_b.mp4,180,9.0,14,30.4,2.47,0.72,1.4,0.273,30.9,39.2,WARNING,HIGH RISK,56,124.8
seq_12_steady_concourse_b.mp4,181,9.05,14,30.5,2.51,0.79,1.18,0.342,33.5,39.0,WARNING,HIGH RISK,56,119.45
seq_12_steady_concourse_b.mp4,182,9.1,14,30.5,2.36,0.67,1.1,0.321,33.4,38.8,WARNING,HIGH RISK,56,114.86
seq_12_steady_concourse_b.mp4,183,9.15,14,30.8,2.81,0.78,1.33,0.301,36.1,38.5,WARNING,HIGH RISK,57,123.12
seq_12_steady_concourse_b.mp4,184,9.2,13,29.0,0.88,0.74,1.19,0.242,23.0,38.1,WARNING,HIGH RISK,57,119.45
seq_12_steady_concourse_b.mp4,185,9.25,13,29.1,1.05,0.71,1.16,0.321,33.5,37.8,WARNING,HIGH RISK,57,113.17
seq_12_steady_concourse_b.mp4,186,9.3,14,30.1,1.42,0.93,5.54,0.262,23.5,37.5,WARNING,HIGH RISK,58,115.5
seq_12_steady_concourse_b.mp4,187,9.35,14,30.1,1.41,0.74,1.15,0.25,23.3,37.0,WARNING,HIGH RISK,58,116.33
seq_12_steady_concourse_b.mp4,188,9.4,14,30.1,1.46,0.73,1.29,0.249,22.6,36.7,WARNING,HIGH RISK,58,114.25
seq_12_steady_concourse_b.mp4,189,9.45,14,30.5,0.12,0.78,1.37,0.247,28.7,36.4,WARNING,HIGH RISK,59,116.3
seq_12_steady_concourse_b.mp4,190,9.5,14,30.7,0.17,0.72,1.29,0.201,19.1,36.0,WARNING,HIGH RISK,59,117.52
seq_12_steady_concourse_b.mp4,191,9.55,15,30.6,0.15,0.74,1.18,0.227,21.1,35.5,WARNING,HIGH RISK,59,118.45
seq_12_steady_concourse_b.mp4,192,9.6,17,32.7,1.9,1.16,10.98,0.249,14.8,35.5,WARNING,HIGH RISK,60,125.27
seq_12_steady_concourse_b.mp4,193,9.65,17,32.8,3.88,0.77,1.2,0.271,25.3,35.1,WARNING,HIGH RISK,60,123.8
seq_12_steady_concourse_b.mp4,194,9.7,17,32.8,3.72,0.75,1.17,0.215,20.4,34.9,WARNING,HIGH RISK,60,125.91
seq_12_steady_concourse_b.mp4,195,9.75,18,33.7,3.56,0.78,1.8,0.208,19.3,34.4,WARNING,HIGH RISK,61,126.13
seq_12_steady_concourse_b.mp4,196,9.8,17,34.0,3.92,0.8,1.36,0.249,25.2,34.0,WARNING,HIGH RISK,61,120.24
seq_12_steady_concourse_b.mp4,197,9.85,16,33.5,3.36,0.74,1.16,0.276,26.3,33.8,WARNING,HIGH RISK,61,129.85
seq_12_steady_concourse_b.mp4,198,9.9,16,33.5,2.95,0.76,1.23,0.244,26.3,33.5,WARNING,HIGH RISK,62,133.58
seq_12_steady_concourse_b.mp4,199,9.95,16,33.3,2.61,0.77,1.29,0.22,19.1,33.3,WARNING,HIGH RISK,62,129.79
